question_id,answer_id,review_priority,candidate_type,teacher_score,reference_score_key,reference_score,teacher_minus_reference,absolute_difference,candidate_threshold,centered_residual,outlier_threshold,candidate_reasons,question_median_residual,question_systematic_bias,max_score,model_avg_score,selected_baseline_score,three_way_core_score,final_calibrated_score,route,std_dev,extraction_quality,U_E,U_S,U_R,confounds,human_decision,corrected_score,review_note,raw_text,student_image
CO_8,ANS_CO_891,P1,possible_teacher_over_score,7.0,three_way_core_score,1.6,5.4,5.4,2.5,4.6,2.13434,absolute_disagreement|within_question_outlier,0.8,False,10.0,1.6,1.6,1.6,1.6,POS,0.4714,high,0.0,0.5,0.083333,,,,,"(1)查询执行时间 = 100/50×10⁶ = 2×10⁻⁶ (S)．
总时间 = 2³²/1×10⁶ = 2³²×10⁻⁶ (S)．
∴时间比率 = 2×10⁻⁶ : 2³²×10⁻⁶ = 2⁻³¹ : 1
(2)启动时间 = 1500/50×10⁶ = .3×10⁻⁵ (S)．
处理时间 = 500/50×10⁶ = 1×10⁻⁵ (S)．
传输时间 = 4×10³/10⁶ = 4x10⁻³ (S)．
∴输入/输出比率 = 4×10⁻⁵ : 4×10⁻³ = .1 : 100．",data/csbench/student_images/CO_8/ANS_CO_891.jpg
CO_8,ANS_CO_910,P1,possible_teacher_over_score,9.0,three_way_core_score,3.66,5.34,5.34,2.5,4.54,2.13434,absolute_disagreement|within_question_outlier,0.8,False,10.0,4.6,4.6,3.66,3.66,BND,0.5893,high,0.0,0.625,0.083333,,,,,"解: (1) 查询周期100T周期 t=100×50×10⁶s=2×10⁶s 传输速率8×10⁶位每秒 磁盘传输每单位所用时间t₁=32/8×10⁶s=4×10⁻⁶s 传输时间比率为50%
(2)  t总=4kB/1MB/s=4×10⁻³s 2000个周期t₂=2000×1/(50×10⁶s)=4×10⁻⁵s 
故 (t总-t2)/t总×100%=99%",data/csbench/student_images/CO_8/ANS_CO_910.jpg
CO_8,ANS_CO_854,P1,possible_teacher_over_score,7.0,three_way_core_score,2.5,4.5,4.5,2.5,3.7,2.13434,absolute_disagreement|within_question_outlier,0.8,False,10.0,2.5,2.5,2.5,2.5,BND,0.0,high,0.25,0.0,0.25,,,,,"(1) cpu的时钟频率为50MHz，即每秒有50M个时钟周期 对于I/o查询，共需要100个时钟周期 
∴比率=100/(5×10^6)×100%=0.0002% 
(2) 每秒传输速率为1MB，每秒可送1MB/4KB=250个数据 
1500+500=2000
比率=250×2000/(5×10^6)×100%=0.01%",data/csbench/student_images/CO_8/ANS_CO_854.jpg
CO_8,ANS_CO_818,P1,possible_teacher_over_score,4.0,three_way_core_score,0.0,4.0,4.0,2.5,3.2,2.13434,absolute_disagreement|within_question_outlier,0.8,False,10.0,0.0,0.0,0.0,0.0,POS,0.0,high,0.0,0.0,0.0,,,,,"(1) ∵CPU的时钟频率为50MHz
- 每个时钟周期用时为1/50MHz=2×10⁻⁸s
查询操作用时为2×10⁻⁸×100=2×10⁻⁶s
每单位存储用时: 32B/1MB/s=32×10⁻⁶s
比率为(2×10⁻⁶s)/(32×10⁻⁶s)=1/16
(2) DMA启动时间为1500×2×10⁻⁸s=3×10⁻⁵s
DMA完成时间处理所需时间为500×2×10⁻⁸=1×10⁻⁵s
平均传输的数据所需用时为10^-3s
DMA启动处理需4 ×10⁻⁵s
将用100:101进行输入/输出操作",data/csbench/student_images/CO_8/ANS_CO_818.jpg
CO_8,ANS_CO_803,P1,possible_teacher_over_score,7.0,three_way_core_score,3.4,3.6,3.6,2.5,2.8,2.13434,absolute_disagreement|within_question_outlier,0.8,False,10.0,3.4,3.4,3.4,3.4,BND,0.6562,high,0.25,0.75,0.383333,,,,,"(1)100/(50×10^6)×100%=0.002% 
(2)传输速率1MB/s  从32位的内存单位，则为4B
 4KB/1MB/s=0.004s 
(1500+500)/(50MHZ×0.004)×100%=1%",data/csbench/student_images/CO_8/ANS_CO_803.jpg
CO_8,ANS_CO_902,P1,possible_teacher_over_score,4.0,three_way_core_score,0.4,3.6,3.6,2.5,2.8,2.13434,absolute_disagreement|within_question_outlier,0.8,False,10.0,0.4,0.4,0.4,0.4,POS,0.5893,high,0.0,0.625,0.0,,,,,"解:(1)因为采取程序查询方式
∴每传输一字需查询一次
∴h= 100/(100+50×10⁶×32/(10×8)) = 2/3 ≈66.67%
∴CPU为I/O查询的浪费时间比为66.67%
(2)DMA方式需经过预处理,数据传输,后处理.
h= (4×10³/10⁶ ×50×10⁶)/(1500+500+ 4×10³/10⁶ ×50×10⁶) = 100/101
∴CPU将以100/101的时间比率进行输入输出操作.",data/csbench/student_images/CO_8/ANS_CO_902.jpg
CO_8,ANS_CO_881,P1,possible_teacher_over_score,5.0,three_way_core_score,1.9,3.1,3.1,2.5,2.3,2.13434,absolute_disagreement|within_question_outlier,0.8,False,10.0,1.9,1.9,1.9,1.9,BND,0.5137,high,0.0,0.625,0.166667,,,,,"解:(1) Ta=100×1/(50×10⁶)s
Ta时间内传输了TaxMB/s=2B
∴Tc=32/(2×8)Ta=2Ta
∴时间比率：Ta/(Ta+Tc)≈33.3%
(2) Ta=4×10³B/(10⁶B/s)=4×10⁻³s
Tc=2000×1/(50×10⁴)=4×10⁻⁵s
∴时间比率：Ta/(Ta+Tc)≈99%",data/csbench/student_images/CO_8/ANS_CO_881.jpg
CO_8,ANS_CO_842,P1,possible_teacher_over_score,7.0,three_way_core_score,4.0,3.0,3.0,2.5,2.2,2.13434,absolute_disagreement|within_question_outlier,0.8,False,10.0,4.0,4.0,4.0,4.0,POS,0.2041,high,0.0,0.25,0.083333,,,,,"（1）t0= 100×1/50M = 2×10^-6 s
t1= 32/1×10^6 = 32×10^-6 s
∴时间比率 = t0/t1×100% = 2×10^-6/32×10^-6 ×100% = 6.25%
采用垂直查询方式，时间比率为6.25%
（2）t0 = (500+500)×1/50M = 4×10^-5 s
t1 = 4k/1M = 4×10^3/10^6 = 4×10^-3 s
∴时间比率 = t0/t1×100% = 4×10^-5/4×10^-3 = 1%
∴采用DMA方式，时间比率为1%.",data/csbench/student_images/CO_8/ANS_CO_842.jpg
CO_8,ANS_CO_867,P1,possible_teacher_over_score,8.0,three_way_core_score,5.0,3.0,3.0,2.5,2.2,2.13434,absolute_disagreement|within_question_outlier,0.8,False,10.0,5.0,5.0,5.0,5.0,POS,0.0,high,0.0,0.0,0.166667,,,,,"解：1)
每秒传 1×10^6/4B = 2.5×10^5次
共查询 2.5×10^5×100 = 2.5×10^7个周期
I/O查询花费时间比率 2.5×10^7/50×10^6×100% = 5%
(2) 4×10^3/4B = 1×10^3
1×10^3×(1500+500) = 2×10^6
2×10^6/50×10^6×100% = 4%",data/csbench/student_images/CO_8/ANS_CO_867.jpg
CO_8,ANS_CO_817,P1,possible_teacher_over_score,4.0,three_way_core_score,1.2,2.8,2.8,2.5,2.0,2.13434,absolute_disagreement,0.8,False,10.0,1.2,1.2,1.2,1.2,POS,0.0,high,0.0,0.0,0.0625,,,,,"解:
1)CPU为I/O查询所花费的时间的比率为100/(50×10^6)=0.0002% 2)由题:DMA启动需1500个时钟周期. 
完成后处理需要500个.
 ∴共需要1500+500=2000个时钟周期 
平均传输数据长度为4KB=10^3B
 磁盘传输速率为1MB/s=10^6B/s
时间比率为(2000×(10^6)/(10^3))/(50×10^6)=4%.",data/csbench/student_images/CO_8/ANS_CO_817.jpg
CO_8,ANS_CO_860,P1,possible_teacher_over_score,4.0,three_way_core_score,1.2,2.8,2.8,2.5,2.0,2.13434,absolute_disagreement,0.8,False,10.0,1.2,1.2,1.2,1.2,POS,0.0,high,0.0,0.0,0.0,,,,,"(1)每时钟频率为50MHz 即每秒能产生50M个时钟周期
直间操作率为100/50M×100%=0.0002%
(2). 每个时钟周期长度为1s/50M (f=1/T)
那么DMA方式启动时间为1500T，处理时间为500T
传输数据耗时4KB/1MB/s=4×10⁻³s
总用时为1500T+500T+4×10⁻³s=4.04×10⁻³s
时间利用率为 4.04×10⁻³s/1s ×100% = 0.404%",data/csbench/student_images/CO_8/ANS_CO_860.jpg
CO_8,ANS_CO_859,P1,possible_teacher_over_score,9.0,three_way_core_score,6.3,2.7,2.7,2.5,1.9,2.13434,absolute_disagreement,0.8,False,10.0,6.3,6.3,6.3,6.3,POS,0.1179,high,0.0,0.125,0.083333,,,,,"(11) 查询：100个时钟周期
传输速率：1MB/s  32位字 = 32/8 = 4B
1s查询次数： 1MB/4B = 25×10^5  1M=10^6
时间比率： 25×10^5×100 / 50M ×100% = 2.5×10^7 / 5×10^7 ×100% = 50%
(12) DMA以字块：
包括预处理、数据传输、后处理（忽略DMA中请求线的开销）
1s： 4KB/4B = 1000
1000×(1500+500) / 50M ×100% = 4%
CPU用4%时间比率进行输入/输出操作",data/csbench/student_images/CO_8/ANS_CO_859.jpg
CO_8,ANS_CO_835,P1,possible_teacher_over_score,10.0,three_way_core_score,7.5,2.5,2.5,2.5,1.7,2.13434,absolute_disagreement,0.8,False,10.0,7.5,7.5,7.5,7.5,POS,0.0,high,0.0,0.0,0.0,,,,,"1) 1s内需查询 1MB/4B = 2.5×10⁵次
需时钟周期 2.5×10⁵×100 = 2.5×10⁷个
刷忙率 (2.5×10⁷)/50M = .5%.
2) 1s内需处理 1MB/4KB = 250次
需时钟周期 (1500+500)×250 = 5×10⁵个
刷忙率 5×10⁵/50M = 1%.",data/csbench/student_images/CO_8/ANS_CO_835.jpg
CO_8,ANS_CO_882,P2,possible_teacher_over_score,8.0,three_way_core_score,1.3,6.7,6.7,2.5,5.9,2.13434,absolute_disagreement|within_question_outlier,0.8,False,10.0,3.3,3.3,1.3,1.3,BND,1.1785,high,0.0,1.0,0.225,a3wa_changed_score_materially|unstable_model_judgements,,,,"解:(1) f=50MHz. t=100×1/f=100/50×10^6=2×10^-6s. 
32bit=4B
t'=4/1×10^6=4×10^-6s. t/t'=2×10^-6/4×10^-6=50%. 
(2) 1500+500=2200个
4KB=4×10^3B 
t'=4×10^3/1×10^6=4×10^-3s t=4×10^3/50×10^6=8×10^-5s t/t'=8×10^-5/4×10^-3=2%",data/csbench/student_images/CO_8/ANS_CO_882.jpg
CO_8,ANS_CO_898,P2,possible_teacher_over_score,10.0,three_way_core_score,4.2,5.8,5.8,2.5,5.0,2.13434,absolute_disagreement|within_question_outlier,0.8,False,10.0,6.2,6.2,4.2,4.2,BND,1.7678,high,0.0,1.0,0.229167,a3wa_changed_score_materially|unstable_model_judgements,,,,"解:(1) 32位=4B 1MB/4B=10^6/4B=2.5×10⁵ 
比率为 2.5×10⁵×100 / 50×10⁶ ×100% =10% 
(2) 平均传输长度为4×10³B 
10⁶B / 4×10³B =2.5×10²
 2.5×10²×(1500+500)=5×10⁵ 
比率为 5×10⁵ / 50M ×100% =1%",data/csbench/student_images/CO_8/ANS_CO_898.jpg
CO_8,ANS_CO_871,P2,possible_teacher_over_score,10.0,three_way_core_score,4.5,5.5,5.5,2.5,4.7,2.13434,absolute_disagreement|within_question_outlier,0.8,False,10.0,2.5,2.5,4.5,4.5,BND,1.0206,high,0.0,1.0,0.354167,a3wa_changed_score_materially|unstable_model_judgements,,,,"(1)8×10⁶/32 = 2.5×10⁵
  2.5×10⁵×100/50×10⁶ ≠ 0.5  
(2)1500+500=2000
 1MB/4KB = 2.5×10³ 
 2.5×10³·2000/50M = 0.01",data/csbench/student_images/CO_8/ANS_CO_871.jpg
CO_8,ANS_CO_883,P2,possible_teacher_over_score,9.0,three_way_core_score,3.84,5.16,5.16,2.5,4.36,2.13434,absolute_disagreement|within_question_outlier,0.8,False,10.0,5.4,5.4,3.84,3.84,BND,1.559,high,0.0,1.0,0.25,a3wa_changed_score_materially|unstable_model_judgements,,,,"(1) 1MB/s = 8×10⁶位/s
Te = 32/(8×10⁶) = 4×10⁻⁶ s，又∵F = 50MHz = 50×10⁶Hz
m/F = Te = 4×10⁻⁶ ⇒ m = 4×10⁻⁶s×50×10⁶Hz = 200
100/200×100% = 50%，即CPU为I/O查询所花费的时间比率为50%。
(2) Te = 4KB/(1MB/s) = (4×10³B)/(10⁶B/s) = 4×10⁻³s
m = 4×10⁻³s×50×10⁶Hz = 2×10⁵；500 +1500=2000=2×10³
(2×10⁵ - 2×10³)/(2×10⁵) = 99%，用99%的时间进行输入输出操作。",data/csbench/student_images/CO_8/ANS_CO_883.jpg
CO_8,ANS_CO_914,P2,possible_teacher_over_score,5.0,three_way_core_score,0.0,5.0,5.0,2.5,4.2,2.13434,absolute_disagreement|within_question_outlier,0.8,False,10.0,0.8,0.8,0.0,0.0,BND,0.5893,low,0.5,0.625,0.583333,extraction_risk|rubric_mapping_risk,,,,"解(1) 频率为50MHz，即1s内有5×10⁷个时钟周期。
1MB/5×10⁷ = 1B/50hz
则1个单位(4B)是200个周期。
时间比为1:2。",data/csbench/student_images/CO_8/ANS_CO_914.jpg
CO_8,ANS_CO_773,P2,possible_teacher_over_score,5.0,three_way_core_score,0.1,4.9,4.9,2.5,4.1,2.13434,absolute_disagreement|within_question_outlier,0.8,False,10.0,2.1,2.1,0.1,0.1,BND,1.1785,high,0.0,1.0,0.25,a3wa_changed_score_materially|unstable_model_judgements,,,,"（1）已知查询操作用时. 1/(5×10^7)×100 = 2×10⁻⁶ s.  I/O 查询所花费时间比率为 1×10⁶/(1+2)×10⁶ = 1/3. 
（2）总时长 2000×2×10⁻⁸ = 4×10⁻⁵ s. 
传输处理时长 4×10³/10⁶ = 4×10⁻³ s. 
硬盘工作时占用 4×10⁻³/(4×10⁻³+4×10^-5) = 100/101 的时间比率进行输入输出",data/csbench/student_images/CO_8/ANS_CO_773.jpg
CO_8,ANS_CO_791,P2,possible_teacher_over_score,10.0,three_way_core_score,5.2,4.8,4.8,2.5,4.0,2.13434,absolute_disagreement|within_question_outlier,0.8,False,10.0,3.2,3.2,5.2,5.2,BND,1.0607,high,0.0,1.0,0.291667,a3wa_changed_score_materially|unstable_model_judgements,,,,"(1)32位=4B
4B/1MB/s = 4×10⁻⁶s 每传输所需时间
查询所需总时间 t = 4×10⁻⁶×100 = 4×10⁻⁴s.
CPU为I/O查询所费时间比 = (4×10⁻⁴)/(50MHz×4) = 50%
(2) 传输数据所需时间 = 4KB/1MB/s = 4×10⁻³s
DMA授耗时间 = 4×10⁻³(1500+500) = 8s
CPU消耗时间比率  = 1%",data/csbench/student_images/CO_8/ANS_CO_791.jpg
CO_8,ANS_CO_767,P2,possible_teacher_over_score,5.0,three_way_core_score,0.45,4.55,4.55,2.5,3.75,2.13434,absolute_disagreement|within_question_outlier,0.8,False,10.0,1.7,1.7,0.45,0.45,BND,0.5893,high,0.0,0.625,0.083333,a3wa_changed_score_materially,,,,"1)解: 
输入时 t₁=32bit/100MB/s =32bit/(100×10⁶×8bit/s) =4×10⁻⁸s 
输出时 t₂=100/50MHz =100/(50×10⁶Hz) =2×10⁻⁶s 
时间比率为 t₁/t₂=2×10⁻²=0.02 
2)解: DMA启动 t₁=1500/50MHz =1500/(50×10⁶Hz) =3×10⁻⁵s
 DMA处理 t₂=500/50MHz =500/(50×10⁶Hz) =1×10⁻⁵s 
传输时 t₃=4KB/1MB/s =4×10³B/(1×10⁶B/s) =4×10⁻³s 
此时时间比率为( t₁+t₃)/(t₂+t₃)=1.01",data/csbench/student_images/CO_8/ANS_CO_767.jpg
CO_8,ANS_CO_884,P2,possible_teacher_over_score,9.0,three_way_core_score,4.65,4.35,4.35,2.5,3.55,2.13434,absolute_disagreement|within_question_outlier,0.8,False,10.0,3.4,3.4,4.65,4.65,BND,1.4482,high,0.0,1.0,0.258333,a3wa_changed_score_materially|unstable_model_judgements,,,,"解:(1) F=50MHz=5×10⁷Hz. 
∴T=1/F=2×10⁻⁸s 
∴100个时钟周期 Te=100T=2×10⁻⁶s 
∵传输32位的字为单位. 即为32/8×2=8B 
∴Te'=8B/1MB=8×10⁻⁶s. ∴查询所花费的时间比率为Te/Te'=2×10⁻⁶/8×10⁻⁶=1/4=25% 
(2) T₁=1500T=3×10⁻⁵s, T₂=500T=1×10⁻⁵s. 
磁盘传输的数据为8B单位 
T'=4B/1MB=4×10⁻³s 
∴Tdma=T₁+T₂=4×10⁻⁵s 
∴时间比率为Tdma/T'=4×10⁻⁵/4×10⁻³=1%. 
即花费1%的比率进行I/O操作",data/csbench/student_images/CO_8/ANS_CO_884.jpg
CO_8,ANS_CO_770,P2,possible_teacher_over_score,10.0,three_way_core_score,5.9,4.1,4.1,2.5,3.3,2.13434,absolute_disagreement|within_question_outlier,0.8,False,10.0,7.9,7.9,5.9,5.9,BND,1.559,high,0.0,1.0,0.166667,a3wa_changed_score_materially|unstable_model_judgements,,,,解：(1). 每秒查询次数：4B/1MB/s = 0.25M. 查询周期数：0.25M×100=25M. ∴I/O查询花费的时间比率为25M/50M×100%=50%. (2)每秒T专输次数：1MB/s/4kB=0.25K 查询周期数：(1500+500)×0.25k=5×10^5 输入/输出占的时间比率：5×10^5/50M=1%.,data/csbench/student_images/CO_8/ANS_CO_770.jpg
CO_8,ANS_CO_833,P2,possible_teacher_over_score,9.0,three_way_core_score,4.95,4.05,4.05,2.5,3.25,2.13434,absolute_disagreement|within_question_outlier,0.8,False,10.0,6.2,6.2,4.95,4.95,BND,1.7678,high,0.0,1.0,0.333333,a3wa_changed_score_materially|unstable_model_judgements,,,,"(1) t₁= 32b / 1MB/s = 4×10⁻⁶s 
t₂= 100 / 50MHz = 2×10⁻⁶s 
t₂/t₁ ×100%=50%
(2) 
t₁= (1500+500) / 50MHz = 40×10⁻⁶s 
t₂= 4KB / 1MB/s = 4×10⁻³s 
100%×t₁/t₂= (40×10⁻⁶) / (4×10⁻³ )×100%=1%
 (t₂-t₁) / t₂ ×100%=99% 
需要99%",data/csbench/student_images/CO_8/ANS_CO_833.jpg
CO_8,ANS_CO_890,P2,possible_teacher_over_score,7.0,three_way_core_score,3.3,3.7,3.7,2.5,2.9,2.13434,absolute_disagreement|within_question_outlier,0.8,False,10.0,3.3,3.3,3.3,3.3,BND,2.357,high,0.0,1.0,0.375,unstable_model_judgements,,,,"(1)：cpu为I/O查询所花费的时间比率为：
(100×50MHz)÷(32/1MB/s)=1/16
(2)：进行输入/输出操作所用的时间比率：
[(1500+500)×1/50MHz]÷(4×10³/10⁶)=1/100",data/csbench/student_images/CO_8/ANS_CO_890.jpg
CO_8,ANS_CO_895,P2,possible_teacher_over_score,10.0,three_way_core_score,6.3,3.7,3.7,2.5,2.9,2.13434,absolute_disagreement|within_question_outlier,0.8,False,10.0,8.3,8.3,6.3,6.3,BND,1.1785,high,0.0,1.0,0.166667,a3wa_changed_score_materially|unstable_model_judgements,,,,"(1) CPU 1S内为I/O查询花费的时钟周期为1×10⁶/4B ×100 = 25×10⁶个. ∴所花费的时间比率为25×10⁶/50×10⁶ ×100% = 50%.
(2) 1S内DMA进行10⁶/4×10⁴ = 250次传输. 要占用(1500+500)×250 = 50×10⁶个时钟周期. 50×10⁶/50×10⁶ ×100% = 1%. ∴CPU将用1%时间比率进行输入/输出操作.",data/csbench/student_images/CO_8/ANS_CO_895.jpg
CO_8,ANS_CO_908,P2,possible_teacher_over_score,6.0,three_way_core_score,2.41,3.59,3.59,2.5,2.79,2.13434,absolute_disagreement|within_question_outlier,0.8,False,10.0,2.1,2.1,2.41,2.41,BND,1.559,high,0.0,1.0,0.166667,unstable_model_judgements,,,,"解：
1s内有50M即50×10⁶ 5×10⁷个时钟周期，进行5×10⁵次查询操作 5×10⁶/100 
查询5×10⁵×2=1×10⁶位 传输1×10⁶×8=8×10⁶位 ∴时间比率为1×10⁶/8×10⁶=1/8
 (2) 4KB/1MB = 1/250 
50M×1/250 = 2×10⁵ 
500+1500/2×10⁵ = 1/100
1 - 1/100 = 99/100 硬盘工作时CPU将用99/100比率进行输入输出操作",data/csbench/student_images/CO_8/ANS_CO_908.jpg
CO_8,ANS_CO_852,P2,possible_teacher_over_score,8.0,three_way_core_score,4.7,3.3,3.3,2.5,2.5,2.13434,absolute_disagreement|within_question_outlier,0.8,False,10.0,6.7,6.7,4.7,4.7,BND,2.357,high,0.0,1.0,0.333333,a3wa_changed_score_materially|unstable_model_judgements,,,,"（1）32位=4B
1MB/4B=2.5×10^5
时间比率=2.5×10^5×100/50×10^6=50%
（2）4KB/4B=10^3
时间比率=10^3×(1500+500)/50×10^6=4%",data/csbench/student_images/CO_8/ANS_CO_852.jpg
CO_8,ANS_CO_885,P2,possible_teacher_over_score,8.0,three_way_core_score,4.7,3.3,3.3,2.5,2.5,2.13434,absolute_disagreement|within_question_outlier,0.8,False,10.0,6.7,6.7,4.7,4.7,BND,1.1961,high,0.0,1.0,0.25,a3wa_changed_score_materially|unstable_model_judgements,,,,"(1) 设传输时间为1s
则传输数据为1MB
需要查询的时间为  (1MB×8 /32)×100 /50M =0.5s
∴时间比率为 0.5/(1+0.5)=1/3
(2) 设传输数据为1MB
则传输次数为 1MB/4kB =250次
每次所需传输时间为1/250 s
DMA的启动和处理所需时间为 (1500+500)/50M =1/25k s
∴时间比率为 (1/25k)/250 =0.01",data/csbench/student_images/CO_8/ANS_CO_885.jpg
CO_8,ANS_CO_880,P2,possible_teacher_under_score,4.0,three_way_core_score,7.2,-3.2,3.2,2.5,-4.0,2.13434,absolute_disagreement|within_question_outlier,0.8,False,10.0,9.2,9.2,7.2,7.2,BND,3.118,high,0.0,1.0,0.279167,a3wa_changed_score_materially|unstable_model_judgements,,,,"(1)1MB/s = 8×10⁶位/s
32/(8×10⁶) = 4×10⁻⁶s
Te: m/F = 100/(50×10⁶) = 2×10⁻⁶s
2×10⁻⁶/(2×10⁻⁶+4×10⁻⁶) = 1/3
(2)(1500+500)/(50×10⁶) = 4×10⁻⁵s
4KB/1MB/s = 4×10⁻³s
4×10⁻⁵/(4×10⁻³+4×10⁻³) = 1/101",data/csbench/student_images/CO_8/ANS_CO_880.jpg
CO_8,ANS_CO_858,P2,possible_teacher_over_score,10.0,three_way_core_score,6.92,3.08,3.08,2.5,2.28,2.13434,absolute_disagreement|within_question_outlier,0.8,False,10.0,8.8,8.8,6.92,6.92,BND,1.0206,high,0.0,1.0,0.125,a3wa_changed_score_materially|unstable_model_judgements,,,,"解(1) 32位=4B
1MB/s/4B=2.5×10^5M/s
h= (2.5×10^5M/s×100)/500MHz ×100%
= 50% 时间比率 50%
(2) 1MB/s/4KB=2.5×10^2个/S
h= 2.5×10^2×(1000+500)/50MHz ×100%
= 1% 
时间比率
CPU用1%进行输入/输出",data/csbench/student_images/CO_8/ANS_CO_858.jpg
CO_8,ANS_CO_820,P2,possible_teacher_over_score,3.0,three_way_core_score,0.0,3.0,3.0,2.5,2.2,2.13434,absolute_disagreement|within_question_outlier,0.8,False,10.0,1.2,1.2,0.0,0.0,BND,1.0206,high,0.0,1.0,0.229167,a3wa_changed_score_materially|unstable_model_judgements,,,,"解:(1) (1×10⁶)/(50×10⁶×100) = 1/(5×10³)
(2) 4K/(2000×50M) = (4×10³)/(2×10³×50×10⁶) = 4/(1×10⁸)",data/csbench/student_images/CO_8/ANS_CO_820.jpg
CO_8,ANS_CO_862,P2,possible_teacher_over_score,3.0,three_way_core_score,0.0,3.0,3.0,2.5,2.2,2.13434,absolute_disagreement|within_question_outlier,0.8,False,10.0,0.0,0.0,0.0,0.0,BND,0.0,low,0.5,0.0,0.5,extraction_risk|rubric_mapping_risk,,,,"解(1)t=50MB=5×10^7B=2:0: 每秒传输速率为：1MB=10^6 B/s.  ∴花费的时间比率为：10^6/(5×10^7)×100%=2%.
(2)",data/csbench/student_images/CO_8/ANS_CO_862.jpg
CO_8,ANS_CO_876,P2,possible_teacher_over_score,5.0,three_way_core_score,2.1,2.9,2.9,2.5,2.1,2.13434,absolute_disagreement,0.8,False,10.0,2.1,2.1,2.1,2.1,BND,1.1785,high,0.0,1.0,0.083333,unstable_model_judgements,,,,"(1) 由f=50MHz
设1秒内CPU时钟周期为m
∴ 时钟周期数=ft=50Mhz·1s=5×10⁷
η时间效率=100/(5×10⁷)=0.00025%
(2)
t传输=4KB/1MB/s=0.004s
m传输周期数:t·f=2×10⁵
η时间效率=2×10⁵/(1500+500+2×10⁵)≈98%",data/csbench/student_images/CO_8/ANS_CO_876.jpg
CO_8,ANS_CO_894,P2,possible_teacher_over_score,5.0,three_way_core_score,2.1,2.9,2.9,2.5,2.1,2.13434,absolute_disagreement,0.8,False,10.0,2.1,2.1,2.1,2.1,BND,1.1961,high,0.0,1.0,0.083333,unstable_model_judgements,,,,"(1)查均操作花费100个时钟周期. 耗时100/(5*10^7)=2x10⁻⁴ s
时钟周期长度为2×10⁻⁶s
传输:4B/1MB/s=4×10⁻⁶s
时间比率为 4×10⁻⁶/(2×10⁻⁴)x100%=2%
(2)启动耗1500×2×10⁻⁶=3×10⁻³s
处理耗时500×2×10⁻⁶=1×10⁻³s
输入/出:4kB/4MB/s=1×10⁻³s
时间比率为1×10⁻³s/(3×10⁻³s+1×10⁻³s)×100%=25%",data/csbench/student_images/CO_8/ANS_CO_894.jpg
CO_8,ANS_CO_828,P2,possible_teacher_over_score,8.0,three_way_core_score,5.26,2.74,2.74,2.5,1.94,2.13434,absolute_disagreement,0.8,False,10.0,6.2,6.2,5.26,5.26,BND,1.0206,high,0.0,1.0,0.166667,unstable_model_judgements,,,,"(1) 1MB/s / 32bit = 1MB/s / 4B = 2.5×10^5 字/s
 ∴ 一个字需 1 / (2.5×10^5 s)
 而查询需 100 / 50×10^6 = 1 / 5×10^5 s 
∴ 比率为 1/(5×10^5 s ) / 1/(2.5×10^5 s ) = 50%
 (2) 由(1)得 平均传输 4KB / 1MB = 4×10^-3 s 启动时间：1500 / 50×10^6 = 3×10^-5 s 处理时间：500 / 50×10^6 = 10^-5 s
 ∴ 比率 = (4×10^-3 s + 3×10^-5 s + 10^-5 s) / 1s = 0.404%",data/csbench/student_images/CO_8/ANS_CO_828.jpg
CO_8,ANS_CO_841,P2,possible_teacher_over_score,7.0,three_way_core_score,4.5,2.5,2.5,2.5,1.7,2.13434,absolute_disagreement,0.8,False,10.0,4.5,4.5,4.5,4.5,BND,1.472,high,0.0,1.0,0.083333,unstable_model_judgements,,,,1W=2B 1/s内：1/T=50M个时钟周期. 32×2B=64B. 1s传输1MB. 1MB/64B=10^6/64=5^6次. 直询操作为5^6×100个时钟周期. (5^6×100)/50M ×100%=3.125%. 在DMA方式的处理中，CPU只需要处理DMA启动以及完成后的操作. 即1500+500=2000个时钟周期. 4KB/64B=64/2次. 1s内传输1MB，1MB/4KB=250次. 250×2000=500000=5×10^5个时钟周期. (5×10^5)/50M ×100%=1%.,data/csbench/student_images/CO_8/ANS_CO_841.jpg
CO_9,ANS_CO_1017,P1,possible_teacher_over_score,7.0,three_way_core_score,0.0,7.0,7.0,3.75,6.5,3.75,absolute_disagreement|within_question_outlier,0.5,False,15.0,0.0,0.0,0.0,0.0,POS,0.0,high,0.0,0.0,0.3,,,,,"(1) 64K×16 / 4K×16 = 16片
 64K×16 / 8K×16 = 8片 
故需 ROM 16片 
RAM 8片
 (2)  CS一 端与译码器相连, 另一端与 ROM 和 RAM 芯片相连 3-8 译码器, 分两组, 有 CS₁, CS₂, CS₃, CS₄",data/csbench/student_images/CO_9/ANS_CO_1017.jpg
CO_9,ANS_CO_943,P1,possible_teacher_under_score,9.0,three_way_core_score,15.0,-6.0,6.0,3.75,-6.5,3.75,absolute_disagreement|within_question_outlier,0.5,False,15.0,15.0,15.0,15.0,15.0,POS,0.0,high,0.0,0.0,0.066667,,,,,"低8K位字采用ROM
2片 4*16的 ROM
7片 8*16的 RAM

ROM1  CS1（上划线）
ROM2  CS1（上划线）
RAM1  CS2（上划线）
RAM2  CS3（上划线）
RAM3  CS4（上划线）
RAM4  CS5（上划线）
RAM5  CS6（上划线）
RAM6  CS7（上划线）
RAM7  CS8（上划线）",data/csbench/student_images/CO_9/ANS_CO_943.jpg
CO_9,ANS_CO_981,P1,possible_teacher_over_score,6.0,three_way_core_score,0.0,6.0,6.0,3.75,5.5,3.75,absolute_disagreement|within_question_outlier,0.5,False,15.0,1.2,1.2,0.0,0.0,BND,0.8498,high,0.0,0.666667,0.133333,,,,,"解(a)由题意得 Rom与RAM为2:1.
(2×4k·a +8ka)/6k·=1 => a=4
则 4k×16 Rom 8块，8k×16 RAM 4块
(b) Rom1. Rom2. Rom1: CS1:000
Rom3. Rom4 RAM2 CS2:001
Rom5. Rom6 RAM3 CS3:010
Rom7. Rom8 RAM4 CS4:100",data/csbench/student_images/CO_9/ANS_CO_981.jpg
CO_9,ANS_CO_1009,P1,possible_teacher_over_score,11.0,three_way_core_score,6.0,5.0,5.0,3.75,4.5,3.75,absolute_disagreement|within_question_outlier,0.5,False,15.0,6.0,6.0,6.0,6.0,POS,0.0,high,0.0,0.0,0.0,,,,,"解: (1) 8k×16位 / 4k×16位 = 2片(ROM) 56k×16位 / 8k×16位 = 7片(RAM) 
∴需2片4k×16位的ROM 7片8k×16位的RAM 
(2) 片选 
地址表如表所示
ROM1: A15 A13 A14 A15 
ROM2: A15 A11 A13 A14 A15 A15 A14 A13 A12 
RAM1: A13 A14 A15 A15 A13 A14 A13 
RAM2: A13 A14 A15 A15 A15 A14 A13 
RAM3: A13 A15 A15 A14 A14 
RAM4: A15 A14 A15 
RAM5: A15 A14 A13 
RAM6: A15 A14 A13 
RAM7: A15 A14 A13",data/csbench/student_images/CO_9/ANS_CO_1009.jpg
CO_9,ANS_CO_1030,P1,possible_teacher_over_score,8.0,three_way_core_score,3.0,5.0,5.0,3.75,4.5,3.75,absolute_disagreement|within_question_outlier,0.5,False,15.0,3.0,3.0,3.0,3.0,POS,0.0,high,0.0,0.0,0.0,,,,,"解(1)ROM: 8K/4K ×16/16=2
RAM: 8K/8K ×16/16=1
∴ ROM芯片需要2片
RAM芯片需要1片
(2)
ROM:4K=2¹² RAM:8K=2¹³
其结合如图所示
RAM的片选信号非CS = 非Y₁
ROM的片选信号非CS₁ =非Y₀ + A₁₂
ROM₂的片选信号非CS₂ = 非Y₀ + 非A₁₂",data/csbench/student_images/CO_9/ANS_CO_1030.jpg
CO_9,ANS_CO_931,P1,possible_teacher_under_score,10.0,three_way_core_score,15.0,-5.0,5.0,3.75,-5.5,3.75,absolute_disagreement|within_question_outlier,0.5,False,15.0,15.0,15.0,15.0,15.0,POS,0.0,high,0.0,0.0,0.0,,,,,"1.
(8K×16)/(4K×16)=2
(64K×8×16－8K×16)/(8K×16)=7
∴需要9个

2.
ROM1=取反(CS1)+取反(CS2)+取反(CS3)+取反(CS4)
RAM1=CS1+取反(CS2)+取反(CS3)+取反(CS4)
RAM2=CS1+取反(CS2)+取反(CS3)+CS4
RAM3=CS1+取反(CS2)+CS3+取反(CS4)
RAM4=CS1+取反(CS2)+CS3+CS4
RAM5=CS1+CS2+取反(CS3)+取反(CS4)
RAM6=CS1+CS2+取反(CS3)+CS4
RAM7=CS1+CS2+CS3+取反(CS4)
ROM2=取反(CS1)+取反(CS2)+取反(CS3)+CS4",data/csbench/student_images/CO_9/ANS_CO_931.jpg
CO_9,ANS_CO_969,P1,possible_teacher_under_score,9.0,three_way_core_score,13.7,-4.7,4.7,3.75,-5.2,3.75,absolute_disagreement|within_question_outlier,0.5,False,15.0,13.7,13.7,13.7,13.7,POS,0.2357,high,0.0,0.166667,0.0,,,,,"2. 1)
ROM: (8k×16)/(4k×16) = 2

64 -8 = 56 kW
RAM: (56 k×16)/(8k×16) = 7

2)
ROM1: 0000~0FFF
ROM2: 1000~1FFF

RAM1: 2000~3FFF
RAM2: 4000~5FFF
RAM3: 6000~7FFF
RAM4: 8000~9FFF
RAM5: A000~BFFF
RAM6: C000~DFFF
RAM7: D000~EFFF",data/csbench/student_images/CO_9/ANS_CO_969.jpg
CO_9,ANS_CO_962,P1,possible_teacher_under_score,10.0,three_way_core_score,14.5,-4.5,4.5,3.75,-5.0,3.75,absolute_disagreement|within_question_outlier,0.5,False,15.0,14.5,14.5,14.5,14.5,BND,0.7071,high,0.0,0.5,0.133333,,,,,"8K×16 / 4K×16 = 2；需2片ROM

(64K-8K)×16 / 8K×16 = 56K×16 / 8K×16 = 7；需7片RAM

(2)
编号  地址        A15~A12
ROM1  0000~0FFF   0000
ROM2  1000~1FFF   0001
RAM1  2000~3FFF   0010
                   0011
RAM2  4000~5FFF   0100
                   0101
RAM3  6000~7FFF   0110
                   0111
RAM4  8000~9FFF   1000
                   1001
RAM5  A000~BFFF   1010
                   1011
RAM6  C000~DFFF   1100
                   1101
RAM7  E000~FFFF   1110
                   1111

∴A14、A13、A12连3-8译码器的ABC端
ROM1片选信号 CS1=取反(A15)·取反(Y0)
ROM2片选信号 CS2=取反(A15)·取反(Y1)
RAM1片选信号 CS3=取反(A15)·取反(Y2)+取反(A15)·取反(Y3)
RAM2片选信号 CS4=取反(A15)·(取反(Y4)+取反(Y5))
RAM3片选信号 CS5=取反(A15)(取反(Y6)+取反(Y7))，CS6=A15(取反(Y0)+取反(Y1))，CS7=A15(取反(Y2)+取反(Y3))，CS8=A15(取反(Y4)+取反(Y5))
CS9=A15(取反(Y7)+取反(Y8))",data/csbench/student_images/CO_9/ANS_CO_962.jpg
CO_9,ANS_CO_1027,P1,possible_teacher_under_score,11.0,three_way_core_score,15.0,-4.0,4.0,3.75,-4.5,3.75,absolute_disagreement|within_question_outlier,0.5,False,15.0,15.0,15.0,15.0,15.0,POS,0.0,high,0.0,0.0,0.0,,,,,"解：1)64-8=56
 ROM：8k×16/4k×16=2片
RAM：56k×16/8k×16=7片
(2) 4k=2¹²
8k=2¹³
64k=2^16 共用16条地址线
ROM1：0000
ROM2：0001
RAM1：001
RAM2：010
RAM3：011
RAM4：100
RAM5：101
RAM6：110
RAM7:    111",data/csbench/student_images/CO_9/ANS_CO_1027.jpg
CO_9,ANS_CO_1041,P1,possible_teacher_over_score,11.0,three_way_core_score,7.0,4.0,4.0,3.75,3.5,3.75,absolute_disagreement,0.5,False,15.0,6.0,6.0,7.0,7.0,BND,1.2247,high,0.0,1.0,0.133333,,,,,"解:(1)生存64K=2^16个字节=2^5字
按字编址主存地址共15位.0000H~7FFFH (A0~A14)
ROM: 8K*16 /(4K*16)=2(个)
RAM: (2^15*16 -8K*16)/(8K*16)=3(个)
(2) 
将主存地址高两位和地址接入38译码器，
再将非Y0与A12和非A12用或门相连
引脚示意图如图所示
CS1=Ā13 Ā14 Ā12 (Ȳ0+A12)
CS2=Ā13 Ā14 Ā12 (Ȳ0+Ā12)
CS3=Ā13 Ā14 (Ȳ1)
CS4=Ā13 Ā14 (Ȳ2)
CS5=Ā13 Ā14 (Ȳ3)
",data/csbench/student_images/CO_9/ANS_CO_1041.jpg
CO_9,ANS_CO_926,P2,possible_teacher_over_score,12.0,three_way_core_score,4.5,7.5,7.5,3.75,7.0,3.75,absolute_disagreement|within_question_outlier,0.5,False,15.0,7.5,7.5,4.5,4.5,BND,2.1213,high,0.0,1.0,0.2,a3wa_changed_score_materially|unstable_model_judgements,,,,"解：(1)依题意知: 
存储中采用ROM容量为8K×16
 采用RAM的为56K×16 
∴需ROM(8/4)=2个 
需RAM(56/8)=7个
 (2) ROM₁=CS1∨CS2 ROM₂=CS1∨CS2 RAM₁=CS3∨CS4 RAM₂=CS3∨CS4 RAM₃=CS3∨CS4 RAM₄=CS3∨CS4 RAM₅=CS3∨CS4 RAM₆=CS3∨CS4 RAM₇=CS3∨CS4",data/csbench/student_images/CO_9/ANS_CO_926.jpg
CO_9,ANS_CO_967,P2,possible_teacher_over_score,13.0,three_way_core_score,5.5,7.5,7.5,3.75,7.0,3.75,absolute_disagreement|within_question_outlier,0.5,False,15.0,8.5,8.5,5.5,5.5,BND,3.5355,high,0.0,1.0,0.2,a3wa_changed_score_materially|unstable_model_judgements,,,,"解：(1) ROM需要8k/4k=2片 4k×16
RAM需要(64k-8k)/8k=7片 8k×16
(2) 64K=2^16，所以地址总线从16位开始往上为片选地址
ROM：
CS₁=Ā₁₀
CS₂=A₁₆
RAM：
CS₁=A₁₇非(A₁₈A₁₉)
CS₂=Ā₁₇A₁₈Ā₁₉
CS₃=A₁₇A₁₈Ā₁₉
CS₄=非(A₁₇A₁₈)A₁₉
CS₅=A₁₇Ā₁₈A₁₉
CS₆=Ā₁₇A₁₈A₁₉
CS₇=A₁₇A₁₈A₁₉",data/csbench/student_images/CO_9/ANS_CO_967.jpg
CO_9,ANS_CO_957,P2,possible_teacher_over_score,11.0,three_way_core_score,4.0,7.0,7.0,3.75,6.5,3.75,absolute_disagreement|within_question_outlier,0.5,False,15.0,7.0,7.0,4.0,4.0,BND,1.4142,high,0.0,1.0,0.133333,a3wa_changed_score_materially,,,,"解(1). ROM数量= 8K×16 / 4K×16 = 2片
RAM数量= 56K×16 / 8K×16 = 7片
(2)由题使用的译码器为3-8译码器，译码器如图所示
则RAM₁=非O₀VO₁VO₂VO₃VO₄VO₅VO₆VO₇.
RAM₂=O₀V非O₁VO₂VO₃VO₄VO₅VO₆VO₇.
ROM₁=ROM₂= O₀VO₁VO₂VO₃VO₄VO₅VO₆V非O₇.
RAM₃= O₀VO₁V非O₂VO₃VO₄VO₅VO₆VO₇. RAM₇=O₀VO₁VO₂VO₃VO₄VO₅V非O₆VO₇.
RAM₄= O₀VO₁VO₂V非O₃VO₄VO₅VO₆VO₇.
RAM₅= O₀VO₁VO₂VO₃V非O₄VO₅VO₆VO₇.
RAM₆= O₀VO₁VO₂VO₃VO₄V非O₅VO₆VO₇.",data/csbench/student_images/CO_9/ANS_CO_957.jpg
CO_9,ANS_CO_977,P2,possible_teacher_over_score,13.0,three_way_core_score,6.0,7.0,7.0,3.75,6.5,3.75,absolute_disagreement|within_question_outlier,0.5,False,15.0,9.0,9.0,6.0,6.0,BND,4.2426,high,0.0,1.0,0.2,a3wa_changed_score_materially|unstable_model_judgements,,,,"解:1)由题:主存低8KW 
用ROM 
则需要ROM的数量为 
8K/4k=2(个) 
需要RAM的数量为 
(64K-8K)/8K=7(个) 
2)由(1)知 
用字扩展时. 
基本芯片的片选信号相同. 
用3-8译码器进行片选.设其输出为A2A1A0 基本芯片为(ROM1,ROM2,RAM1,RAM2,…RAM7)
片选信号为( CS1,CS2,…CS9)
则CS1=CS2=A2A1A0 
RAM1=A2A1Ā0 
RAM2=A2Ā1A0 
RAM3=A2Ā1Ā0 
RAM4=Ā2A1A0 
RAM5=Ā2A1Ā0 
RAM6=Ā2Ā1A0 
RAM7=Ā2Ā1Ā0",data/csbench/student_images/CO_9/ANS_CO_977.jpg
CO_9,ANS_CO_1019,P2,possible_teacher_over_score,13.0,three_way_core_score,7.0,6.0,6.0,3.75,5.5,3.75,absolute_disagreement|within_question_outlier,0.5,False,15.0,10.0,10.0,7.0,7.0,BND,3.7417,high,0.0,1.0,0.333333,a3wa_changed_score_materially|unstable_model_judgements,,,,"(1) 按字编址，一个字占16位 16/8=2B 16/8 = 2B 64K=2^16 64K-8K=56K 4K=2^12 8K=2^13
主存：64k×16 ① ROM：8k×16 2片4k×16 字扩展 ② RAM：56k×16 7片8k×16 字扩展 需要2片4k×16的ROM，7片8k×16的RAM 
(2) 如图所示",data/csbench/student_images/CO_9/ANS_CO_1019.jpg
CO_9,ANS_CO_939,P2,possible_teacher_over_score,15.0,three_way_core_score,9.0,6.0,6.0,3.75,5.5,3.75,absolute_disagreement|within_question_outlier,0.5,False,15.0,12.0,12.0,9.0,9.0,BND,2.1213,high,0.0,1.0,0.2,a3wa_changed_score_materially|unstable_model_judgements,,,,"(1)ROM数量 8k×16 / 4k×16 = 2片 
RAM数量 (64k-8k) / 8k = 7片 (2)ROM的片内地址线有12根，可使用A15,A14,A13,A12进行ROM的译码. 由于RUM在低8k，所以RUM的A选信号 
CS1 = A15∨A14∨A13∨A12 低4kRUM 
CS2 = A15∨A14∨A13∨!A12 高4kRUM RAM的片内地址线有13根，使用A15,A14,A13进行片选，从低地址到高地址的片选信号为
CS3 = A15∨A14∨!A13 
CS4 = A15∨!A14∨A13 
CS5 = A15∨!A14∨!A13
CS6 = !A15∨A14∨A13 
CS7 = !A15∨A14∨!A13 
CS8 = !A15∨!A14∨A13 
CS9 = !A15∨!A14∨!A13",data/csbench/student_images/CO_9/ANS_CO_939.jpg
CO_9,ANS_CO_945,P2,possible_teacher_over_score,13.0,three_way_core_score,7.5,5.5,5.5,3.75,5.0,3.75,absolute_disagreement|within_question_outlier,0.5,False,15.0,10.5,10.5,7.5,7.5,BND,2.4495,high,0.0,1.0,0.266667,a3wa_changed_score_materially|unstable_model_judgements,,,,"(1)低8k：(64k×16)/(4k×16)=2个  剩余：(56k×16)/(8k×16)=7个
需要2个ROM，7个RAM．
(2) 
ROM1：CS1=A15 A14 A13A12
ROM2：CS2=A15 A4 A13!A12
RAM1：CS3=A15A14!A13
RAM2：CS4=A15!A14A13
RAM3：CS5=A15!A14!A13
RAM4：CS6=!A15A14 A13
RAM5：CS7=!A15A14!A13
RAM6：CS8=!A15!A14 A13
RAM7：CS9=!A15!A14!A13",data/csbench/student_images/CO_9/ANS_CO_945.jpg
CO_9,ANS_CO_1031,P2,possible_teacher_over_score,11.0,three_way_core_score,6.0,5.0,5.0,3.75,4.5,3.75,absolute_disagreement|within_question_outlier,0.5,False,15.0,9.0,9.0,6.0,6.0,BND,2.1213,high,0.0,1.0,0.133333,a3wa_changed_score_materially|unstable_model_judgements,,,,"1)
8K×16 / 4K×16 = 2  需要2片ROM

(64K−8K)×16 / 8K×16 = 7  需要7片RAM

2)
CS1 = A15 + A14 + A13 + A12
CS2 = A15 + A14 + A13 
CS3 = A15 + A14 + A13 
CS4 = A15 + A13 + A12 + A11
CS5 = A15
CS6 = A14 + A13
CS7 = A14
CS8 = A13",data/csbench/student_images/CO_9/ANS_CO_1031.jpg
CO_9,ANS_CO_922,P2,possible_teacher_over_score,5.0,three_way_core_score,0.0,5.0,5.0,3.75,4.5,3.75,absolute_disagreement|within_question_outlier,0.5,False,15.0,0.0,0.0,0.0,0.0,NEG,0.0,low,1.0,0.0,1.0,extraction_risk|rubric_mapping_risk,,,,"解：一字占16位，字长共64K个存储单元，主存低8KW用ROM，其余为RAM且ROM为4K×16，RAM为8K×16 
4) 需要2个ROM，6个RAM",data/csbench/student_images/CO_9/ANS_CO_922.jpg
CO_9,ANS_CO_955,P2,possible_teacher_under_score,10.0,three_way_core_score,15.0,-5.0,5.0,3.75,-5.5,3.75,absolute_disagreement|within_question_outlier,0.5,False,15.0,13.5,13.5,15.0,15.0,BND,2.1213,high,0.0,1.0,0.2,unstable_model_judgements,,,,"(1) 需要ROM数量：8k/4k × 16/16 = 2 (片)
需要RAM数量：(64k-8k)/8k × 16/16 = 7 (片)
(2) 片选信号总有4位：CS1, CS2, CS3, CS4; CS4直接控制RAM7, RAM7=!CS4
余下ROM1 ROM2和RAM1-6 8块芯片与3-8译码器连接
ROM1=CS3 + CS2+ CS1
ROM2=CS3+ CS2+ !CS1
RAM1=CS3 + !CS2 + CS1
RAM2=CS3 + !CS2 + !CS1
RAM3=!CS3 + CS2+CS1
RAM4=!CS3 + CS2+ !CS1
RAM5=!CS3 + !CS2+ CS1
RAM6=!CS3 + !CS2+ !CS1
RAM7=!CS4",data/csbench/student_images/CO_9/ANS_CO_955.jpg
CO_9,ANS_CO_954,P2,possible_teacher_over_score,12.0,three_way_core_score,7.5,4.5,4.5,3.75,4.0,3.75,absolute_disagreement|within_question_outlier,0.5,False,15.0,10.5,10.5,7.5,7.5,BND,3.6742,high,0.0,1.0,0.4,rubric_mapping_risk|a3wa_changed_score_materially|unstable_model_judgements,,,,"解：(1)
ROM需要 8K/4K=2个
(64K-8K)/8K=7，RAM需要7个

(2) 最高3位地址为 A13、A14、A15
CS1 = A13 + A14 + A15
CS2 = A13 + A14 + A15
CS3 = 取反(A13) + A14 + A15
CS4 = A13 + 取反(A14) + A15
CS5 = 取反(A13) + 取反(A14) + A15
CS6 = A13 + A14 + 取反(A15)
CS7 = 取反(A13) + A14 + 取反(A15)
CS8 = A13 + 取反(A14) + 取反(A15)
CS9 = 取反(A13) + 取反(A14) + 取反(A15)

ROM1: 0000H~0FFFH
ROM2: 1000H~1FFFH
RAM1: 2000H~3FFFH
RAM2: 4000H~5FFFH
RAM3: 6000H~7FFFH
RAM4: 8000H~9FFFH
RAM5: A000H~BFFFH
RAM6: C000H~DFFFH
RAM7: E000H~FFFFH",data/csbench/student_images/CO_9/ANS_CO_954.jpg
CO_9,ANS_CO_1037,P2,possible_teacher_over_score,15.0,three_way_core_score,11.0,4.0,4.0,3.75,3.5,3.75,absolute_disagreement,0.5,False,15.0,14.0,14.0,11.0,11.0,BND,1.4142,high,0.0,1.0,0.066667,a3wa_changed_score_materially,,,,"解：(1) ROM 数量 = (8k×16)/(4k×16) = 2
RAM 数量 = (56k×16)/(8k×16) = 7
(2) CS_rom1 = Y̅0 + A12   CS_rom2 = Y̅0 + 非A12
CS_ram1 = Y̅1   CS_ram2 = Y̅2   CS_ram3 = Y̅3   CS_ram4 = Y̅4
CS_ram5 = Y̅5   CS_ram6 = Y̅6   CS_ram7 = Y̅7",data/csbench/student_images/CO_9/ANS_CO_1037.jpg
CO_9,ANS_CO_1075,P2,possible_teacher_over_score,4.0,three_way_core_score,0.0,4.0,4.0,3.75,3.5,3.75,absolute_disagreement,0.5,False,15.0,0.0,0.0,0.0,0.0,BND,0.0,low,0.6,0.0,0.6,extraction_risk|rubric_mapping_risk,,,,"①需要的基本芯片数量为8块。
②每个基片（Rom1、Rom2…、Ram1、Ram2…）的片选信号（CS1、CS2…）用若干4k*16的Rom、8k*16的Ram以及38译码器。",data/csbench/student_images/CO_9/ANS_CO_1075.jpg
CO_9,ANS_CO_1077,P2,possible_teacher_over_score,5.0,three_way_core_score,1.0,4.0,4.0,3.75,3.5,3.75,absolute_disagreement,0.5,False,15.0,4.0,4.0,1.0,1.0,BND,1.4142,high,0.0,1.0,0.066667,a3wa_changed_score_materially,,,,64k/4=16k. ∴低8kw用 4k×16的ROM 高8kw用 8k×16的RAM ∴ROM用2片. RAM用1片. 38译码器用1片. ROM1: CS1=Ā15·Ā16 ROM2: CS2=A15·Ā16. RRAM1: CS3=A16,data/csbench/student_images/CO_9/ANS_CO_1077.jpg
CO_9,ANS_CO_951,P2,possible_teacher_over_score,6.0,three_way_core_score,2.0,4.0,4.0,3.75,3.5,3.75,absolute_disagreement,0.5,False,15.0,2.0,2.0,2.0,2.0,NEG,1.4142,low,0.6,1.0,0.666667,extraction_risk|rubric_mapping_risk,,,,"(1)由题知主存为64k×16，低8kw采用Rom，其余使用RAM
Rom数= (16k×16)/(4k×16)=16²个   Rom 2个，RAM 1个
RAM数= (48k×16)/(8k×16)=7个 (2)由题使用3-8译码器，且输出为低电平时有效，和或门构造目标主存储器，各芯片的片选信号均只有低电平时有效。 片选信号逻辑表达式：",data/csbench/student_images/CO_9/ANS_CO_951.jpg
CO_9,ANS_CO_987,P2,possible_teacher_over_score,13.0,three_way_core_score,9.0,4.0,4.0,3.75,3.5,3.75,absolute_disagreement,0.5,False,15.0,12.0,12.0,9.0,9.0,BND,3.559,high,0.0,1.0,0.2,a3wa_changed_score_materially|unstable_model_judgements,,,,"解：(1) 由已知：要采用 8kW 的 ROW，即组成 8k×16 的 ROM 
由 8k×16 / (4k×16) = 2，故需要 2 片 ROM 芯片。又主存共 64k 个存储 
单元，其中 ROM 占了 
8K×16 的存储容量，故剩余的 RAM 的数量为：(64K×16 - 8K×16) / (8k×16) = 7 
故需要 RAM 7 片。
(2) 设 3-8 译码器的 3 个输入为：x, y, z. 
CS1 = x̄·ȳ·z̄ CS6 = x·ȳ·z̄ 
CS2 = x̄·ȳ·z̄ CS7 = x·ȳ·z 
CS3 = x̄·ȳ·z CS8 = x·y·z̄ 
CS4 = x̄·y·z̄ CS9 = x·y·z 
CS5 = x̄·y·z",data/csbench/student_images/CO_9/ANS_CO_987.jpg
CO_9,ANS_CO_997,P2,possible_teacher_under_score,11.0,three_way_core_score,14.7,-3.7,3.7,3.75,-4.2,3.75,within_question_outlier,0.5,False,15.0,14.7,14.7,14.7,14.7,POS,0.4714,high,0.0,0.333333,0.066667,,,,,"1 ROM:8kW/(4k×16)=2
RAM: (64kW-8kW)/8kw=7 故7个RAM 2个ROM
2）由题知，片选信号 主存地址线共16根 从CS1到CS16；CS16高位
ROM1= !(CS15+CS14+CS15+CS16) 即从0000H到0FFFH
ROM2= !(CS14+CS15+CS16+!CS13) 即从1000H到1FFFH
RAM1=!(CS16+CS15+!CS14) RAM2=!(CS16+!CS15+CS14)
RAM3=!(CS16+!CS15+!CS14) RAM4=!(!CS16+CS15+CS14)
RAM5=!(!CS16+CS15+!CS14) RAM6=!(!CS16+!CS15+CS14) RAM7=!(!CS16+!CS15+!CS14)
即可以看以下的表: 
CS16 CS15 CS14 内存地址范围为 
RAM1  0 0 1   2000H~3FFFH 
RAM2 0 1 0   4000H~5FFFH 
RAM3 0 1 1   6000H~7FFFH 
RAM4 1 0 0   8000H~9FFFH
RAM5 1 0 1   A000H~BFFFH 
RAM6 1 1 0   C000H~DFFFH
RAM7 1 1 1   E000H~FFFFH
共64KW=2^16w




 

 
",data/csbench/student_images/CO_9/ANS_CO_997.jpg
CO_10,ANS_CO_1158,P1,possible_teacher_over_score,9.0,three_way_core_score,1.3,7.7,7.7,3.75,4.7,3.75,absolute_disagreement|within_question_outlier,3.0,True,15.0,1.3,1.3,1.3,1.3,BND,0.4714,high,0.133333,0.333333,0.333333,,,,,"3.(1) Cache存储器数据容量为4KW，4KW=2^12
一个字16位，4个字一块，∴每块容量为2B×4=8B
4路组相联映像，R=4=2^2
计算机M共有存储块数，64KB/8B=2^13，4KB/8B=2^9
块内地址2，组地址9-2为7，主存字块标记13-7-2=4
[主存块标记4][组地址7][块内地址2]
∴Cache存储区的总容量有2^12字节

(2) 需要16套这样的相等比较电路
需要一个cache标记与主存地址tag字段比较，以有效位是否为1的比较
该Cache需要2^9块，而主存需要2^13块，2^13/2^9=2^4=16
∴需要16套像这样的相等比较电路",data/csbench/student_images/CO_10/ANS_CO_1158.jpg
CO_10,ANS_CO_1088,P1,possible_teacher_over_score,10.0,three_way_core_score,3.0,7.0,7.0,3.75,4.0,3.75,absolute_disagreement|within_question_outlier,3.0,True,15.0,3.0,3.0,3.0,3.0,BND,1.0801,high,0.2,0.833333,0.333333,,,,,"解：机器字长16位，块大小为4字。
∴块内地址：每2⁶=6位
4KW/4W=2¹⁰=10位
64K/4K=16
∵4路组相联：2¹⁰÷4=2⁸=8位
64K·16=2²⁰=20位
∴标识符：20-6-8=6位
∵有1位有效位
∴6+1=7位
∴cache标记位总宽：64K×7÷8=57344B

由题可知该电路实现了一个cache标记位在有地址tag字段比较后。
该cache存储系统应每行配置一个这样的比较器
∴该cache存储系统用行-列排布。
∴应配置2⁸个这样的比较器",data/csbench/student_images/CO_10/ANS_CO_1088.jpg
CO_10,ANS_CO_1108,P1,possible_teacher_over_score,10.0,three_way_core_score,3.5,6.5,6.5,3.75,3.5,3.75,absolute_disagreement,3.0,True,15.0,3.5,3.5,3.5,3.5,POS,0.0,high,0.0,0.0,0.188889,,,,,"解、64k=2¹⁶个存储单元
(1)采用4路多组相联映像
一个字为16位=2⁴位
块大小为4×16=2⁶位
∴2¹⁶/2⁶=2¹⁰
∴标记有10位
主存
10   6
标记 块内
标记区有4kW 11/16=11/4 kW字节
(2).4套，该Cache存储系统采用4路组相联映像，即每组有4块，只需判断是否在组内再判断是否记位即可，需4套。",data/csbench/student_images/CO_10/ANS_CO_1108.jpg
CO_10,ANS_CO_1087,P1,possible_teacher_over_score,12.0,three_way_core_score,5.95,6.05,6.05,3.75,3.05,3.75,absolute_disagreement,3.0,True,15.0,6.7,6.7,5.95,5.95,BND,1.1785,high,0.0,0.833333,0.177778,,,,,"(1)主存共64kT在储单元，64k=2¹⁶，所以地址线占16 bit.
Cache数据区容量为4k字，4k=2ⁿ，所以Cache地址占12 bit.
Cache块大小为4字，4=2²，所以块内偏移占2 bit.
Cache共分为4k/4=1k个块，1k=2¹⁰，所以块号占10 bit.
Cache标记区包含tag和有效位，其中tag占16-12=4 bit.
所以最终Cache行的格式如下：
tag标记4bit，有效位1bit，数据区64bit.
标记区总容量=(4+1)×1k=5k bit，即5120字节.
(2)需要配置4套.
因为乘用了4路组相联映射，所以每组内包含4个Cache块.
根据组号找到目标地址所在的组后，需要根据tag来找到对应块.
每块需要一套比较电路，共需要4套.",data/csbench/student_images/CO_10/ANS_CO_1087.jpg
CO_10,ANS_CO_1191,P1,possible_teacher_over_score,12.0,three_way_core_score,6.0,6.0,6.0,3.75,3.0,3.75,absolute_disagreement,3.0,True,15.0,6.0,6.0,6.0,6.0,POS,0.4082,high,0.066667,0.333333,0.066667,,,,,"解(1)块内地址 4×16=64=2⁶ 6位 
cache 关 4×16=1k 块 =2¹⁰  
组号 2¹⁰/4=2⁸ 8位 
标记 64k×16=2²⁰ 20-6-8=6位 
标记号 6 组号 8 块内地址 6
cache标记区总容量 2¹⁰×(6+1)=7k 位=896字节
 (2) 需配置2套 主存地址 tag字段共6位，
需进行2⁶次比较 ",data/csbench/student_images/CO_10/ANS_CO_1191.jpg
CO_10,ANS_CO_1141,P1,possible_teacher_over_score,10.0,three_way_core_score,4.2,5.8,5.8,3.75,2.8,3.75,absolute_disagreement,3.0,True,15.0,4.2,4.2,4.2,4.2,BND,0.6236,high,0.0,0.5,0.222222,,,,,"解：1)
由题Cache存储器数据区
容量为4KW=2¹² W
∴共有12位二进制数据
∵按字编址，块大小为4字
∴块内地址为4位。
∵采用4路组相联映像
∴组内块号为2位
∴组号部分为12-4-2=6位。
主存中块内地址为4位，组号6位。
⇒标记字段为16-4-6=6位
(64K=2¹⁶)
∴Cache标记区总容量有
6×16=96个字节
2）需要配置2⁶个
因为Cache组号地址有6位
只有2⁶个组
每组对应需要配置一套这样的
相等比较电路。",data/csbench/student_images/CO_10/ANS_CO_1141.jpg
CO_10,ANS_CO_1106,P1,possible_teacher_over_score,12.0,three_way_core_score,6.7,5.3,5.3,3.75,2.3,3.75,absolute_disagreement,3.0,True,15.0,6.7,6.7,6.7,6.7,POS,0.2357,high,0.0,0.166667,0.133333,,,,,"(1)主存容量:64k×16
Cache容量:4k×16
块大小为4个字,块内有4×16=64位
4kW/64 = (4×2¹⁰×16)/64 =2¹⁰
Cache有2¹⁰块.
2¹⁰/2²=2⁸ 有2⁸组
64k=2¹⁶
主存字块标记 Cache组号 字块内地址：0位. 8位. 2位
∴ 标记区有[(6+1)×2¹⁰]/8 = 896B
(2) 配置3套
①比较有效位是否为1
②比较主存地址的Tag字段是否相等.
③比较段内偏移地址的偏移量.
若三个相等,则选中.",data/csbench/student_images/CO_10/ANS_CO_1106.jpg
CO_10,ANS_CO_1111,P1,possible_teacher_over_score,8.0,three_way_core_score,2.7,5.3,5.3,3.75,2.3,3.75,absolute_disagreement,3.0,True,15.0,2.7,2.7,2.7,2.7,BND,0.2357,high,0.266667,0.166667,0.266667,,,,,"主存有64k/4=16k块 2^14块 
Cache有4k×16/4×16= 2^10块 
cache每组有1k 2^10/4=2^8块 
14+1=5位 
总容量有2^5字节 
(2)需要配置4套这样的相等比较电路 因为主存因为主存还需要4位不同的数来定位",data/csbench/student_images/CO_10/ANS_CO_1111.jpg
CO_10,ANS_CO_1149,P1,possible_teacher_over_score,15.0,three_way_core_score,9.7,5.3,5.3,3.75,2.3,3.75,absolute_disagreement,3.0,True,15.0,9.7,9.7,9.7,9.7,BND,0.9428,high,0.0,0.666667,0.133333,,,,,"(1)Cache存储器数据区容量为4KW=2^12W  
∴Cache地址有12位
块大小为4字节  且按字编址 4=2^2
∴字块内地址为2位
Cache有 2^12/2^2=2^10块  Cache
采用4路组相联映射  ∴Cache有 2^10/2^2=2^8组  组地址为8位
主存存储单元为64K=2^16  主存地址有16位  字块内地址2位，组地址8位.
∵Cache标记区包含组标记和1位有效位
∴Cache标记区的总容量有 2^10×(6+1)/8=896 字节.
(2) 需要两位置 2^8+2^2=260套  这样的比较相等电路.
因为Cache被分成2^8组  每组2^2个Cache
∴需要2^8套电路比较主存存放在  哪一组
再需要2^2套电路比较存放  在组的哪个Cache上.",data/csbench/student_images/CO_10/ANS_CO_1149.jpg
CO_10,ANS_CO_1199,P1,possible_teacher_over_score,7.0,three_way_core_score,2.25,4.75,4.75,3.75,1.75,3.75,absolute_disagreement,3.0,True,15.0,3.0,3.0,2.25,2.25,BND,1.472,high,0.266667,1.0,0.355556,,,,,"(1)Cache标志位需要为 
主存字块标记 组地址 存储块地址 块内地址 4 9 3 1 1 有2^6个字节
(2)Cache存储系统需要配置4路组相联比较电路 因为采用的是4路组相联映射 每组有4块 不用比较 所有块内即可.",data/csbench/student_images/CO_10/ANS_CO_1199.jpg
CO_10,ANS_CO_1092,P1,possible_teacher_over_score,8.0,three_way_core_score,3.3,4.7,4.7,3.75,1.7,3.75,absolute_disagreement,3.0,True,15.0,3.3,3.3,3.3,3.3,BND,1.2472,high,0.2,1.0,0.311111,,,,,"解：(1). 
Cache总容量：4KW=2¹⁶ ⇒ n=13 
Cache 标记字块：4KW/1B=2¹⁰ ⇒ 标记字块10
块大小为4字节，也就是8个字节 
∴ 标记区共有 8×10=80个字节 
(2). 4套
4路组相联有4组，8个Cache行，在进行电路
设计时，V0与V4比较，V1与V5比较，V2与V6
比较，V3与V7比较，有效位为1的符合条件",data/csbench/student_images/CO_10/ANS_CO_1092.jpg
CO_10,ANS_CO_1129,P1,possible_teacher_over_score,9.0,three_way_core_score,5.0,4.0,4.0,3.75,1.0,3.75,absolute_disagreement,3.0,True,15.0,6.0,6.0,5.0,5.0,BND,1.2247,high,0.2,1.0,0.333333,,,,,"3. 解：① 1块16B，且 i=4
4KW=2¹²W，12-4=8（组号位数） 块内地址：4=2²，2位
主存64K=2¹⁶B，∴16-8-2=6位
6+1=7位
2⁷/2³=2⁴=64B
∴64字节

② 由小问知 Cache可分为2⁸组，而一组内有4块。
∴Cache中共有2¹⁰个块。
∴要配置2¹⁰即1024套。

① Cache：7位标记位，8位组号标记，2位块内地址标记。
② 主存：[6位主存地址标记｜8位组号标记｜2位块内地址标记]",data/csbench/student_images/CO_10/ANS_CO_1129.jpg
CO_10,ANS_CO_1104,P1,possible_teacher_over_score,9.0,three_way_core_score,5.2,3.8,3.8,3.75,0.8,3.75,absolute_disagreement,3.0,True,15.0,5.2,5.2,5.2,5.2,POS,0.6236,high,0.0,0.5,0.088889,,,,,"(1)64k=2¹⁶ t=16
16=2B b=1
4路 r=2
4kW/16=4k=2¹²  c=12
主存 b 10 1
Cache 10 2 1
组号 组块 块内地址
=2¹³=8k个字节
(2) 4套，因为该Cache为4路组相联映射 需要4次比较，才能确定是哪一处。",data/csbench/student_images/CO_10/ANS_CO_1104.jpg
CO_10,ANS_CO_1156,P1,possible_teacher_over_score,6.0,three_way_core_score,2.2,3.8,3.8,3.75,0.8,3.75,absolute_disagreement,3.0,True,15.0,2.2,2.2,2.2,2.2,BND,0.8498,high,0.0,0.666667,0.111111,,,,,"1)4k/4 = 2^10 块 ∴Cache有2^b块 c=10.
2^10/4 = 2^8组 ∴Cache有2^8组.
Cache容量为4kw 即2^12w 则cache有12位.
每块内地址为2位. 组地址为8位
Cache标记位为12-8-2=2位.
∴Cache标记区总容量有2^2×2=8个字节
(2) 主存有64k/4=2^14块.
2^14/2^8=2^6 
∴需要2^6套这样的相联比较电路.",data/csbench/student_images/CO_10/ANS_CO_1156.jpg
CO_10,ANS_CO_1165,P1,possible_teacher_over_score,12.0,three_way_core_score,8.2,3.8,3.8,3.75,0.8,3.75,absolute_disagreement,3.0,True,15.0,8.2,8.2,8.2,8.2,BND,1.0274,high,0.0,0.833333,0.044444,,,,,"(1)64K=2^16 16根数据线，16根地址线 
主存容量为64k×16  Cache: 4k×16/(4×16)=2^10块.
64k×16/(4×16)=16k=2^14 2^10÷2^2=2^8组. 14-2=12. 
主存标记  Cache组号  字块内地址
  6           8         2  
标记区总容量 =(标记记录+有效位)×Cache块数.
标记区总容量=(12+1)×2^10=1664Byte. (6+1)×2^10=896 Byte 
(2).
Cache一共有2^10块. 但是每4块为一组. 主存可以从Cache同一组内的4块任意命中其一，若其有效位为1.则找到
所需访问的主存块. 
2^10/2^2=2^8套. 
Cache块号标记 组号 块内地址 
   8          2      2 
若使用直接相联. 
主存块 Cache块标记 块内地址 
   4     10          2",data/csbench/student_images/CO_10/ANS_CO_1165.jpg
CO_10,ANS_CO_1101,P2,possible_teacher_over_score,12.0,three_way_core_score,3.5,8.5,8.5,3.75,5.5,3.75,absolute_disagreement|within_question_outlier,3.0,True,15.0,5.5,5.5,3.5,3.5,BND,2.1602,high,0.033333,1.0,0.3,a3wa_changed_score_materially|unstable_model_judgements,,,,"1）64K个存储单元 16条总线地址线 
块大小4个字 4×16=64位 log₂64=6位 
cache存储容量为4kW 块划为4个字 
4k×16位 cache共12位 6×4×2⁸=6K 
2¹²/4=2¹⁰=1k 又∵cache区间包含tag标与1位有效
标记区容量：6k/8=768B 
2）4套 4路组相联，用4套判断是否为目标地址的tag标
记。",data/csbench/student_images/CO_10/ANS_CO_1101.jpg
CO_10,ANS_CO_1123,P2,possible_teacher_over_score,14.0,three_way_core_score,6.75,7.25,7.25,3.75,4.25,3.75,absolute_disagreement|within_question_outlier,3.0,True,15.0,9.5,9.5,6.75,6.75,BND,1.0801,high,0.033333,0.833333,0.1,a3wa_changed_score_materially,,,,"解:(1)∵Cache大小为2¹²B. 
∴2¹²/2³=2⁹(块)，2¹⁰/4=2⁸(组). 
∴Cache 组数 组内 块内地址 
        8位 2位 2位 
主存  tag 组数 块内地址 
          8位  2位 
∴tag位数，16-8-2=6位.
∴Cache标记区有6+1=7(位) 
∴总容量 7×2⁸×1/8=224(字节). 
(2). 因为组相联映射是按映射到的组数=主存块号mod Cache组数
所以会在某一块只会映射到Cache的固定组中.
又因为该电路采用回路组相联.
即一组中有10个块，所以最多要比较四次才能得出是否相同的结论. 故需要四套这样的相等比较电路.",data/csbench/student_images/CO_10/ANS_CO_1123.jpg
CO_10,ANS_CO_1182,P2,possible_teacher_over_score,11.0,three_way_core_score,3.8,7.2,7.2,3.75,4.2,3.75,absolute_disagreement|within_question_outlier,3.0,True,15.0,6.8,6.8,3.8,3.8,BND,2.5927,high,0.066667,1.0,0.333333,a3wa_changed_score_materially|unstable_model_judgements,,,,"(1)64k=2^16
4k=2^12
4=2^2
4=2^2
R=4，r=2
∴ 2^10/2^2=2^8 14-8=6
主存块标记 6 组地址 8 块内地址2
2^8/8=2^5 有32字节
2^16/2^2=2^14
2^12/2^2=2^10
(2) 4套
主存2^16个存储单元
Cache中数据容量为2^12
2^16/2^12=2^4
每次比较 输出为1或0.
4套比较电路可以实现2^4次比较",data/csbench/student_images/CO_10/ANS_CO_1182.jpg
CO_10,ANS_CO_1091,P2,possible_teacher_over_score,8.0,three_way_core_score,1.0,7.0,7.0,3.75,4.0,3.75,absolute_disagreement|within_question_outlier,3.0,True,15.0,1.0,1.0,1.0,1.0,BND,0.0,low,0.6,0.0,0.6,extraction_risk|rubric_mapping_risk,,,,"(1)4kW/4w = 1k, 4kw=8kB 8k+2^8=8448 B ∴总容量为8448字节 (2)由于采用四路组相联映像，所以需要每组配置4套电路，共1k/4组，一共需配置1024套这样的相等比较电路. ",data/csbench/student_images/CO_10/ANS_CO_1091.jpg
CO_10,ANS_CO_1128,P2,possible_teacher_over_score,7.0,three_way_core_score,0.2,6.8,6.8,3.75,3.8,3.75,absolute_disagreement|within_question_outlier,3.0,True,15.0,0.2,0.2,0.2,0.2,BND,0.2357,low,0.733333,0.166667,0.755556,extraction_risk|rubric_mapping_risk,,,,"解：
(1) 由题意：Cache分为2¹⁰块，按组相联映象分为2^8组，主存分为2¹⁴块
∴tag为10位，加上有效位为11位
∴Cache标记区的总容量为2¹¹bit = 2⁸B
(2) 11套，因为每tag的每一位和有效位均需要1套该电路，
而 tag位和有效位共11位。",data/csbench/student_images/CO_10/ANS_CO_1128.jpg
CO_10,ANS_CO_1140,P2,possible_teacher_over_score,11.0,three_way_core_score,4.8,6.2,6.2,3.75,3.2,3.75,absolute_disagreement,3.0,True,15.0,4.8,4.8,4.8,4.8,BND,0.6236,high,0.333333,0.5,0.4,rubric_mapping_risk,,,,"(1) 16=2B=1W
4kW/1W=2^12
64K=2^16
∵采用四路组相联
∴组内块数为4=2^2
块内字数4=2^2
组号数:12-2-2=8
∴tag组数:16-8-2=6
标记区:6+1=7位(字)
∴共256个字节
(2) ∵采用四路组相联
2^12/2^2=2^10(块)
∴Cache共分2^10块
而从主存中取到Cache
一次取一块,该组tag位与有效位
均相同;
即每组仅需验证一次标记
∴需要2^10套",data/csbench/student_images/CO_10/ANS_CO_1140.jpg
CO_10,ANS_CO_1153,P2,possible_teacher_over_score,10.0,three_way_core_score,3.95,6.05,6.05,3.75,3.05,3.75,absolute_disagreement,3.0,True,15.0,5.7,5.7,3.95,3.95,BND,1.2472,high,0.4,1.0,0.533333,rubric_mapping_risk|a3wa_changed_score_materially,,,,"答：(1)由题意得字块标记位为2位。
4k/4x4 = 2^8. 故组字块标记为8位.
64k = 2^16. 主存共16位.
得tag标记有16-8-2 = 6位.
可得cache标记区的总容量有16x(6+1)=112字节.
(2) 4k/4.= 2^10. 故cache共有10块. 64k/4 = 2^14. 主存有14块.
故该cache有储系统需配置14套这样的相等电路.",data/csbench/student_images/CO_10/ANS_CO_1153.jpg
CO_10,ANS_CO_1162,P2,possible_teacher_over_score,8.0,three_way_core_score,1.95,6.05,6.05,3.75,3.05,3.75,absolute_disagreement,3.0,True,15.0,4.2,4.2,1.95,1.95,BND,1.0274,high,0.4,0.833333,0.511111,rubric_mapping_risk|a3wa_changed_score_materially,,,,"(1)Cache标记区储存了数据区的地址多一个有效位
Cache块数为 4k bit / (4×2B×8) = 64 = 2^6
由于其采用4路组相联映像，
∴其组数有64/4=16=2^4组
∴其组地址有4位；每组有4块，块地址有2位，
再加一位有效位，共有7位，
∴Cache标记区容量为2^7=128位
(2) 需要配置4套，理由如下：
因为Cache采用4路组相联映像，每组含有4个块，
其中主存块对应的Cache组号是可以直接确定的，
对于组内的块号需要逐一尝试，因此需配置4套。",data/csbench/student_images/CO_10/ANS_CO_1162.jpg
CO_10,ANS_CO_1135,P2,possible_teacher_over_score,6.0,three_way_core_score,0.0,6.0,6.0,3.75,3.0,3.75,absolute_disagreement,3.0,True,15.0,0.7,0.7,0.0,0.0,BND,0.4714,high,0.333333,0.333333,0.466667,rubric_mapping_risk,,,,"主存地址总长 
64k×16=2^20 即20位 
Cache行号 
4kW/16=4k×16/16=2^12 
K=4=2^2 r=2
2^12/2^2=2^10 Cache行号为10位 
字块内地址：
4×16/16=4=2^2 即2位 因此Cache标记区位数为20-10-2=8(位) 总容量为 2^8/8=32(字节)
(2)答 因为Cache标记有8位 tag标记占7位 优先位占1位",data/csbench/student_images/CO_10/ANS_CO_1135.jpg
CO_10,ANS_CO_1085,P2,possible_teacher_over_score,6.0,three_way_core_score,0.25,5.75,5.75,3.75,2.75,3.75,absolute_disagreement,3.0,True,15.0,1.0,1.0,0.25,0.25,BND,0.8165,low,0.666667,0.666667,0.733333,extraction_risk|rubric_mapping_risk,,,,"(1) 4×4×4×8=512字节
(2) 4套，共需4块cache。",data/csbench/student_images/CO_10/ANS_CO_1085.jpg
CO_10,ANS_CO_1083,P2,possible_teacher_over_score,8.0,three_way_core_score,2.7,5.3,5.3,3.75,2.3,3.75,absolute_disagreement,3.0,True,15.0,2.7,2.7,2.7,2.7,BND,2.357,high,0.0,1.0,0.222222,unstable_model_judgements,,,,解：(1)字长16位即2B Cache总容量2B×4K=8KB=2¹³ 主存容量2B×64K=128KB=2¹⁷ 块大小为4字，块内地地址位为2位 组位为13-2-2=7位 则标记区有17-7-2=8位 即Cache标记区有2^(8+1)=512B (2)主存tag为16位，Cache tag为9位 2¹⁶⁻⁹=32，由于采用3 4路组相联映射 即需要32/4=8套这样的相等比较电路,data/csbench/student_images/CO_10/ANS_CO_1083.jpg
CO_10,ANS_CO_1161,P2,possible_teacher_over_score,15.0,three_way_core_score,10.3,4.7,4.7,3.75,1.7,3.75,absolute_disagreement,3.0,True,15.0,10.3,10.3,10.3,10.3,BND,1.6997,high,0.2,1.0,0.4,rubric_mapping_risk|unstable_model_judgements,,,,"1) Cache 块数：2 = 4kw / 4w = 1k = 2^10 c=10 组数为2^10/4=2^8  64k = 2^16 故 m + b = 16 b = 2 标记位数为 m - 8 = 6 t:6 
故Cache标记区总容量为 2^c x (6 + 1) = 7x2^10 = 7k = 7x2^B 即7x2^7字节
2)需要配置 4 套这样的相等电路，因为主存中的每一块只可能映像到 Cache 某一组中的某一块，故仅用与这一组的 4 个 Cache 块进行比较即可，根据主存 m 位可判断其可能映射到的 Cache 组，选出其 4 个 Cache 块的 Cache Tag 与之进行比较. 即可得到是否映射。",data/csbench/student_images/CO_10/ANS_CO_1161.jpg
CO_10,ANS_CO_1172,P2,possible_teacher_over_score,6.0,three_way_core_score,1.3,4.7,4.7,3.75,1.7,3.75,absolute_disagreement,3.0,True,15.0,4.3,4.3,1.3,1.3,BND,2.0548,high,0.333333,1.0,0.444444,rubric_mapping_risk|a3wa_changed_score_materially|unstable_model_judgements,,,,"解：(1)4kW=2¹³B
2¹³/8=2¹⁰ ∵是4路组相联 ∴2¹⁰/4=2⁸
∴Cache标记区的总容量有2⁸字节
(1)字块内地址位数：4位
组块地址位数为：8位
主存字块标记位数为：18-8-4=6位
∴需要配置6套，因为主存字块标记位数为6位",data/csbench/student_images/CO_10/ANS_CO_1172.jpg
CO_10,ANS_CO_1124,P2,possible_teacher_over_score,6.0,three_way_core_score,1.7,4.3,4.3,3.75,1.3,3.75,absolute_disagreement,3.0,True,15.0,4.7,4.7,1.7,1.7,BND,1.4337,high,0.0,1.0,0.2,a3wa_changed_score_materially,,,,"解：(1) M的机器字长为16位，按字编址共64K个存储单元
Cache数据区为4KW，块大小为4个字即8B，2²×16
对Cache缓存而言，块内地址位数为2²×16即2位
组号为4KW/(2²×16)=2¹⁰    组数为2¹⁰/2²=2⁸组，组号为8位
所以Cache标记为12-8-2=2位
因为Cache标记区为tag标记和1位有效位，所以共有2^(2+1)×16
=2³×2B
=16B
(2) 因为主存和缓存是4路组相联映像
所以主存图标记与块内标记为2位，组号为(2¹⁶×11)/(2²×16×2²)=2¹²，12位
标记为16-12-2=2位
根据Cache和主存的标记位可知，共需准备2^(12+1)/2^(2+8)=2⁴=16套",data/csbench/student_images/CO_10/ANS_CO_1124.jpg
CO_10,ANS_CO_1119,P2,possible_teacher_over_score,12.0,three_way_core_score,7.8,4.2,4.2,3.75,1.2,3.75,absolute_disagreement,3.0,True,15.0,6.8,6.8,7.8,7.8,BND,1.6499,high,0.233333,1.0,0.433333,rubric_mapping_risk|unstable_model_judgements,,,,"3.
1）cache数据区容量为4k字=2^12字，地址有12位，其中因四路组相联，组号占2位，因此tag位=12-2-2=8（位）
cache行数：4k/4w=1k（行）
∴cache标记区总容量：1k×（8+1）/8=1152（字节）

2）因cache采用四路组相联，每组有4块，组内采用全相联方式，因此在判断是否命中时，需要对一组内的4块都进行比较，因此需要配置四套这样的相等比较电路。",data/csbench/student_images/CO_10/ANS_CO_1119.jpg
CO_10,ANS_CO_1138,P2,possible_teacher_over_score,10.0,three_way_core_score,5.8,4.2,4.2,3.75,1.2,3.75,absolute_disagreement,3.0,True,15.0,5.8,5.8,5.8,5.8,BND,0.2357,high,0.266667,0.166667,0.422222,rubric_mapping_risk,,,,"解(1)cache的行数 = 4KW/4W = 1k
(cache的)组数 = 1K/4 = 2^8
块大小 = 2^2W = 2^5
Tag位 = 16-8-5 = 3
标记区的总容量 = (1+3)×1k = 4K

(2) 需要配置4套
依据：进行读写时，根据主存地址可找到对应的cache组号，在cache各组的内部，由于数据是随意存放的(也就是全相联的映射)，需要和组内的每个cache块的标志位进行并发比较，故需要4套相等比较电路。",data/csbench/student_images/CO_10/ANS_CO_1138.jpg
CO_10,ANS_CO_1164,P2,possible_teacher_over_score,6.0,three_way_core_score,1.82,4.18,4.18,3.75,1.18,3.75,absolute_disagreement,3.0,True,15.0,3.7,3.7,1.82,1.82,BND,1.2472,high,0.2,1.0,0.311111,a3wa_changed_score_materially,,,,"(1) 4K×16 / 4×16 = 2^10
采用4路组相联映射，故Cache组数2^10/4=2^8
所以Cache标记区的总容量为2^8×4×16/8=2KB.
(2) 存储单元数64K=2^16，
主存地址tag字段有16-8=8位.
Cache标记有8位.
Cache标记和主存地址tag字段标记每一位都需要比较
故该Cache存储系统需配置8套",data/csbench/student_images/CO_10/ANS_CO_1164.jpg
CO_10,ANS_CO_1094,P2,possible_teacher_over_score,14.0,three_way_core_score,10.0,4.0,4.0,3.75,1.0,3.75,absolute_disagreement,3.0,True,15.0,7.0,7.0,10.0,10.0,BND,1.4142,high,0.266667,1.0,0.4,rubric_mapping_risk|a3wa_changed_score_materially,,,,"解：(1)
cache: 组地址 8 组块地址 2 块内编号 2
主存： 主存标记字段 6 组地址 8 块内编号 2
Cache 行数：2^(8+2)=2^10. 
tag 标记位数:6 有效位:1 
Cache 数据区容量 4kW=2^12·2^4 
∴ Cache 标记区总容量为 2^10×(6+1+2^12·2^4) =2^10×(7+2^16) b. 
∴字节数= (2^10×(7+2^16)b)/2^3 =2^7×(7+2^16)B ≈2^23 B =8MB. 
(2) 4套比较电路.",data/csbench/student_images/CO_10/ANS_CO_1094.jpg
CO_10,ANS_CO_1181,P2,possible_teacher_over_score,6.0,three_way_core_score,2.0,4.0,4.0,3.75,1.0,3.75,absolute_disagreement,3.0,True,15.0,2.0,2.0,2.0,2.0,BND,0.0,low,0.9,0.0,0.9,extraction_risk|rubric_mapping_risk,,,,"解：(1)机器字长为16位，主存共用64K个存储单元
64K=2¹⁶  每组有4块，块大小为4个字，故4×4=16 
每组16个字 
(2)需要配 4套这样的相等的比较电路",data/csbench/student_images/CO_10/ANS_CO_1181.jpg
CO_10,ANS_CO_1100,P2,possible_teacher_over_score,11.0,three_way_core_score,7.05,3.95,3.95,3.75,0.95,3.75,absolute_disagreement,3.0,True,15.0,8.8,8.8,7.05,7.05,BND,1.3123,high,0.0,1.0,0.133333,a3wa_changed_score_materially,,,,"(1)主存中含有 64k÷4=16K个块
Cache中含有 4k÷4=1K个块
由于是4路组相联
Cache中含有1K÷4=256个组
主存地址为 6位 8位 2位 
存字块标记 Cache组号 块内地址
Cache标记位的容量应为6+1+1=8位=1字节
答:1字节
(1)解：需要配置4套
Cache4路相联指的是对于组间采取直接映射的方式，
而对于组内采取全相联映射的方式
该电路正是为了在组内查找与主存地址tag字段相等且有效位为1的cache块
而4路组相联需要4套，因为组内有4个块",data/csbench/student_images/CO_10/ANS_CO_1100.jpg
CO_10,ANS_CO_1171,P2,possible_teacher_under_score,4.0,three_way_core_score,5.7,-1.7,1.7,3.75,-4.7,3.75,within_question_outlier,3.0,True,15.0,4.7,4.7,5.7,5.7,BND,0.9428,high,0.266667,0.666667,0.5,rubric_mapping_risk,,,,"(1)每组有4块
2²=4
∴有2位指示组中对应块
64k=64×2¹⁰=2⁶×2¹⁰=2¹⁶
主存按4个字一块 2¹⁶/2²=2¹⁴块
4k=2²×2¹⁰=2¹² Cache按4个字一块 2¹²/2²=2¹⁰块 2¹⁰/4=2⁸组
2¹⁴/2⁸=2⁶
∴每组对应6位
b+2=8 bit
½W=8bit
∴总容量1字节
(2)输出1的条件为CacheTag=AddrTag且Valid=1，
对于每个Cache块，都在其组内与主存中相应地址联系",data/csbench/student_images/CO_10/ANS_CO_1171.jpg
CO_10,ANS_CO_1147,P2,possible_teacher_under_score,5.0,three_way_core_score,6.45,-1.45,1.45,3.75,-4.45,3.75,within_question_outlier,3.0,True,15.0,7.2,7.2,6.45,6.45,BND,0.6236,high,0.0,0.5,0.2,,,,,"(a) 主存:64k=2¹⁶ Cache:4kw=8kB=2^13B 4个字为8个字节为2^3B
又因为采用4路组相联 ∴r=2 ∴13-3-2=8 16-8-3=5 ∴ 主存字块标记 组地址 块内地址 5位 8位 3位 ∴标记区的总容量为[2¹⁰×(2⁵×8+5+1)]/8=8960 个字节 (c):Cache有4k/4=1k个块 ∴有1k/4=250个组 ∴需要250个这样相同的组",data/csbench/student_images/CO_10/ANS_CO_1147.jpg
CO_10,ANS_CO_1107,P2,possible_teacher_under_score,6.0,three_way_core_score,7.3,-1.3,1.3,3.75,-4.3,3.75,within_question_outlier,3.0,True,15.0,6.3,6.3,7.3,7.3,BND,1.5456,high,0.0,1.0,0.133333,unstable_model_judgements,,,,"Cache地址：1 cache块号 2 组内块号 2 字块内地址
主存： 7 主存块号 7 cache块 2 字块内地址 
Cache块数 4kB/8B=2^9块 
(2^9×(7+1))/8=512B 
∴为512字节
2^9个 
因为该cache为四路组相联映像 
所以cache被分成每块组块 
主存中分别指定了与哪个组块
对应关联，在组块内与四个cache
块一对一比较，找寻找是否被命中 
∵一个组块为2个 
∴共2^9个相等比较电路",data/csbench/student_images/CO_10/ANS_CO_1107.jpg
CO_10,ANS_CO_1188,P2,possible_teacher_under_score,3.0,three_way_core_score,4.2,-1.2,1.2,3.75,-4.2,3.75,within_question_outlier,3.0,True,15.0,4.2,4.2,4.2,4.2,BND,2.3921,high,0.266667,1.0,0.355556,unstable_model_judgements,,,,"解(1)主存块数=64K×16/4×16=2^14；
Cache块数=4KW/4=2^10；
组数=2^10/4=2^8；
主存字块标记 6 组号 8 块内地址 2
cache：cache字块标记 10位 2位
Cache标记区共有2^10×2=2^11位节；
(2)共需2^8套，由于组号共8位。",data/csbench/student_images/CO_10/ANS_CO_1188.jpg
CO_11,ANS_CO_1254,P1,possible_teacher_over_score,15.0,three_way_core_score,6.2,8.8,8.8,3.75,7.8,3.75,absolute_disagreement|within_question_outlier,1.0,False,15.0,5.2,5.2,6.2,6.2,BND,0.5401,high,0.3,0.416667,0.322222,,,,,"R型 ：2^3条指令
I型：从00001 到11110 共2⁵-2条指令 
J型：从1111100 到1111111 共2²=4条指令",data/csbench/student_images/CO_11/ANS_CO_1254.jpg
CO_11,ANS_CO_1243,P1,possible_teacher_over_score,10.0,three_way_core_score,5.2,4.8,4.8,3.75,3.8,3.75,absolute_disagreement|within_question_outlier,1.0,False,15.0,5.2,5.2,5.2,5.2,BND,1.2416,high,0.2,0.916667,0.311111,,,,,"解：①. J型指令集最少情况下，R型最多
此时J型指令条数=R型（最少情况下）.
设I、R型为a、b条，
2^5 -1 = a + b ⇒ ∵ I > R ∴ a=16，b=15
∵ I型指令多 ∴ I型指令应为16条，
∴ R型指令为15条.

②. I型最多，且有R、J型指令，
∴ 2^5 -2 = 30(条).

③. J型最多.
∵在I型最多条件下，∴设J、I指令条数相同，均为a条.
(2^5 -1 -a)×2^2 = a ⇒ a=24. 余4.
此时I条数略大于J，∴ I指令应为25条.
∴ J指令：(32 -1 -25)×4 = 24(条).

∴ R型、I型、J型指令最多分别为15，30，24条.",data/csbench/student_images/CO_11/ANS_CO_1243.jpg
CO_11,ANS_CO_1245,P1,possible_teacher_over_score,15.0,three_way_core_score,10.8,4.2,4.2,3.75,3.2,3.75,absolute_disagreement,1.0,False,15.0,10.8,10.8,10.8,10.8,POS,0.5401,high,0.0,0.416667,0.155556,,,,,"解:保证I型指令最多.最多情况即I型前5位Opcode均编码 但编码00000是R型的开始.同时I型和J型共用前5位编码. I型需要改第1位作为J型的开始: 
I型: 2^5 -2 =30(条) 
J型: 2^1 =4.条. 
R型:最后5位给35操作码: 2^5 =32条.",data/csbench/student_images/CO_11/ANS_CO_1245.jpg
CO_11,ANS_CO_1263,P2,possible_teacher_over_score,14.0,three_way_core_score,2.7,11.3,11.3,3.75,10.3,3.75,absolute_disagreement|within_question_outlier,1.0,False,15.0,2.7,2.7,2.7,2.7,NEG,0.9428,low,0.8,0.666667,0.8,extraction_risk|rubric_mapping_risk,,,,"需要I型指令最多
又因为R型功能为将rs、rt的东西移入rd.
J型功能为将PC中的数据加入新的imm.
∴在主存地址为16位的情况下且采用16位定长指令

R型应有32条.
I型应有31条.
J型应有4条.

R: 32
I: 31
J: 4.",data/csbench/student_images/CO_11/ANS_CO_1263.jpg
CO_11,ANS_CO_1277,P2,possible_teacher_over_score,13.0,three_way_core_score,2.9,10.1,10.1,3.75,9.1,3.75,absolute_disagreement|within_question_outlier,1.0,False,15.0,2.9,2.9,2.9,2.9,BND,0.5893,low,0.5,0.416667,0.555556,extraction_risk|rubric_mapping_risk,,,,"在R、I、J型指令均存在且保证I型指令最多。
R型有2^5-3  条 
I型：有2^5 -2条 
J型：有2^2条",data/csbench/student_images/CO_11/ANS_CO_1277.jpg
CO_11,ANS_CO_1304,P2,possible_teacher_over_score,14.0,three_way_core_score,4.9,9.1,9.1,3.75,8.1,3.75,absolute_disagreement|within_question_outlier,1.0,False,15.0,7.9,7.9,4.9,4.9,BND,1.1961,high,0.333333,0.916667,0.422222,rubric_mapping_risk|a3wa_changed_score_materially,,,,J型指令有5位. 为与R型I型区别，最多有2^5 -2条即30条 R型有5位的opcode；为保证I型指令最多，R型指令最多占2^5 -2条，即30条. J型最多为2^2即4条.,data/csbench/student_images/CO_11/ANS_CO_1304.jpg
CO_11,ANS_CO_1240,P2,possible_teacher_over_score,15.0,three_way_core_score,6.5,8.5,8.5,3.75,7.5,3.75,absolute_disagreement|within_question_outlier,1.0,False,15.0,6.5,6.5,6.5,6.5,NEG,1.4142,low,0.633333,1.0,0.633333,extraction_risk|rubric_mapping_risk,,,,设I型指令有N条. 则 2⁵ - N ≥ 2. N最大取30条. I型指令有30条，R型指令有2⁵=32条，J型指令有2⁵=4条.,data/csbench/student_images/CO_11/ANS_CO_1240.jpg
CO_11,ANS_CO_1211,P2,possible_teacher_over_score,8.0,three_way_core_score,0.0,8.0,8.0,3.75,7.0,3.75,absolute_disagreement|within_question_outlier,1.0,False,15.0,0.0,0.0,0.0,0.0,BND,0.0,low,0.6,0.0,0.6,extraction_risk|rubric_mapping_risk,,,,"1:最多时，且J型只有1条
此时工最多为30条
2:由于I最多，所以R型最多29条.
J:设J型有a条，I型有x条
4(32-1-x)=a
a<x
解得a<24.8
∴J型最多24条.",data/csbench/student_images/CO_11/ANS_CO_1211.jpg
CO_11,ANS_CO_1241,P2,possible_teacher_over_score,14.0,three_way_core_score,6.1,7.9,7.9,3.75,6.9,3.75,absolute_disagreement|within_question_outlier,1.0,False,15.0,9.1,9.1,6.1,6.1,BND,4.185,high,0.1,1.0,0.288889,a3wa_changed_score_materially|unstable_model_judgements,,,,"R型指令的操作码与Opcode与I与J型不重叠 故R型指令数n_R=2^5=32条 又要保证I最多且J存在 故I的Opcode范围为00001~11110 共29条 J型指令的Opcode范围为1111100~1111111 共4条 ∴在满足题目的条件下 
R型指令最多32条 
I型指令最多29条 
J型指令最多4条",data/csbench/student_images/CO_11/ANS_CO_1241.jpg
CO_11,ANS_CO_1311,P2,possible_teacher_under_score,0.0,three_way_core_score,7.5,-7.5,7.5,3.75,-8.5,3.75,absolute_disagreement|within_question_outlier,1.0,False,15.0,10.5,10.5,7.5,7.5,BND,3.4881,high,0.0,1.0,0.344444,a3wa_changed_score_materially|unstable_model_judgements,,,,"解：设
R型x条 11位 
I型y条 9位 
J型z条 7位 
R型x=[(2^7 -z)*2^(9 -7) -y]*2^（11 -9）
 2^7 -z>0，(2^7 -z)*2^(9 -7) -y >0 0<z<2^7，0<y<2^9 -4z 要求I型指令最多，则y最大，z最大 
z=1，y=507，x=4 
∴R型4条 
I型507条 
J型1条",data/csbench/student_images/CO_11/ANS_CO_1311.jpg
CO_11,ANS_CO_1221,P2,possible_teacher_over_score,9.0,three_way_core_score,1.7,7.3,7.3,3.75,6.3,3.75,absolute_disagreement|within_question_outlier,1.0,False,15.0,1.7,1.7,1.7,1.7,NEG,0.6236,low,0.866667,0.5,0.866667,extraction_risk|rubric_mapping_risk,,,,"设I型a个 J型b个 J型c个 
I型最多 
(2^5 -1 -a)·2^2 = b <a
=>5a>124 =>a>24.8 

a最小取25时 使得J型最多取到24个 
因为至少有一个
所有a<=30
a取30时 使得工型最多取30，R型最多取29个",data/csbench/student_images/CO_11/ANS_CO_1221.jpg
CO_11,ANS_CO_1318,P2,possible_teacher_over_score,11.0,three_way_core_score,3.92,7.08,7.08,3.75,6.08,3.75,absolute_disagreement|within_question_outlier,1.0,False,15.0,6.3,6.3,3.92,3.92,BND,4.9216,high,0.1,1.0,0.411111,rubric_mapping_risk|a3wa_changed_score_materially|unstable_model_judgements,,,,"解：
R型：2^5-3，比I型少．
I型：除了00000和J型像．2^5-2条．⇒30条．
J型：设I型有2^5-k条．(k-1)×2^2＜2^5-k．
               			 k≤7
∴J型：(7-1)×2^2=24条．最多．
答：R：29条．I：30条．J：24条．",data/csbench/student_images/CO_11/ANS_CO_1318.jpg
CO_11,ANS_CO_1218,P2,possible_teacher_over_score,8.0,three_way_core_score,1.3,6.7,6.7,3.75,5.7,3.75,absolute_disagreement|within_question_outlier,1.0,False,15.0,4.3,4.3,1.3,1.3,BND,1.1785,high,0.383333,0.833333,0.522222,rubric_mapping_risk|a3wa_changed_score_materially,,,,"R型插台最多2⁵ - 2 = 30. 
I型插台最多2⁵ - 2 = 30个
 J型插台最多2³ = 8",data/csbench/student_images/CO_11/ANS_CO_1218.jpg
CO_11,ANS_CO_1308,P2,possible_teacher_over_score,9.0,three_way_core_score,2.4,6.6,6.6,3.75,5.6,3.75,absolute_disagreement|within_question_outlier,1.0,False,15.0,3.9,3.9,2.4,2.4,BND,1.8966,high,0.066667,1.0,0.438889,rubric_mapping_risk|unstable_model_judgements,,,,"解：R型为变地址指令
I型三地址指令，故共有N条
RIJ型指令格式如图所示
(25 - N)×2² = J型指令条数
要使N最多，则N=2⁵ -1=31条
故J型指令有4条",data/csbench/student_images/CO_11/ANS_CO_1308.jpg
CO_11,ANS_CO_1232,P2,possible_teacher_over_score,14.0,three_way_core_score,7.5,6.5,6.5,3.75,5.5,3.75,absolute_disagreement|within_question_outlier,1.0,False,15.0,10.5,10.5,7.5,7.5,BND,3.6742,high,0.45,1.0,0.683333,rubric_mapping_risk|a3wa_changed_score_materially|unstable_model_judgements,,,,解 由题意 对于R型指令，因前1位固定为0，而最后5位为操作码，故最多可有2条指令 而对于I型指令，将00001～11110分配给操作码，故有30条指令，对于J型指令，分配1111100～1111111 故有4条，因要求I型指令最多 故R型指令有2^9条，I型指令30条，J型指令4条,data/csbench/student_images/CO_11/ANS_CO_1232.jpg
CO_11,ANS_CO_1202,P2,possible_teacher_over_score,7.0,three_way_core_score,0.55,6.45,6.45,3.75,5.45,3.75,absolute_disagreement|within_question_outlier,1.0,False,15.0,1.8,1.8,0.55,0.55,BND,1.6708,high,0.3,1.0,0.411111,rubric_mapping_risk|unstable_model_judgements,,,,"
① R型最多时，J型最少为4条，设R型为m条，则I型为2⁵-1-M-1=30-M条
∵30-M>M ⇒M<15条 ∴R型最多为14条
② I型最多时，R型为1条，J型为4条，I型最多为2⁵-1-1=29条
③ J型最多时，R型最少为1条，设I型为M条，则J型为(2⁵-2-M)×4条
∵M>(2⁵-2-M)×4 ⇒M>24条 ∴J型最多为(32-25-1-1)×4=20条",data/csbench/student_images/CO_11/ANS_CO_1202.jpg
CO_11,ANS_CO_1260,P2,possible_teacher_over_score,10.0,three_way_core_score,4.0,6.0,6.0,3.75,5.0,3.75,absolute_disagreement|within_question_outlier,1.0,False,15.0,7.0,7.0,4.0,4.0,BND,2.4833,high,0.366667,1.0,0.511111,rubric_mapping_risk|a3wa_changed_score_materially|unstable_model_judgements,,,,"解：由图易知：R型有2⁵条。没I型指令有n条。
则：(2⁵-1 -n)×2²为J型指令数 若要I型最多，即J型最少且存在
 ∴(2⁵-1 -n)×2²≥1 ∴n≤30.75 ∴J型有1条，I型有30条。",data/csbench/student_images/CO_11/ANS_CO_1260.jpg
CO_11,ANS_CO_1255,P2,possible_teacher_over_score,8.0,three_way_core_score,2.5,5.5,5.5,3.75,4.5,3.75,absolute_disagreement|within_question_outlier,1.0,False,15.0,2.5,2.5,2.5,2.5,BND,0.0,high,0.466667,0.0,0.466667,rubric_mapping_risk,,,,"解：各R型指令有 2^5=32(条)
I型指令有 2^5=32(条)
J型指令有 2^7=128(条)
保证I型最多 即R型31条",data/csbench/student_images/CO_11/ANS_CO_1255.jpg
CO_11,ANS_CO_1209,P2,possible_teacher_over_score,15.0,three_way_core_score,9.8,5.2,5.2,3.75,4.2,3.75,absolute_disagreement|within_question_outlier,1.0,False,15.0,12.8,12.8,9.8,9.8,BND,1.6708,high,0.0,1.0,0.144444,a3wa_changed_score_materially|unstable_model_judgements,,,,"R型：OPcode为5位，且开头已有00000标记，且不与I、J同位冲突。
∴R型指令最多有2⁵=32条。
I型：OPcode为5位，但开头被R型固定标准占用(00000)，且需留一位作I型扩展(1111)
∴I型指令最多有2⁵-1-1=30条，且保证了I的最大数量。(00001~11110)
J型：OPcode为7位，但前5位只能从1111开始编码。
∴J型指令最多有2⁷⁻⁵=4条。(111100~111111)",data/csbench/student_images/CO_11/ANS_CO_1209.jpg
CO_11,ANS_CO_1222,P2,possible_teacher_over_score,14.0,three_way_core_score,8.9,5.1,5.1,3.75,4.1,3.75,absolute_disagreement|within_question_outlier,1.0,False,15.0,10.4,10.4,8.9,8.9,BND,2.0649,high,0.0,1.0,0.2,unstable_model_judgements,,,,"R型指令数量由Opcode确定，数量的取值范围为[1,2^5] 即[1,32],设为X.
I型的opcode必然不能为00000，所以取值范围为[1,2^5-1]即[1,31]
J型的opcode必然不能使I成为它的前缀.
所以取值范围为：即[1,(2^5-x-1)x2^2]
综上所述，若I取31条，则J无法被标识.所以I型指令最多30条，R型指令最多29条，J型指令最多4条",data/csbench/student_images/CO_11/ANS_CO_1222.jpg
CO_11,ANS_CO_1258,P2,possible_teacher_over_score,9.0,three_way_core_score,3.9,5.1,5.1,3.75,4.1,3.75,absolute_disagreement|within_question_outlier,1.0,False,15.0,6.9,6.9,3.9,3.9,BND,2.4693,high,0.1,1.0,0.477778,rubric_mapping_risk|a3wa_changed_score_materially|unstable_model_judgements,,,,"解：I型指令的操作码长为5位
故指令条数最多为2^5-1=31条
R型指令的操作码长为5位
且I型指令最多
故指令条数最多为30条
当I型指令在允许条件下的最小时，J最多
设I型指令的条数为x
有{
  2^5-x≥1
  x≥1
  (2^5-x)·2^2≤x
解得 25.6≤x≤31
故x最小为26 此时J的指令条数为24
综上所述 R最多30条，I最多31条，J最多24条",data/csbench/student_images/CO_11/ANS_CO_1258.jpg
CO_11,ANS_CO_1259,P2,possible_teacher_over_score,9.0,three_way_core_score,3.92,5.08,5.08,3.75,4.08,3.75,absolute_disagreement|within_question_outlier,1.0,False,15.0,6.8,6.8,3.92,3.92,BND,1.6997,high,0.1,1.0,0.358333,a3wa_changed_score_materially|unstable_model_judgements,,,,"解：分析图表得：
R、I、J型指令的操作码分别为 5位、5位、7位
若要I型指令最多，且R、J指令也有存在
则得：I型指令只能占4位操作码，或5位操作码
I：2⁴-1 = 15（条）或 2⁵-2 = 30（条）
对R型指令：
R：2¹-1 = 1（条） 或 R：1（条）
对J型指令：
J：2² = 4（条）或 2² = 4（条）
综上：R、I、J型指令分别最多有
1条、15条、4条，或
1条、30条、4条.",data/csbench/student_images/CO_11/ANS_CO_1259.jpg
CO_11,ANS_CO_1280,P2,possible_teacher_under_score,1.0,three_way_core_score,5.7,-4.7,4.7,3.75,-5.7,3.75,absolute_disagreement|within_question_outlier,1.0,False,15.0,5.7,5.7,5.7,5.7,BND,1.6997,high,0.283333,1.0,0.316667,unstable_model_judgements,,,,"设R型，I型，J型指令分别有x,y,z条
x≥1
(2⁵ -x)×2⁶ -y ≥1
[(2⁵ -x)×2⁶ -y]2⁵ -z ≥1
I型指令最多，则全x=1为最少
y≤(2⁵ -1)×2⁶ -1=1983
[(2⁵ -1)×2⁶ -1983]2⁵ -z ≥1
32 -z ≥1
z≤31
保证I型指令最多情况下R型最多1条，J型最多31条，I为1983条",data/csbench/student_images/CO_11/ANS_CO_1280.jpg
CO_11,ANS_CO_1230,P2,possible_teacher_over_score,15.0,three_way_core_score,10.4,4.6,4.6,3.75,3.6,3.75,absolute_disagreement,1.0,False,15.0,12.9,12.9,10.4,10.4,BND,0.8354,high,0.283333,0.666667,0.361111,a3wa_changed_score_materially,,,,"I型指令乘为，即I型指令的Opcode字段从0001~1111
但需留出1111为J型指令做前缀共30条。
J型指令剩条数7-5=2亿.故为2²=4条。
R型指令为2^5=3条.",data/csbench/student_images/CO_11/ANS_CO_1230.jpg
CO_11,ANS_CO_1223,P2,possible_teacher_over_score,15.0,three_way_core_score,10.5,4.5,4.5,3.75,3.5,3.75,absolute_disagreement,1.0,False,15.0,8.5,8.5,10.5,10.5,BND,2.1213,high,0.533333,1.0,0.533333,rubric_mapping_risk|a3wa_changed_score_materially|unstable_model_judgements,,,,"I型指令的OPcode字段为五位，最多可表示2^5条指令。由于00000为R型指令，
且需要留扩展编码以表示J型指令，所以I型指令最多有2^5-2条。
其编码从00001～11110，编码11111用作扩展编码。
则J型指令的编码字段为11111 00～11111 11，故J型指令只有4条。
则在I型指令最多的情况下，I型指令有30条，J型指令有4条。
由于R型指令的OPcode字段写在末尾，则R型指令有32条。",data/csbench/student_images/CO_11/ANS_CO_1223.jpg
CO_11,ANS_CO_1273,P2,possible_teacher_over_score,5.0,three_way_core_score,0.7,4.3,4.3,3.75,3.3,3.75,absolute_disagreement,1.0,False,15.0,0.7,0.7,0.7,0.7,BND,0.9428,high,0.466667,0.666667,0.522222,rubric_mapping_risk,,,,"答:当I型指令最多时，I型的Opcode范围为00001～11110. I型指令的imm范围为0000001～1111111 此时I型指令的条数为(2⁵-2)×2²×(2⁵-1)=3720条. 此时R型最多有1条 
J型最多有2²×2⁴×(2⁵-1)=7936条.",data/csbench/student_images/CO_11/ANS_CO_1273.jpg
CO_11,ANS_CO_1256,P2,possible_teacher_over_score,6.0,three_way_core_score,1.8,4.2,4.2,3.75,3.2,3.75,absolute_disagreement,1.0,False,15.0,4.8,4.8,1.8,1.8,BND,1.9293,high,0.366667,1.0,0.577778,rubric_mapping_risk|a3wa_changed_score_materially|unstable_model_judgements,,,,"解：:R型、I型、J型指令均有且I型最多. 令R型、J型均为最. ∴Opcode需不同 且短码不为长码前缀  I型: (2^5-2)×2^16 
R型:1条. 
J型: 2^2×2^9=2^11",data/csbench/student_images/CO_11/ANS_CO_1256.jpg
CO_11,ANS_CO_1257,P2,possible_teacher_over_score,10.0,three_way_core_score,5.8,4.2,4.2,3.75,3.2,3.75,absolute_disagreement,1.0,False,15.0,6.8,6.8,5.8,5.8,BND,2.25,high,0.1,1.0,0.15,unstable_model_judgements,,,,"解：由题意得I型指令操作码有5位，J型指令操作码有7位。
I型指令地址偏移量有7位，J型指令地址偏移量9位。
根据扩展编码的原理，设I型、J型、R型指令分别为X、Y、Z条。
要使I型指令最多，I型操作码有5位，则用2^5-1=31位来编码前缀。
偏移量为7位，则最多可编2^7=128个。
∴I型指令最多：31×128=3968条。
对于J型：前缀有2^(7-5)=4位来编码。
∴J型指令最多有2^2×2^9=2^11=2048条。
对于R型：最多可编：2^5=32条。
综上：最多有：R型32条，I型3968条，J型2048条。",data/csbench/student_images/CO_11/ANS_CO_1257.jpg
CO_11,ANS_CO_1300,P2,possible_teacher_over_score,5.0,three_way_core_score,1.0,4.0,4.0,3.75,3.0,3.75,absolute_disagreement,1.0,False,15.0,1.0,1.0,1.0,1.0,BND,0.0,low,0.8,0.0,0.8,extraction_risk|rubric_mapping_risk,,,,"R型：32位；I型：32位，J型：16位。
∴R型最多3条，I型最多6条，J型最多4条",data/csbench/student_images/CO_11/ANS_CO_1300.jpg
CO_11,ANS_CO_1248,P2,possible_teacher_under_score,1.0,three_way_core_score,4.95,-3.95,3.95,3.75,-4.95,3.75,absolute_disagreement|within_question_outlier,1.0,False,15.0,3.7,3.7,4.95,4.95,BND,2.7789,high,0.466667,1.0,0.566667,rubric_mapping_risk|unstable_model_judgements,,,,"若使I型最多，且由表可知，
I型最多有：(2^5 -2)×2×2×(2^7 -2)
= 2^14 +2^4 -2^8 -2^10
=15088条
R型：2^16 -15088 -2^8
J型：1×2^9 -2×2^7 = 2^8 =256条",data/csbench/student_images/CO_11/ANS_CO_1248.jpg
CO_11,ANS_CO_1251,P2,possible_teacher_over_score,15.0,three_way_core_score,11.1,3.9,3.9,3.75,2.9,3.75,absolute_disagreement,1.0,False,15.0,11.1,11.1,11.1,11.1,BND,3.8315,high,0.366667,1.0,0.366667,unstable_model_judgements,,,,"设I型指令n条
则I型指令有2^5 -n-1条
而操作码00000是R型指令
故I型最多有2^5 -2条=30条
I型4条
R型2^5=32条.",data/csbench/student_images/CO_11/ANS_CO_1251.jpg
CO_12,ANS_CO_1333,P1,possible_teacher_over_score,25.0,three_way_core_score,4.0,21.0,21.0,6.25,18.7,6.25,absolute_disagreement|within_question_outlier,2.3,False,25.0,4.0,4.0,4.0,4.0,BND,2.1602,high,0.2,1.0,0.306667,,,,,"(1) a AR
b IR
c DR
D TC
(2) M→AR 指令通过总线传给数据寄存器
AR→IR 将数据传给指令缓冲器
指令缓冲器将数据传给操作控制器
(3) M→AR 数据通过总指传给数据寄存器
AR→ALU 
存 ALU→AC
AC→AR
AR→M
(4) OD→AR
AR→ALU 
GR→ALU 
ALU→AC
AC→AR
AR→AB
AB→M
(5) 控制器寄存器容量为
AR→ALU 32片,8位
(6)
",data/csbench/student_images/CO_12/ANS_CO_1333.jpg
CO_12,ANS_CO_1476,P1,possible_teacher_over_score,31.0,three_way_core_score,16.0,15.0,15.0,6.25,12.7,6.25,absolute_disagreement|within_question_outlier,2.3,False,25.0,16.0,16.0,16.0,16.0,POS,0.8165,high,0.08,0.4,0.08,,,,,"(1)a:数据寄存器 b:指令寄存器 c:地址寄存器 d:程序计数器
(2) 主存储器M→a→b→操作控制器
(3) ALU→AC→a→主存 主存→a→ALU
(4) GR→ALU a→ALU ALU→AC AC→a a→GR
(5) 2²⁴B = 16MB
(6) 微命令：3位，4位，4位，2位 转移控制：3位
其结构如所示",data/csbench/student_images/CO_12/ANS_CO_1476.jpg
CO_12,ANS_CO_1460,P1,possible_teacher_over_score,20.0,three_way_core_score,6.0,14.0,14.0,6.25,11.7,6.25,absolute_disagreement|within_question_outlier,2.3,False,25.0,7.0,7.0,6.0,6.0,BND,2.1602,high,0.1,1.0,0.293333,,,,,"解：(1)a:数据缓存寄存器DR
b:指令寄存器ZR
C:通用寄存器GR
d:程序计数器PC
(2)取指令
PC→AB=1 (AB为地址总线)
ADS=1 I0/M=1 W/非R=0
DB→IR=1 (DB为数据总线)
PC+1
(3)取数据
PC→AB=1
W/非R=0
OD→DB=1
DB→DR=1
(4)执行
DR→ALU=1
AX→ALU=1
ALU+=1
ALU→GR=1
(5)4个互斥类
操作控制字段直接编译法，分别占
3 4 4 2 位
BCF直接控制方式占3位
下址字段BAF占 24-(3+4+4+2)-3=8位
容量为 2^8×2^4 /8 = 768 字节
(6)格式如图所示",data/csbench/student_images/CO_12/ANS_CO_1460.jpg
CO_12,ANS_CO_1419,P1,possible_teacher_over_score,14.0,three_way_core_score,2.7,11.3,11.3,6.25,9.0,6.25,absolute_disagreement|within_question_outlier,2.3,False,25.0,2.7,2.7,2.7,2.7,BND,1.6997,high,0.0,0.8,0.28,,,,,"(1)图中4个寄存器的名称：a:AX, b：BX, c：CX， d：DX a：数据缓冲寄存器 bcd：通用寄存器
(2)指令从主存储器M -> a-> b ->操作控制器，此为数据通路
(3) 数据在运算器和主存之间进行存/取访问的数据通路：
1.存：ALU(运算器)→ AC(累加寄存器) → a → 主存储器M 2.
2.取：主存储器M → a → ALU(运算器) 
(4) ADD AX,0D ：主存储器M 取出数据0D→ a(通用寄存器AX)→ ALU运算器→ AC(累加)→ a(通用寄存器)→ 主存储器M 
(5) 控制存储器的容量应为 24/8 = 3B 
(6) 格式如图所示
2个互斥类：包含5个和3个微命令用2条微指令表示，其余22个微命令用22条微指令表示。30个微命令正好被24位表示",data/csbench/student_images/CO_12/ANS_CO_1419.jpg
CO_12,ANS_CO_1344,P1,possible_teacher_over_score,22.0,three_way_core_score,11.0,11.0,11.0,6.25,8.7,6.25,absolute_disagreement|within_question_outlier,2.3,False,25.0,11.0,11.0,11.0,11.0,BND,1.633,high,0.0,0.8,0.066667,,,,,"(1) a:GR  b:LR  c:AR  d:PC
(2) PC接收到信号后将指令在主存储器中的地址送到AR，AR通过地址在主存储器中找到指令送入通用寄存器GR，GR将指令送入指令寄存器IR，IR将指令送入控制器
(3) 操作控制器发出信号，使主存储器将数据通过数据总线传送到GR，GR将数据送到运算器。运算器将数据送入累加寄存器AC，AC将数据送入GR，GR将数据送入主存储器
(4) AX将数据送入ALU，主存储器将存放在OD中的数据通过数据总线送到GR，GR将数据送入ALU，ALU完成加法运算后，将结果送入累加寄存器AC，AC将数据送到AX.
(5) 容量为30×24=90B
(6) 30个微命令构成4个互斥类，互斥的5个微命令可用3位字段表示，8个微命令和14个微命令可用4位字段表示，3个微命令可用2位字段表示，3个外部条件用1位表示，剩下8位是下址字段
字段图如图所示",data/csbench/student_images/CO_12/ANS_CO_1344.jpg
CO_12,ANS_CO_1467,P1,possible_teacher_over_score,25.0,three_way_core_score,15.8,9.2,9.2,6.25,6.9,6.25,absolute_disagreement|within_question_outlier,2.3,False,25.0,15.8,15.8,15.8,15.8,POS,0.2357,high,0.0,0.1,0.213333,,,,,"(1)a:数据寄存器DR b：指令寄存器 c：地址寄存器 d：PC
(2) PC→MAR; MAR→MDR, MDR→DR; PC+1;
(3) M→DR ALU→AC DR→M;
DR→ALU; AC→DR 
(4) PC→MAR;PC→DX; DX→ALU
MAR→MDR; ALU→AC; AC→DR;DR→DX;
MDR→ALU;
(5)根据直接编译法：3+3+4+2=13个
故控制字段为13位
判别位为3位，故下址字段=24-13-3=8(位)
故右主为2^8×24比特
(6)见题(5),存的结构为如图所示:",data/csbench/student_images/CO_12/ANS_CO_1467.jpg
CO_12,ANS_CO_1341,P1,possible_teacher_over_score,24.0,three_way_core_score,15.3,8.7,8.7,6.25,6.4,6.25,absolute_disagreement|within_question_outlier,2.3,False,25.0,15.3,15.3,15.3,15.3,BND,1.2472,high,0.1,0.6,0.186667,,,,,"(1) a是DR数据寄存器
b是IR指令寄存器
c是AR地址寄存器
d是PC程序计数器

(2) 主存→DR→IR→控制器
先根据地址寄存器内容找到指令位置，在主存对应地址中取出，放入DR数据寄存器中，再送入IR指令寄存器进行保存，然后送入控制器中解析指令。

(3) 取：主存储器M→DR→ALU→AC
存：AC→DR→主存储器M
数据根据地址寄存器指向的地址从主存中取出送入DR数据寄存器，由DR数据寄存器送入运算器ALU中进行计算，将结果保存在X累加器AC中。
将累加器的内容送入数据寄存器DR，由DR将数据存入主存M中。

(4) PC+1得指令地址，存入AR中，根据AR中地址在主存中找到指令送入DR，DR送入IR，IR送入控制器分析指令，指令中OD送入AR，根据AR从主存取出操作数到DR，DR送入ALU，再将AX送入ALU，执行加法计算结果送入AC，再由AC送入AX中。

(5) 要求存需要：2^8×24位<1KB，则可取2^8×32位，即1KB

(16) 字段图如图所示",data/csbench/student_images/CO_12/ANS_CO_1341.jpg
CO_12,ANS_CO_1361,P1,possible_teacher_over_score,21.0,three_way_core_score,12.5,8.5,8.5,6.25,6.2,6.25,absolute_disagreement,2.3,False,25.0,12.5,12.5,12.5,12.5,POS,0.4082,high,0.0,0.2,0.053333,,,,,"(1) 指令从主存到控制器.
主存M→数据缓冲寄存器→指令寄存器
然后pc+1. 再由指令寄存器IR→操作控制器
(2) 读: M→a→ALU→IR→操作控制器
写: a数据缓冲寄存器→IR→(PC)→c主存地址寄存器→M
(4) 从主存M中.根据OD得到其值,送入数据缓冲寄存器,通过AX得到AX内值.
将AXSOD的值送入ALU中,同时调用IR并行相关操作，PC+1.
ALU计算的数据送入状态寄存器.
(5) 控制存储器容量至少为：30×24 = 720位
(6) 外部条件直接4控制:3位.微命令直接编译:分别片3位,4位,4位,2位
故微命令共3+4+4+2=13位. 下址字段:24-13-3=8位
控制条件3位 微指令格式13位 下址字段8位",data/csbench/student_images/CO_12/ANS_CO_1361.jpg
CO_12,ANS_CO_1357,P1,possible_teacher_over_score,21.0,three_way_core_score,12.7,8.3,8.3,6.25,6.0,6.25,absolute_disagreement,2.3,False,25.0,12.7,12.7,12.7,12.7,POS,1.2472,high,0.0,0.6,0.0,,,,,"解：(1)a.数据寄存器 b.标志寄存器
C.地址寄存器 d.程序寄存器
(2) 程序寄存器 向地址寄存器发出命令使地址寄存器发出地址到主存
中寻找到目标指令，然后主存将目标指令传输到数据寄存器中，
数据寄存器再将该指令传输到b，再由b传输到操作控制器中。
(3) 数据从寄存器到数据寄存器(a)再由a传输给运算器，运算器的运
算结果由ALU传给AC 由AC传给a，再由a传输给主存。
(4) OD由d (PC)传输到C，再由C传输到主存，取出OD对应的操作数，
放到a中，由a传给ALU，将a中AX中对应的数取出放到ALU中进行
无进位加法操作，ALU的结果放入AC再由AC放入a中对应的AX寄存器。
(5) 采用字段直接编码，每个互斥类中00…0代表不操作，故这4个互斥类的
操作码位数分别为3位、4位、4位、2位，所以字段直接编码法的操作码
四位数共为13位，直接控制操作码位数共为3位，所以下址字段共8位，
∴控制存储器容量应为2^8也就是256个。
(6) 微命令操作码字段 13位 | 外部条件 3位 |下址字段 8位。",data/csbench/student_images/CO_12/ANS_CO_1357.jpg
CO_12,ANS_CO_1358,P1,possible_teacher_over_score,11.0,three_way_core_score,2.8,8.2,8.2,6.25,5.9,6.25,absolute_disagreement,2.3,False,25.0,2.8,2.8,2.8,2.8,POS,0.8498,high,0.0,0.4,0.16,,,,,"(1)a: MAR地址寄存器
c: MDR数据寄存器
b: 译码器
d: 外设控制器
2)指令从主存中取出CPU经过.地址寄存器后找出相应地址地址 将相应t地址信息传给译码器 译码后到控制器
3)当进行访问时主存将数据传入CPU中 经过MAR和AC.后进入ALU进行存
3)续当进行取访问时 从ALU中借正确的数据 传入状态寄存器及译码器然后经过数据寄存器传入定存.
4) ADDAX,OD指 将OD的单元地址存入到通AX中.
5)①采用字段直接编译法 3+4+4+2=13.
②采用直接控制式:
容量为5+8+14+3=30 :
6) 微指令全字长24位
微操作码位为13外部条件3个(2种)
∴下址24-13-2=9.
",data/csbench/student_images/CO_12/ANS_CO_1358.jpg
CO_12,ANS_CO_1327,P1,possible_teacher_over_score,16.0,three_way_core_score,8.7,7.3,7.3,6.25,5.0,6.25,absolute_disagreement,2.3,False,25.0,8.7,8.7,8.7,8.7,POS,0.4714,high,0.08,0.2,0.213333,,,,,"(1). a:数据缓冲寄存器DR b:指令寄存器IR c微指令寄存器 d计数寄存器PC
(2). 主存储器M→数据缓冲寄存器→指令寄存器→操作控制器
(3). 存：主存储器M→数据缓冲寄存器→ALU→累加寄存器AC 取：ALU→数据缓冲寄存器→主存储器M
(4). 主存储器M→数据缓冲寄存器→指令寄存器→操作控制器
(5). 24×30=720 <1K 容量应为1K
(6). 微指令字段 判别测试字段 下址字段",data/csbench/student_images/CO_12/ANS_CO_1327.jpg
CO_12,ANS_CO_1349,P1,possible_teacher_under_score,17.0,three_way_core_score,24.3,-7.3,7.3,6.25,-9.6,6.25,absolute_disagreement|within_question_outlier,2.3,False,25.0,23.3,23.3,24.3,24.3,BND,0.9428,high,0.08,0.4,0.306667,,,,,"（1）
a: MDR
b: IR
c: MAR
d: PC

(2) M(MAR)→MDR→IR→CU

(3) 取: M(MAR)→MDR→ALU.
右: ALU→AC→MDR→M(MAR)
ADD AX,0D
(4) 
取指: M(MAR)→MDR→IR→CU
间址: A(IR)→MAR, M(MAR)→MDR→ALU,（Ad(IR)=0D）
执行:
MDR=M(OD)→ALU
AC=AX→ALU
ALU→AC

(5)(6): 控制字段长度为⌈log(5+1)⌉+…+⌈log(3+1)⌉=13b, 外部条件字段为3b.
下址字段为24-13-3=8b. 寻址空间2^8=256存容量2^8×24=6kb
格式: [13 | 3 | 8] 依次为控制、外部条件、下址字段",data/csbench/student_images/CO_12/ANS_CO_1349.jpg
CO_12,ANS_CO_1334,P1,possible_teacher_over_score,16.0,three_way_core_score,9.7,6.3,6.3,6.25,4.0,6.25,absolute_disagreement,2.3,False,25.0,9.7,9.7,9.7,9.7,BND,1.5456,high,0.16,0.7,0.333333,,,,,"(1) a:DB b:IR c:DB d:PL 
(2) 主存经过A寄存器,再经过B寄存器到字制器 
(3) 主存经过A寄存器到ALU,再经AC回到a寄存器. 
(4) 
(5) m=2^n -1 
3+4+4+2=13位 
微指令：位数 
5：3 
8：4 
14：4 
3：2  
外部部件了个采用直接控制 
故有3位
下地址:24-3-13=8位  
控制：13 判别：3 下地址：8",data/csbench/student_images/CO_12/ANS_CO_1334.jpg
CO_12,ANS_CO_1456,P1,possible_teacher_over_score,24.0,three_way_core_score,17.7,6.3,6.3,6.25,4.0,6.25,absolute_disagreement,2.3,False,25.0,17.7,17.7,17.7,17.7,BND,1.2472,high,0.0,0.6,0.173333,,,,,"(1) a: 数据缓冲寄存器（DR）
b: 指令寄存器（IR）
c: 地址寄存器（AR）
d: 程序计数器（PC）

(2) ① 主存储器M→数据缓冲寄存器DR
把指令从主存中取到数据寄存器中
② DR→IR
再把指令从数据寄存器送到指令寄存器中
③ IR→操作控制器
最后把指令从指令寄存器送到控制器中

(3) 数据存到主存中：① ALU→AC
把ALU中的数据送到累加器中
② AC→DR 把累加器中的数据送到数据寄存器中
③ DR→M 把数据寄存器中的数据送到主存中
从主存中取数据：① M→DR 送到数据寄存器中
② DR→ALU 再从数据寄存器送到ALU中

(4) （一）取指
PC→AR
AR→主存储器M
M→DR
DR→IR
（二）取数
OD→AR
AR→M
M→DR
（三）执行
DR→ALU
AC→ALU
ALU进行加操作
ALU→AC

(5) 包含5个微命令的控制表：5+1=6＜2³
∴占3位
同理，其他3个字段的16个信号，4位、4位
∴3+4+4+2=13位
外部条件3位
∴24-13-3=8位
下址字段8位
∴容量为2^8×16=6144bit

控制字段（6段）图如图所示。",data/csbench/student_images/CO_12/ANS_CO_1456.jpg
CO_12,ANS_CO_1422,P2,possible_teacher_over_score,25.0,three_way_core_score,8.3,16.7,16.7,6.25,14.4,6.25,absolute_disagreement|within_question_outlier,2.3,False,25.0,8.3,8.3,8.3,8.3,BND,4.1899,high,0.0,1.0,0.213333,unstable_model_judgements,,,,"a: RGP通用寄存器.
b: DR数据缓冲寄存器.
c: IR指令寄存器
d: PC
(1)主存取到地址，需地址有效传输到地址总线，需地址有效进行读/写操作，然后通过数据总线传回列指令寄存器，
(3)运算器的内容先传到DR数据寄存器中，通过操作控制器将DR中内容传给主存.
(4)先通过PC寄存器进行读操作读出地址，再将其传到指令寄存器完成取指微指令，再通过PC寄存器进行读操作读出OD地址
(5)4个位表包含5个，8个，14个，和3个.
m=⌈log₂ⁿ⌉，各有3,4,4,2.
3+4+4+2=13
∵有3个外部条件 ∴24-13-2=9
∴控制储存器的容量为2⁹×24.
(6)①取指微指令 ②计算微指令.
PC→AB  DR→ALU
ADS,M/IO,R/W=0  + AC取出“+”
CU→DR.
OD→AB
ADS,M/IO=1,R/W=0
DB→PDR",data/csbench/student_images/CO_12/ANS_CO_1422.jpg
CO_12,ANS_CO_1417,P2,possible_teacher_over_score,25.0,three_way_core_score,12.3,12.7,12.7,6.25,10.4,6.25,absolute_disagreement|within_question_outlier,2.3,False,25.0,11.3,11.3,12.3,12.3,BND,0.9428,high,0.52,0.4,0.653333,rubric_mapping_risk,,,,"(1)a数据缓冲器DR b:指令寄存器IR c:主存地址寄存器AR d:程序计数器
(2) 主存→数据缓冲寄存器→指令寄存器→控制器
(3) 存：AC→DR→M
取：M→DR→ALU→AC
(4) ADD AX,0D
(5)
数据从通用寄存器AX输入.
进入数据缓冲器.",data/csbench/student_images/CO_12/ANS_CO_1417.jpg
CO_12,ANS_CO_1381,P2,possible_teacher_over_score,17.0,three_way_core_score,5.3,11.7,11.7,6.25,9.4,6.25,absolute_disagreement|within_question_outlier,2.3,False,25.0,9.3,9.3,5.3,5.3,BND,1.2472,high,0.0,0.6,0.12,a3wa_changed_score_materially,,,,"(2) 主存储器M → 数据缓冲寄存器 → 指令寄存器→ 操作控制器
(3) 存访问： AC → 数据缓冲寄存器 → 拥主存储器M.
取访问：主存储器M → 数据寄存器 → ALU → AC
取取数到AC. 主存储器M → 数据缓冲寄存器 → ALU → AC.
① 取 OD 到 ALU: 主存储器M → 数据缓冲寄存器 → ALU
② AC → ALU
③ 执行加法操作 ALU→AC → 数据缓冲寄存器 → 主存储器M.
(5) 由 2²>5. 2⁴>14 2³>3 可得 4个互斥的50条微指令化为14条微指令 控制存储器的容量：112位+ 246= 458位×2=916位. 14×24=336位.
(6) 8个微命令 3个微命令 4个微命令 4个微命令
3位 微命令 4位 2位 余下 外部控制条件及其他
5个微命令 14个微命令",data/csbench/student_images/CO_12/ANS_CO_1381.jpg
CO_12,ANS_CO_1424,P2,possible_teacher_over_score,14.0,three_way_core_score,3.3,10.7,10.7,6.25,8.4,6.25,absolute_disagreement|within_question_outlier,2.3,False,25.0,3.3,3.3,3.3,3.3,BND,0.4714,high,0.36,0.2,0.413333,rubric_mapping_risk,,,,"(1)
a: 数据寄存器
b: 指令寄存器
c: 指令地址寄存器
d: 数据缓冲寄存器

(2)
主存取M→缓冲存储器→
→指令地址寄存器→M→指令寄存器→操作控制器

(3)
M→数据缓冲寄存器→ALU→
累加寄存器→、数据缓冲寄存器→M

4. M→指令地址寄存器→指令寄存器→ADD
→数据缓冲器→AX.

(1) 24 bit × 30: 720 bit.",data/csbench/student_images/CO_12/ANS_CO_1424.jpg
CO_12,ANS_CO_1465,P2,possible_teacher_over_score,22.0,three_way_core_score,12.0,10.0,10.0,6.25,7.7,6.25,absolute_disagreement|within_question_outlier,2.3,False,25.0,9.0,9.0,12.0,12.0,BND,2.4495,high,0.0,1.0,0.226667,a3wa_changed_score_materially,,,,"(1) a: GR 通用寄存器    c: IR 指令寄存器
b: AR 地址寄存器    d: PC 程序计数器
(2) 指令从主存进入指令寄存器，其地址码进入地址生成部件，其操作码进入指令译码器，将地址生成部件生成的地址和指令译码器的译码内容一同送入控制器。
(3) 数据通过数据线在CPU与主存间运输，数据通过指令写入GR中从而与运算器进行操作。
(4) 取指
PC→IR=1.
W/R=1.
AB→AR=1, DB→DR=1.
PC+1=1.
执行.
OD→GR=1.
ALU(+)=1.
ALU→AX.
(5) 5+1=6. 8+1=9. 14+1=15.
3+1=4. [log₂6]=3
[log₂9]=4. [log₂15]=4
[log₂4]=2.
2⁴-3-4+2-3=8位.
应为2⁸B.
(6) 3位 4位 4位 2位 3位 8位",data/csbench/student_images/CO_12/ANS_CO_1465.jpg
CO_12,ANS_CO_1401,P2,possible_teacher_over_score,21.0,three_way_core_score,11.75,9.25,9.25,6.25,6.95,6.25,absolute_disagreement|within_question_outlier,2.3,False,25.0,14.5,14.5,11.75,11.75,BND,1.8355,high,0.18,0.88,0.266667,a3wa_changed_score_materially,,,,"(1). a:数据缓冲寄存器DR b:指令寄存器IR. c:地址寄存器IR. d:计数器PC
(2). 主存循器M→DR→IR→操作控制器.
(3). M→DR→ALU→AC. 
ALU→AC→DR→M
(4).  DR→IR. IR→PC AC→ALU. DR→AW. IR→CM 
 M→DR IR→AC. PC+1. PC→AR.
(5). 4个互斥类. 5个微命令:3位. 8个微命令:4位. 14个互斥微命令:4位. 3个微命令:2位. 一共 3+4+4+2=13位. 外部条件占3位. 下址字段:24−3−13=8位. 2^8×24−128×24.为控制存储器容量.
(6). 其结构如图所示",data/csbench/student_images/CO_12/ANS_CO_1401.jpg
CO_12,ANS_CO_1481,P2,possible_teacher_over_score,15.0,three_way_core_score,5.8,9.2,9.2,6.25,6.9,6.25,absolute_disagreement|within_question_outlier,2.3,False,25.0,10.3,10.3,5.8,5.8,BND,3.3993,high,0.0,1.0,0.173333,a3wa_changed_score_materially|unstable_model_judgements,,,,"(1) a:控制单元Cu b:指令译码器IDC:指令寄存器IR d:程序计数器PC
(2) 从主存中取数据到a中，然后到达b中，随后到达控制器中 
(3)从主存中取数据至a中，进入ALU中进行运算，运算结果保存至状态寄存器和Acc中，ACC中数据可沿a再回到主存中 
(4)首先根据OD地址在主存中找到对应数据取到a中，进入ALU中至AC中，再从AX中取另一数据至a中与AC中数据同时进入ALU进行加法再存至AC回送AX 
(5) 用于都需要一个状态表示元命令 
则实为6个、9个、15个和4个微命令，
则需要 3位，4位，4位，2位，控制字段13位，外部字段2位，下址字段24-13-2=9位，则容量为2^9×24 
(6) 3位 4位 4位 2位 2位 9位 控制字段为前面的3 4 4 2 位 外部字段为随时的2位 下址字段为最后的9位",data/csbench/student_images/CO_12/ANS_CO_1481.jpg
CO_12,ANS_CO_1372,P2,possible_teacher_over_score,24.0,three_way_core_score,15.62,8.38,8.38,6.25,6.08,6.25,absolute_disagreement,2.3,False,25.0,19.0,19.0,15.62,15.62,BND,3.559,high,0.16,1.0,0.453333,rubric_mapping_risk|a3wa_changed_score_materially|unstable_model_judgements,,,,"1)
a: 数据缓冲寄存器
b: 指令寄存器
c: 地址寄存器
d: PC指令计数器

2)
AR→M
M→DR
DR→IR
IR→控制器

3)
M→DR
DR→ALU
ALU→AC
AC→DR
DR→M

4)
AB→AR
DB→DR
DR→IR
ABS  W/R#  ID/#
PC+1

DB→DR
DR→ALU    DR→IR
DR→DB
DB→M

5)
容量应为 2^8×24=256×24

6)
设4个互斥类为a,b,c,d
a: 5个 000
b: 8个 0000
c: 14个 0000
d: 3个 00

字段划分图如图所示",data/csbench/student_images/CO_12/ANS_CO_1372.jpg
CO_12,ANS_CO_1448,P2,possible_teacher_over_score,10.0,three_way_core_score,2.3,7.7,7.7,6.25,5.4,6.25,absolute_disagreement,2.3,False,25.0,7.3,7.3,2.3,2.3,BND,4.1899,high,0.0,1.0,0.293333,a3wa_changed_score_materially|unstable_model_judgements,,,,"1
b: AR  地址寄存器
a: DR  数据缓冲寄存器
d: PC  状态寄存器
c: IR  指令寄存器

2
① 指令地址码通过 AR→AB
② CU→CB 发出指令
③ 数据通过 DB→DR

3
① PC→AB
② CU→CB
③ DB→IR
④ PC+1

4
指令取出从 AR→AB
CU→CB  DB→DR
DR→ALU端  GR→ALU B端

5
设控制存储器的容量定为 X 位
X+30≤2^X
X最小为6
∴控制存储器的容量定为6位

6
微指令的具体格式
∵ 控制器有微命令30个
构成4个互斥类
外部条件有3个
表格：2｜4｜4｜2｜2｜9
CPU发出加法指令
指令结果从 ALU 关入 GR",data/csbench/student_images/CO_12/ANS_CO_1448.jpg
CO_12,ANS_CO_1400,P2,possible_teacher_over_score,18.0,three_way_core_score,10.5,7.5,7.5,6.25,5.2,6.25,absolute_disagreement,2.3,False,25.0,9.5,9.5,10.5,10.5,BND,2.6771,high,0.1,1.0,0.22,unstable_model_judgements,,,,"(1)a:通用寄存器GR b:数据寄存器DR c:地址寄存器AR d:程序计数器pc
(2)程序计数器将指令地址送地址总线AB PC→AB 
地址总线数据有效 ADS, M/非IO=1, W/非R=0 
存储器返回指令 AB→AR 
程序计数器加一 PC+1 
(3)地址码送地址总线 OD→AB AB→IR GR→DB DB→DR 总线有效 ADS, M/非IO=1, W/R=0 
(4) GR→ALU 
DR→ALU 
ALU执行加法运算 + 
ALU→GR 
(5)构成4个互斥类，包含5个、8个、14个、3个微命令 分别有6个、9个、15个、4个命令 
需3位、4位、4位、2位 
外部命令2位 
下地址字段=24-3-4-4-2-2=9位 
容量2^9×24位=12K位 
(6) 格式如图所示",data/csbench/student_images/CO_12/ANS_CO_1400.jpg
CO_12,ANS_CO_1444,P2,possible_teacher_over_score,13.0,three_way_core_score,5.8,7.2,7.2,6.25,4.9,6.25,absolute_disagreement,2.3,False,25.0,5.8,5.8,5.8,5.8,BND,1.8409,high,0.32,0.9,0.48,rubric_mapping_risk,,,,"(3)①IR送入数据总线DB主存 数据 ②DR送入通用寄存器GR. 
③经CU发出存取命令到DB主存
④在ALU把数据送入GR.
(4)①取数据经DB送入DR. DR送入运算器ALU. ②重取指①PC送入AR. ③控制器发出命令④PC+1. 取数②IR送入主存. ⑤控制器发出命令.③数据送入DR. 执行④DR数据送入ALU. ⑤UR数据送入ALU. ⑥相加. ⑦结果送入GR. (5)控制存储器容量为2^24 (6)①⌊log₂5⌋=3
②⌊log₂8⌋=3 
③⌊log₂4⌋=4 
④⌊log₂3⌋=2. 
外部条件3个 ⌊log₂30⌋=5 
16 3 5",data/csbench/student_images/CO_12/ANS_CO_1444.jpg
CO_12,ANS_CO_1322,P2,possible_teacher_over_score,25.0,three_way_core_score,18.45,6.55,6.55,6.25,4.25,6.25,absolute_disagreement,2.3,False,25.0,21.2,21.2,18.45,18.45,BND,1.5456,high,0.0,0.7,0.173333,a3wa_changed_score_materially,,,,"解(1) a:DR，b:IR，c:AR，d:PC
(2) PC给出指定地址送到，AR，AR给出地址前往主存，
主存根据地址读取数据送给DR，DR将数据送往IR，
IR将指令译码后操作码送给控制器
(3) 主存储器需计算数据送往DR，DR传入ALU，
ALU计算结果送往AC，AC送DR，DR将结果写入主存储器.
(4) ①取指令：PC→AR=1；AR→AB=1；控制器向DB发出读命令；
PC+1=1；
②分析取数：OD→AR=1；AR→AB=1；控制器向DB发出读命令；
DB→DR=1；
③执行：DR→ALU=1；AX→ALU=1；控制器向ALU发出+命令；
ALU→AX=1；
(5)字段偏移互斥类需3,4,4,2位，BCF需3位，BAF为24-3-4-4-2-3=8位
∴容量为2^8·24=3·2^8 Byte
(6) 控制字段13位，BCF3位 BAF8位",data/csbench/student_images/CO_12/ANS_CO_1322.jpg
CO_12,ANS_CO_1377,P2,possible_teacher_over_score,16.0,three_way_core_score,9.7,6.3,6.3,6.25,4.0,6.25,absolute_disagreement,2.3,False,25.0,11.7,11.7,9.7,9.7,BND,2.357,high,0.16,1.0,0.466667,rubric_mapping_risk,,,,"1)a为数据寄存器(DR)
b为指令寄存器(IR)
c为存储器地址寄存器(MAR).
d为程序计数器(PC)
2)该数据通路为:
主存→DR→IR→操作控制器
3)存:ALU→AC→DR→主存
取:主存→DR→ALU
4)该指令表示执行AX中的内容
与0D中的内容相加,并将结果
送入AX的操作.
数据通路
主存→DR→ALU→AC
  ↳IR→操作控制器.
5)
2^30=1GB
6):外部条件共3个 微指令字长共24位
∴中间控制字段为3位.",data/csbench/student_images/CO_12/ANS_CO_1377.jpg
CO_12,ANS_CO_1340,P2,possible_teacher_under_score,19.0,three_way_core_score,25.0,-6.0,6.0,6.25,-8.3,6.25,within_question_outlier,2.3,False,25.0,24.0,24.0,25.0,25.0,BND,1.4142,high,0.0,0.6,0.106667,,,,,"(1). a是数据寄存器DR；b是指令寄存器IR；c是地址寄存器AR；d是程序计数器PC
(2).取指时数据通路：PC→AR，AR→AB：送指令地址；ADS=1，M/IO=1，W/R=0：控制主存读操作；DB→DR，DR→IR：指令送指令寄存器；IR再送控制器，对OPC译码。
(3).假设直接寻址：存数：IR.OD2→AR，AR→AB：送地址；ADS=1，M/IO=1，W/R=1：主存写命令；IR.OD1→DR，DR→DB：送写入内容。
取数据：IR.OD2→AR，AR→AB：送地址给数据总线；ADS=1，M/IO=1，W/R=0：发出主存读命令；DB→DR：数据取到DR寄存器
(4).该指令有3个机器周期：一：取指：PC→AB；ADS，M/IO，W/R=110；DB→DR，DR→IR。取出指令送IR寄存器，对指令分析自动进行。二：取数：IR.OD→AR，AR→AB；ADS，M/IO，W/R=110；DB→DR。取出OD地址中数据送DR。三：运算：AX→ALU；DR→ALU；+；ALU→AX：2个运算数送ALU，控制器生成+信号，结果再送AX寄存器。
(5).因字长24位，水平型，由m=2^n-1知，互斥类各占3，4，4，2位，外部条件占3位，所以下址字段=24-(3+4+4+2+3)=8位。共2^8个单元/微指令，每个长24位，所以控存CM容量=2^8×24位
(6).微指令格式图如图所示",data/csbench/student_images/CO_12/ANS_CO_1340.jpg
CO_12,ANS_CO_1394,P2,possible_teacher_under_score,19.0,three_way_core_score,24.7,-5.7,5.7,6.25,-8.0,6.25,within_question_outlier,2.3,False,25.0,24.7,24.7,24.7,24.7,POS,0.4714,high,0.0,0.2,0.133333,,,,,"（1）a：DR 数据缓冲寄存器
b：IR 指令寄存器
c：AR 地址寄存器
d：PC 程序计数器

（2）PC→AR 下一条指令地址送AR
AR→AB 送地址总线
ADS，M/IO=1，R/W=1，内存读控制信号
DB→DR 指令送DR
DR→IR 指令送IR
PC+1 IR，OPC 操作控制器

（3）AC→DR 数据送DR
DR→DB 送数据总线（左）
IR，OD→AR 存/取地址送AR
AR→AB 送地址总线
ADS，M/IO=1，R/W=110，内存存/取控制信号
DB→DR
DR→ALU→AC（取） 控制信号

（4）OD→AR 地址送AR
AR→AB 送地址总线
ADS，M/IO=1，R/W=1，内存读控制信号
DB→DR 数据送DR
DR→ALU，AC→ALU，两个加数送ALU
+ ALU相加
ALU→AC 结果送AC

（5）分段直接编译，控制位数 n=[log₂(m+1)]，5，8，14，3个微命令分别要3、4、4、2位编码，控制字段共3+4+4+2+3=16位，∴下址字段24-16=8位，控制存储器容量 2^8×24位

（6）微指令格式图如图所示。",data/csbench/student_images/CO_12/ANS_CO_1394.jpg
CO_12,ANS_CO_1441,P2,possible_teacher_under_score,17.0,three_way_core_score,21.3,-4.3,4.3,6.25,-6.6,6.25,within_question_outlier,2.3,False,25.0,19.3,19.3,21.3,21.3,BND,1.6997,high,0.0,0.8,0.16,,,,,"(1)a:DR b:IR c:AR d:PC
(2)PC将当前地址传到AR,AR传入主存储器M,读出指令存入DR,DR将指令传到IR,并且PC+1,IR将指令传入操作控制器。
(3):控制器发出对应信号,IR将OD传到AR,AR传到主存储器,读出操作数送入DR,DR将操作数数送入ALU进行运算,将结果传入AC,AC传入DR,AR传入存M
(4):①取指 ②取数 ③运算
PC→AR  OD→AR  DR→ALU
AR→M  AR→M      ALU+
M→DR  M→DR      ALU→AC
DR→IR                      AC→DR
PC+1
(5):因对微命令采用字段直接编译法,因此微命令共占3+4+4+2=13位,又因对外部条件采用直接控制方式,占3位
又因控制器共30条指令,所以控制器容量为应30个单元
(6):由(5)知,该微指令判别字段3位,操作字段13位,下址字段8位",data/csbench/student_images/CO_12/ANS_CO_1441.jpg
CO_12,ANS_CO_1375,P2,possible_teacher_under_score,18.0,three_way_core_score,22.0,-4.0,4.0,6.25,-6.3,6.25,within_question_outlier,2.3,False,25.0,20.0,20.0,22.0,22.0,BND,2.4495,high,0.0,1.0,0.16,,,,,"(1): a: DR, b: IR, c: AR, d: PC

(2): PC将待取指令传给AR, AR从主存中找到后传给DR, 最后由DR传给IR

(3): 存: ALU→AC→DR→主存
取: 主存→DR→ALU

(4): 主存→DR→ALU, Ax→ALU→AC

(5): 由于采取字段直接编译法, 且各互斥类的微命令个数已知, 则: ①: 2³>5+1; ②: 2⁴>8+1; ③: 2⁴>14+1; ④: 2²=3+1; 共3+4+4+2=13位, 容量为2¹³ b

(6): 类①3位、类②4位、类③4位、类④2位、外部条件3位、下地址8位 → 总计24位",data/csbench/student_images/CO_12/ANS_CO_1375.jpg
CO_13,ANS_CO_1602,P1,possible_teacher_over_score,19.0,three_way_core_score,6.5,12.5,12.5,5.0,9.3,5.0,absolute_disagreement|within_question_outlier,3.2,True,20.0,6.5,6.5,6.5,6.5,BND,1.472,high,0.0,0.875,0.2,,,,,"6.(1) 当有中断源发出中断请求并且此时CPU允许有中断响应，CPU会响应
中断。接着首先要关中断，防止其他中断响应。然后保存断点，保护现场，
确保执行中断服务程序之后能回到主程序中。随后进入并执行中断服务
程序。执行结束后返回原位置，开中断，继续执行主程序。
如果是多重中断则继续嵌套执行
(2) 屏蔽字表格和时序图如图所示",data/csbench/student_images/CO_13/ANS_CO_1602.jpg
CO_13,ANS_CO_1539,P1,possible_teacher_over_score,13.0,three_way_core_score,1.0,12.0,12.0,5.0,8.8,5.0,absolute_disagreement|within_question_outlier,3.2,True,20.0,1.0,1.0,1.0,1.0,POS,0.0,high,0.0,0.0,0.175,,,,,"(1)CPU接受到中断请求，处理屏蔽条件判断该中断程序是否可执行的中断程序结束，返回主程序。其中中断涉及硬件判优和软件判优
(2)如图所示",data/csbench/student_images/CO_13/ANS_CO_1539.jpg
CO_13,ANS_CO_1529,P1,possible_teacher_over_score,17.0,three_way_core_score,5.3,11.7,11.7,5.0,8.5,5.0,absolute_disagreement|within_question_outlier,3.2,True,20.0,3.8,3.8,5.3,5.3,BND,1.8409,high,0.0,1.0,0.25,,,,,"(1)当多个外设发出中断请求，CPU依据中断优先级高低顺序，优先选择优先级高的程序进行响应，然后CPU进行一系列中断隐指令。
(2)如图所示",data/csbench/student_images/CO_13/ANS_CO_1529.jpg
CO_13,ANS_CO_1559,P1,possible_teacher_over_score,17.0,three_way_core_score,9.2,7.8,7.8,5.0,4.6,5.0,absolute_disagreement,3.2,True,20.0,9.2,9.2,9.2,9.2,POS,0.2357,high,0.0,0.125,0.175,,,,,"(1)首先CPU在完成一个时间周期后，会判断自己是否收到了中断请求，然后CPU会检查是否禁用中断，若不则保存当前状态，关闭中断然后执行中断服务子程序，执行完毕之后开启中断并恢复现场，持续执行。
(2)如图所示",data/csbench/student_images/CO_13/ANS_CO_1559.jpg
CO_13,ANS_CO_1490,P1,possible_teacher_over_score,14.0,three_way_core_score,6.5,7.5,7.5,5.0,4.3,5.0,absolute_disagreement,3.2,True,20.0,6.5,6.5,6.5,6.5,BND,1.2247,high,0.0,0.75,0.116667,,,,,"(1) 关中断，保存断点，引出中断服务程序
(2)如图所示",data/csbench/student_images/CO_13/ANS_CO_1490.jpg
CO_13,ANS_CO_1581,P1,possible_teacher_under_score,11.0,three_way_core_score,18.3,-7.3,7.3,5.0,-10.5,5.0,absolute_disagreement|within_question_outlier,3.2,True,20.0,18.3,18.3,18.3,18.3,BND,1.2472,high,0.0,0.75,0.083333,,,,,"(1)CPU的响应中断后进行中断隐指令分别为关中断，保存断点，进入中断服务程序。
(2)如图所示",data/csbench/student_images/CO_13/ANS_CO_1581.jpg
CO_13,ANS_CO_1592,P1,possible_teacher_over_score,17.0,three_way_core_score,10.0,7.0,7.0,5.0,3.8,5.0,absolute_disagreement,3.2,True,20.0,10.0,10.0,10.0,10.0,POS,0.8165,high,0.0,0.5,0.116667,,,,,"(1)首先CPU接到中断请求
②保存断点
③关中断
④进行中断处理
⑤开中断
⑥读取断点，继续处理原程序.
(2)如图所示",data/csbench/student_images/CO_13/ANS_CO_1592.jpg
CO_13,ANS_CO_1501,P1,possible_teacher_over_score,15.0,three_way_core_score,8.7,6.3,6.3,5.0,3.1,5.0,absolute_disagreement,3.2,True,20.0,6.7,6.7,8.7,8.7,BND,1.6997,high,0.0,1.0,0.0,,,,,"(1)CPU响应存在响应优先级，先处理响应优先级高的响应，若低优先级A>B则发生响应中断，先要进行中断源A到响应。
(2)如图所示",data/csbench/student_images/CO_13/ANS_CO_1501.jpg
CO_13,ANS_CO_1535,P1,possible_teacher_over_score,16.0,three_way_core_score,10.0,6.0,6.0,5.0,2.8,5.0,absolute_disagreement,3.2,True,20.0,8.5,8.5,10.0,10.0,BND,1.7795,high,0.0,1.0,0.366667,,,,,"(1)CPU接收中断请求后停止,当前程序运行，进行子程序运行，若运行时出现另一个中断请求则进行判优判断中断优先级是否进行中断
(2)如图所示",data/csbench/student_images/CO_13/ANS_CO_1535.jpg
CO_13,ANS_CO_1543,P1,possible_teacher_over_score,7.0,three_way_core_score,1.0,6.0,6.0,5.0,2.8,5.0,absolute_disagreement,3.2,True,20.0,1.0,1.0,1.0,1.0,BND,0.0,high,0.2,0.0,0.375,,,,,"(1)当数据输入或输出结束时，外设向CPU中断源发出信号，然后中断源向CPU发射中断信号，中断CPU对数据的输入或输出。
(2)如图所示",data/csbench/student_images/CO_13/ANS_CO_1543.jpg
CO_13,ANS_CO_1633,P1,possible_teacher_over_score,9.0,three_way_core_score,3.0,6.0,6.0,5.0,2.8,5.0,absolute_disagreement,3.2,True,20.0,3.0,3.0,3.0,3.0,BND,1.633,high,0.0,1.0,0.366667,,,,,"(1)中断源发出请求，CPU响应并中断相应外设.
(2)如图所示",data/csbench/student_images/CO_13/ANS_CO_1633.jpg
CO_13,ANS_CO_1538,P1,possible_teacher_over_score,7.0,three_way_core_score,1.3,5.7,5.7,5.0,2.5,5.0,absolute_disagreement,3.2,True,20.0,1.3,1.3,1.3,1.3,BND,0.4714,high,0.2,0.25,0.2,,,,,"(1)至外设中断源发出请求时 CPU 将止正在执行的工作；处理中断，进行数据输入输出
(2)如图所示",data/csbench/student_images/CO_13/ANS_CO_1538.jpg
CO_13,ANS_CO_1566,P1,possible_teacher_over_score,17.0,three_way_core_score,11.3,5.7,5.7,5.0,2.5,5.0,absolute_disagreement,3.2,True,20.0,11.3,11.3,11.3,11.3,POS,0.6236,high,0.0,0.375,0.175,,,,,"(1)当任何一个中断源发出中断申请：
CPU先开中断，收到中断信号后关闭中断，然后进行中断服务，保存断点信息，之后开中断（允许中断嵌套），然后关闭中断，执行中断子程序，恢复断点信息，最后开中断。
(2)如图所示",data/csbench/student_images/CO_13/ANS_CO_1566.jpg
CO_13,ANS_CO_1557,P1,possible_teacher_over_score,17.0,three_way_core_score,11.5,5.5,5.5,5.0,2.3,5.0,absolute_disagreement,3.2,True,20.0,11.5,11.5,11.5,11.5,BND,1.0801,high,0.0,0.625,0.2,,,,,"(1)中断请求到来→同意中断→现场保存→执行中断服务程序→恢复现场
(2)如图所示",data/csbench/student_images/CO_13/ANS_CO_1557.jpg
CO_13,ANS_CO_1558,P1,possible_teacher_over_score,20.0,three_way_core_score,14.5,5.5,5.5,5.0,2.3,5.0,absolute_disagreement,3.2,True,20.0,12.5,12.5,14.5,14.5,BND,1.0801,high,0.0,0.625,0.358333,,,,,"(1)关中断→保护中断现场→响应中断源并置屏蔽字→开中断→中断服务执行→关中断→恢复中断现场→恢复屏蔽字→开中断.
(2)如图所示",data/csbench/student_images/CO_13/ANS_CO_1558.jpg
CO_13,ANS_CO_1517,P1,possible_teacher_over_score,16.0,three_way_core_score,11.0,5.0,5.0,5.0,1.8,5.0,absolute_disagreement,3.2,True,20.0,9.5,9.5,11.0,11.0,BND,0.4082,high,0.0,0.25,0.346429,,,,,"（1）外设向接口传送数据满时 向CPU发出中断申请
CPU响应后 进行中断服务子程序处理.

(2)如图所示",data/csbench/student_images/CO_13/ANS_CO_1517.jpg
CO_13,ANS_CO_1579,P1,possible_teacher_over_score,18.0,three_way_core_score,13.0,5.0,5.0,5.0,1.8,5.0,absolute_disagreement,3.2,True,20.0,12.0,12.0,13.0,13.0,BND,1.4142,high,0.0,0.75,0.116667,,,,,"(1)CPU正常工作，外设发送中断请求到系统总线上，CPU响应中断，进入中断服务子程序，经历中断周期
(2)如图所示",data/csbench/student_images/CO_13/ANS_CO_1579.jpg
CO_13,ANS_CO_1580,P1,possible_teacher_over_score,13.0,three_way_core_score,8.0,5.0,5.0,5.0,1.8,5.0,absolute_disagreement,3.2,True,20.0,8.0,8.0,8.0,8.0,POS,0.0,high,0.0,0.0,0.0,,,,,"(1)答
(2)如图所示",data/csbench/student_images/CO_13/ANS_CO_1580.jpg
CO_13,ANS_CO_1596,P1,possible_teacher_over_score,11.0,three_way_core_score,6.0,5.0,5.0,5.0,1.8,5.0,absolute_disagreement,3.2,True,20.0,6.0,6.0,6.0,6.0,BND,1.7795,high,0.0,1.0,0.116667,,,,,"(1)首先中断源外设发出请求，中断指整传率前至CPU，CPU完成当前执行命令的时钟周期后发生响应，中断当前操作。
(2)如图所示",data/csbench/student_images/CO_13/ANS_CO_1596.jpg
CO_13,ANS_CO_1640,P2,possible_teacher_over_score,15.0,three_way_core_score,1.5,13.5,13.5,5.0,10.3,5.0,absolute_disagreement|within_question_outlier,3.2,True,20.0,1.5,1.5,1.5,1.5,BND,0.4082,high,0.375,0.25,0.5625,rubric_mapping_risk,,,,"(1)CPU收到中断请求后，会暂停当前工作，进行中断服务，其他请求进入等待状态，当前中断服务完成后，会进行中断恢复，继续响应之前收到的请求。
(2)如图所示",data/csbench/student_images/CO_13/ANS_CO_1640.jpg
CO_13,ANS_CO_1515,P2,possible_teacher_over_score,16.0,three_way_core_score,3.0,13.0,13.0,5.0,9.8,5.0,absolute_disagreement|within_question_outlier,3.2,True,20.0,7.0,7.0,3.0,3.0,BND,4.3205,high,0.0,1.0,0.25,a3wa_changed_score_materially|unstable_model_judgements,,,,"（1）cpu在工作中收到中断请求,此时cpu置EINT=1表示可以中断. cpu进行中断服务子程序
(2)如图所示",data/csbench/student_images/CO_13/ANS_CO_1515.jpg
CO_13,ANS_CO_1520,P2,possible_teacher_over_score,20.0,three_way_core_score,7.3,12.7,12.7,5.0,9.5,5.0,absolute_disagreement|within_question_outlier,3.2,True,20.0,5.8,5.8,7.3,7.3,BND,2.4608,high,0.0,1.0,0.366667,unstable_model_judgements,,,,"(1)先关闭中断，查用散字，保护现场的一些预处理，再开中断，开始运行中断处理程序，再关闭中断，恢复现场的一些后处理。
(2)如图所示",data/csbench/student_images/CO_13/ANS_CO_1520.jpg
CO_13,ANS_CO_1604,P2,possible_teacher_over_score,14.0,three_way_core_score,2.0,12.0,12.0,5.0,8.8,5.0,absolute_disagreement|within_question_outlier,3.2,True,20.0,6.0,6.0,2.0,2.0,BND,2.9439,high,0.175,1.0,0.308333,a3wa_changed_score_materially|unstable_model_judgements,,,,"解：
①关中断.②执行中断.③解除关中断.④新的中断到来.关中断

（真值表如表所示）

（中断执行时序图如图所示）",data/csbench/student_images/CO_13/ANS_CO_1604.jpg
CO_13,ANS_CO_1578,P2,possible_teacher_over_score,15.0,three_way_core_score,5.2,9.8,9.8,5.0,6.6,5.0,absolute_disagreement|within_question_outlier,3.2,True,20.0,4.2,4.2,5.2,5.2,BND,2.2485,high,0.0,1.0,0.308333,unstable_model_judgements,,,,"1) CPU响应中断：
首先是向CPU请求中断，CPU收到请求后进行中断判优，判断中断的优先次序，然后按照中断的优先级高低进行中断程序，最后执行完毕，继续运行。

2)
中断源屏蔽字表如图所示。

中断处理时序图如图所示。",data/csbench/student_images/CO_13/ANS_CO_1578.jpg
CO_13,ANS_CO_1494,P2,possible_teacher_over_score,15.0,three_way_core_score,5.7,9.3,9.3,5.0,6.1,5.0,absolute_disagreement|within_question_outlier,3.2,True,20.0,5.7,5.7,5.7,5.7,BND,4.3653,high,0.0,1.0,0.391667,unstable_model_judgements,,,,"(1) Cpu运行时，当外设发出中断请求时，判断优先级高低，中断请求优先级低时，CPU先执行完当前先前的命令时后才响应中断；中断优先级高时，CPU停止当前工作立即响应中断；有多个中断源时，判断各个中断源的优先级高低，优先级高的先响应，执行完后再依次响应其他中断请求。
(2)如图所示",data/csbench/student_images/CO_13/ANS_CO_1494.jpg
CO_13,ANS_CO_1521,P2,possible_teacher_over_score,15.0,three_way_core_score,5.8,9.2,9.2,5.0,6.0,5.0,absolute_disagreement|within_question_outlier,3.2,True,20.0,9.8,9.8,5.8,5.8,BND,6.5107,high,0.0,1.0,0.366667,a3wa_changed_score_materially|unstable_model_judgements,,,,"(1)当cpu执行程序,收到中断请求,CPU停止原来程序
CPU执行中断程序 按照屏蔽优先级依级执行中断请求
然后进入数据输入输出。
(2)如图所示",data/csbench/student_images/CO_13/ANS_CO_1521.jpg
CO_13,ANS_CO_1609,P2,possible_teacher_over_score,14.0,three_way_core_score,5.5,8.5,8.5,5.0,5.3,5.0,absolute_disagreement|within_question_outlier,3.2,True,20.0,5.5,5.5,5.5,5.5,BND,3.0822,high,0.0,1.0,0.275,unstable_model_judgements,,,,(1)CPU接收指令，按优先级处理指令，中途接收到指令的屏蔽或中断判断是否中断指令，若后来指令优先级高，则中断当前指令执行新指令，执行完毕恢复先前指令继续执行。,data/csbench/student_images/CO_13/ANS_CO_1609.jpg
CO_13,ANS_CO_1548,P2,possible_teacher_over_score,17.0,three_way_core_score,8.7,8.3,8.3,5.0,5.1,5.0,absolute_disagreement|within_question_outlier,3.2,True,20.0,8.7,8.7,8.7,8.7,BND,4.714,high,0.0,1.0,0.308333,unstable_model_judgements,,,,"(1)
中断请求 
↓
关中断
↓ 
保留屏蔽字 
↓
开中断 
↓
中断响应
↓ 
关中断 
↓
保留屏蔽字
↓ 
开中断 
↓
(2)如图所示
",data/csbench/student_images/CO_13/ANS_CO_1548.jpg
CO_13,ANS_CO_1629,P2,possible_teacher_over_score,15.0,three_way_core_score,6.7,8.3,8.3,5.0,5.1,5.0,absolute_disagreement|within_question_outlier,3.2,True,20.0,6.7,6.7,6.7,6.7,BND,2.9533,high,0.0,1.0,0.25,unstable_model_judgements,,,,"(1)CPU在用指令操作过程中，从中断源笔向CPU发出中断请求。
CPU要对中断请求进行审核，通过审核则保留现场，
执行中断源处的指令操作，执行完后再回归原来的现场，
解除封锁，继续运行原来的本指令操作
(2)如图所示",data/csbench/student_images/CO_13/ANS_CO_1629.jpg
CO_13,ANS_CO_1637,P2,possible_teacher_under_score,5.0,three_way_core_score,13.3,-8.3,8.3,5.0,-11.5,5.0,absolute_disagreement|within_question_outlier,3.2,True,20.0,13.3,13.3,13.3,13.3,BND,2.8674,high,0.0,1.0,0.266667,unstable_model_judgements,,,,"(1) CPU在正常运行时，收到中断源的信号中止程序的运行转而去响应中断源，在完成中断源中断程序的执行后，再回到原程序的断点继续运行。
(2)如图所示",data/csbench/student_images/CO_13/ANS_CO_1637.jpg
CO_13,ANS_CO_1567,P2,possible_teacher_over_score,18.0,three_way_core_score,9.8,8.2,8.2,5.0,5.0,5.0,absolute_disagreement|within_question_outlier,3.2,True,20.0,5.8,5.8,9.8,9.8,BND,2.095,high,0.0,1.0,0.366667,a3wa_changed_score_materially|unstable_model_judgements,,,,"(1)CPU正常运算时，外设发生中断请求信号，若CPU的EINT=1,CPU会屏蔽中断请求，当EINT=0,CPU允许响应中断。此时CPU将PC程序计数器和数据缓冲寄存器DR中的数据压入堆栈，保护现场。CPU执行中断服务子程序后，PC和DR数据出栈，中断请求结束。
(2)如图所示",data/csbench/student_images/CO_13/ANS_CO_1567.jpg
CO_13,ANS_CO_1630,P2,possible_teacher_over_score,11.0,three_way_core_score,2.8,8.2,8.2,5.0,5.0,5.0,absolute_disagreement|within_question_outlier,3.2,True,20.0,2.8,2.8,2.8,2.8,BND,2.2485,high,0.0,1.0,0.333333,unstable_model_judgements,,,,"(1)CPU收到对应屏蔽字,更改电平,与外设向连接切换为中断方式 等待屏蔽字恢复为正常信号与外设重联
(2)如图所示",data/csbench/student_images/CO_13/ANS_CO_1630.jpg
CO_13,ANS_CO_1584,P2,possible_teacher_over_score,14.0,three_way_core_score,6.3,7.7,7.7,5.0,4.5,5.0,absolute_disagreement,3.2,True,20.0,6.3,6.3,6.3,6.3,BND,2.7183,high,0.0,1.0,0.133333,unstable_model_judgements,,,,"(1)当请求中断时，CPU暂停执行原本的任务，响应中断，根据中断源的优先级处理中断，处理完成后，中断结束，CPU继续执行原有的程序
(2)如图所示",data/csbench/student_images/CO_13/ANS_CO_1584.jpg
CO_13,ANS_CO_1528,P2,possible_teacher_over_score,16.0,three_way_core_score,8.7,7.3,7.3,5.0,4.1,5.0,absolute_disagreement,3.2,True,20.0,8.7,8.7,8.7,8.7,BND,4.714,high,0.0,1.0,0.2,unstable_model_judgements,,,,"(1)cpu开化许响应中断→响应中断→置屏蔽字,改变响应优先级
→保有现场,便于恢复→关响应中断(cpu处理其它中断时不再响应中断) →依次处理中断 →开响应中断
(2)如图所示",data/csbench/student_images/CO_13/ANS_CO_1528.jpg
CO_13,ANS_CO_1597,P2,possible_teacher_over_score,16.0,three_way_core_score,8.8,7.2,7.2,5.0,4.0,5.0,absolute_disagreement,3.2,True,20.0,7.3,7.3,8.8,8.8,BND,4.17,high,0.0,1.0,0.433333,rubric_mapping_risk|unstable_model_judgements,,,,"(1)外设发出中断申请，CPU进入中断周期，CPU保护中断现场，接着CPU启动中断服务子程序，最终完成一次中断。
(2)如图所示",data/csbench/student_images/CO_13/ANS_CO_1597.jpg
CO_13,ANS_CO_1598,P2,possible_teacher_over_score,18.0,three_way_core_score,11.0,7.0,7.0,5.0,3.8,5.0,absolute_disagreement,3.2,True,20.0,7.0,7.0,11.0,11.0,BND,1.633,high,0.175,1.0,0.258333,a3wa_changed_score_materially,,,,"(1)关中断→保护现场→开中断→执行中断服务→关中断→恢复现场→开中断.
(2)如图所示",data/csbench/student_images/CO_13/ANS_CO_1598.jpg
CO_13,ANS_CO_1605,P2,possible_teacher_over_score,16.0,three_way_core_score,9.0,7.0,7.0,5.0,3.8,5.0,absolute_disagreement,3.2,True,20.0,7.0,7.0,9.0,9.0,BND,3.266,high,0.0,1.0,0.308333,unstable_model_judgements,,,,"(1)当CPU收到中断请求后，封存正在执行的程序，来响应中断请求，CPU在处理完中断请求后，再回到封存处继续执行原来的程序。
(2)如图所示",data/csbench/student_images/CO_13/ANS_CO_1605.jpg
CO_13,ANS_CO_1610,P2,possible_teacher_over_score,18.0,three_way_core_score,11.2,6.8,6.8,5.0,3.6,5.0,absolute_disagreement,3.2,True,20.0,7.2,7.2,11.2,11.2,BND,4.17,high,0.0,1.0,0.25,a3wa_changed_score_materially|unstable_model_judgements,,,,"(1)关中断，保护断点及现场，比较优先级，开中断，执行中断程序，回到主程序断点。
(2)如图所示",data/csbench/student_images/CO_13/ANS_CO_1610.jpg
CO_13,ANS_CO_1549,P2,possible_teacher_over_score,18.0,three_way_core_score,11.3,6.7,6.7,5.0,3.5,5.0,absolute_disagreement,3.2,True,20.0,15.3,15.3,11.3,11.3,BND,0.9428,high,0.0,0.5,0.25,a3wa_changed_score_materially,,,,"(1)CPU在运行过程中，外设发出中断请求，CPU停止运行，并记录当前运行状态与位置，后将控制权交给外设，外设处理完程序后将控制权转回到CPU，CPU继续之前工作。
(2)如图所示",data/csbench/student_images/CO_13/ANS_CO_1549.jpg
CO_13,ANS_CO_1553,P2,possible_teacher_over_score,17.0,three_way_core_score,10.3,6.7,6.7,5.0,3.5,5.0,absolute_disagreement,3.2,True,20.0,6.3,6.3,10.3,10.3,BND,3.2998,high,0.0,1.0,0.4375,rubric_mapping_risk|a3wa_changed_score_materially|unstable_model_judgements,,,,"(1)关中断、寄存状态、开中断、执行中断程序、保存状态。
(2)如图所示",data/csbench/student_images/CO_13/ANS_CO_1553.jpg
CO_13,ANS_CO_1646,P2,possible_teacher_over_score,16.0,three_way_core_score,9.3,6.7,6.7,5.0,3.5,5.0,absolute_disagreement,3.2,True,20.0,13.3,13.3,9.3,9.3,BND,2.095,high,0.0,1.0,0.116667,a3wa_changed_score_materially|unstable_model_judgements,,,,"CPU在执行过程中，受到某个中断源发出的请求
然后CPU通过当前正在执行程序的屏蔽字比较
两者的优先级，如果高于当前程序，则中断当前程序
执行后，待执行完成后，继续执行未完成的前者．
如果低于当前程序．
则待当前程序执行完成后．再执行
真值表如表所示
调度图如图所示",data/csbench/student_images/CO_13/ANS_CO_1646.jpg
CO_13,ANS_CO_1546,P2,possible_teacher_over_score,15.0,three_way_core_score,8.8,6.2,6.2,5.0,3.0,5.0,absolute_disagreement,3.2,True,20.0,10.8,10.8,8.8,8.8,BND,2.2485,high,0.0,1.0,0.316667,unstable_model_judgements,,,,"1)A.B.C.D四个中断源同时发出中断信号
CPU按优先级依次响应屏闭字为不屏闭
的信号并开始执行；若在执行中断过程中
有优先级更高的信号被识别出来，则中断
正在执行的信号并优先处理该信号；在该信
号处理完毕之后处理原信号，以次类推直到
完成所有信号
2）屏蔽字为
A 1001
B 1011
C 1111
D 1001 D为1001
程序轨迹图如图所示",data/csbench/student_images/CO_13/ANS_CO_1546.jpg
CO_13,ANS_CO_1620,P2,possible_teacher_over_score,17.0,three_way_core_score,10.8,6.2,6.2,5.0,3.0,5.0,absolute_disagreement,3.2,True,20.0,14.8,14.8,10.8,10.8,BND,7.3068,high,0.0,1.0,0.333333,a3wa_changed_score_materially|unstable_model_judgements,,,,"(1)当外设准备好时，向CPU发中断请求，CPU收到
中断请求后，若不允许中断，则通过INRA传0，若允许中断则通过INRA传1，且此时将CPU正在执行的指令中断，中断位置的地址入栈，再进入向量地址，执行外
设中断请求，执行过程中若有其他中断请求，则判断
断优先级，优先执行优先级高的请求。中断执行结束后，退出中断程序，读出中断位置的地址，继续执行先前的指令
(2)如图所示",data/csbench/student_images/CO_13/ANS_CO_1620.jpg
CO_13,ANS_CO_1643,P2,possible_teacher_over_score,16.0,three_way_core_score,9.8,6.2,6.2,5.0,3.0,5.0,absolute_disagreement,3.2,True,20.0,10.8,10.8,9.8,9.8,BND,5.3281,high,0.0,1.0,0.366667,unstable_model_judgements,,,,"(1) 外设发出中断请求，中断请求经过排队电路后按优先级进入CPU并得到处理
(2)如图所示。",data/csbench/student_images/CO_13/ANS_CO_1643.jpg
CO_13,ANS_CO_1617,P2,possible_teacher_over_score,19.0,three_way_core_score,13.0,6.0,6.0,5.0,2.8,5.0,absolute_disagreement,3.2,True,20.0,13.0,13.0,13.0,13.0,BND,4.9666,high,0.0,1.0,0.5,rubric_mapping_risk|unstable_model_judgements,,,,"(1)当CPU接收到中断信号且IF=1时，CPU中止当前运行的程序
CPU响应该中断并进行关中断、保护现场、入栈等操作。
若允许多级中断，则此处开中断，若不允许则不开。
接着CPU运行中断服务子程序，运行完后关中断，进行恢
复现场等操作，接着开中断，并返回之前未运行完的程序处。
多个同时中断还需进行中断优先。
(2)
屏蔽字
  MD MC MB MA
A 0  0  0   1
B 1  0  1   1
C 1  1  1   1
D 1  0  0   1
程序轨迹图如图所示",data/csbench/student_images/CO_13/ANS_CO_1617.jpg
CO_13,ANS_CO_1611,P2,possible_teacher_over_score,15.0,three_way_core_score,9.2,5.8,5.8,5.0,2.6,5.0,absolute_disagreement,3.2,True,20.0,8.2,8.2,9.2,9.2,BND,2.095,high,0.0,1.0,0.0,unstable_model_judgements,,,,"(1)外设发出中断请求,若CPU已响应其他中断请求,则进入等待,直到CPU完成相应中断后,则响应该外设中断请求.
(2)如图所示",data/csbench/student_images/CO_13/ANS_CO_1611.jpg
CO_13,ANS_CO_1616,P2,possible_teacher_over_score,14.0,three_way_core_score,8.3,5.7,5.7,5.0,2.5,5.0,absolute_disagreement,3.2,True,20.0,5.3,5.3,8.3,8.3,BND,0.9428,high,0.25,0.5,0.366667,a3wa_changed_score_materially,,,,"(1)
(2)如图所示",data/csbench/student_images/CO_13/ANS_CO_1616.jpg
CO_13,ANS_CO_1615,P2,possible_teacher_over_score,16.0,three_way_core_score,10.5,5.5,5.5,5.0,2.3,5.0,absolute_disagreement,3.2,True,20.0,6.5,6.5,10.5,10.5,BND,2.5495,high,0.0,1.0,0.366667,a3wa_changed_score_materially|unstable_model_judgements,,,,"(1)CPU在执行指令的时期，中断源发出请求，若中断优先级高于该指令时，则暂停执行该指令，执行中断源指令
(2)如图所示",data/csbench/student_images/CO_13/ANS_CO_1615.jpg
CO_13,ANS_CO_1489,P2,possible_teacher_over_score,18.0,three_way_core_score,12.7,5.3,5.3,5.0,2.1,5.0,absolute_disagreement,3.2,True,20.0,8.7,8.7,12.7,12.7,BND,2.2485,high,0.0,1.0,0.333333,a3wa_changed_score_materially|unstable_model_judgements,,,,"（1）CPU 检查是否有中断请求，若有并且 IF=1，允许中断响应
② 保护断点，CS,IP,PSW值入栈
③ 执行中断服务子程序，若有处理优先级更高的
  中断请求，则进入嵌中断子程序处理
④ 处理完毕，返回断点，执行主程序
(2)如图所示",data/csbench/student_images/CO_13/ANS_CO_1489.jpg
CO_13,ANS_CO_1554,P2,possible_teacher_over_score,16.0,three_way_core_score,10.7,5.3,5.3,5.0,2.1,5.0,absolute_disagreement,3.2,True,20.0,10.7,10.7,10.7,10.7,BND,6.884,high,0.0,1.0,0.383333,unstable_model_judgements,,,,"(1) CPU在运行程序时，若有中断请求，则可能有两种情况：
一种是CPU在接到中断请求后，立即停止运行程序，等待进行
数据输入和输出，完毕后继续运行程序。另一种是CPU在
接到中断请求后并不会立即停下来，而是继续运行，当数据
输入和输出完毕后，接到中断请求后，停下来，完成数据的
存储和转移等操作，之后继续运行程序。

(2) 屏蔽字对应如下：
        M_D  M_C  M_B  M_A
M_D      1    0    0    1
M_C      1    1    1    1
M_B      1    0    1    1
M_A      0    0    0    1

轨迹如下：
轨迹图如图所示。",data/csbench/student_images/CO_13/ANS_CO_1554.jpg
CO_13,ANS_CO_1589,P2,possible_teacher_under_score,12.0,three_way_core_score,16.8,-4.8,4.8,5.0,-8.0,5.0,within_question_outlier,3.2,True,20.0,16.8,16.8,16.8,16.8,POS,0.6236,high,0.0,0.375,0.0,,,,,"(1)中断响应应发出后,若此中断源的优先级高于CPU运行中的,则被中断,此中断源响应结束后,继续刚才被中断的运行,若此中断源的优先级低于CPU运行中的,则不产生中断.
(2)如图所示",data/csbench/student_images/CO_13/ANS_CO_1589.jpg
CO_13,ANS_CO_1496,P2,possible_teacher_under_score,14.0,three_way_core_score,18.3,-4.3,4.3,5.0,-7.5,5.0,within_question_outlier,3.2,True,20.0,18.3,18.3,18.3,18.3,BND,1.2472,high,0.0,0.75,0.2,,,,,"(1)CPU响应中断时要将开中断关闭，否则CPU在执行中断操作时仍会被中断。
CPU响应中断前要记录断点，方便执行完中断后继续返回执行之前未完成的操作。
CPU要先响应中断再置屏蔽字。
(2)如图所示",data/csbench/student_images/CO_13/ANS_CO_1496.jpg
CO_13,ANS_CO_1542,P2,possible_teacher_under_score,14.0,three_way_core_score,17.5,-3.5,3.5,5.0,-6.7,5.0,within_question_outlier,3.2,True,20.0,17.5,17.5,17.5,17.5,BND,2.273,high,0.0,1.0,0.383333,unstable_model_judgements,,,,"(1)先进行中断请求,后对中断源进行中断判优,优先级高的先进行中断响应,响应过程内应先关中断、存取断电,进行中断响应服务,服务中还可进行多层中断.
(2)如图所示",data/csbench/student_images/CO_13/ANS_CO_1542.jpg
CO_13,ANS_CO_1587,P2,possible_teacher_under_score,13.0,three_way_core_score,16.2,-3.2,3.2,5.0,-6.4,5.0,within_question_outlier,3.2,True,20.0,16.2,16.2,16.2,16.2,BND,1.5456,high,0.0,0.875,0.116667,,,,,"(1)接收中断信号→进行中断优先级判断→中断主程序→进入中断处理程序→恢复主程序
(2)如图所示",data/csbench/student_images/CO_13/ANS_CO_1587.jpg
CO_13,ANS_CO_1550,P2,possible_teacher_under_score,15.0,three_way_core_score,17.7,-2.7,2.7,5.0,-5.9,5.0,within_question_outlier,3.2,True,20.0,13.7,13.7,17.7,17.7,BND,2.6247,high,0.0,1.0,0.116667,a3wa_changed_score_materially|unstable_model_judgements,,,,"(1) CPU在执行用户程序时会开中断，当有中断源发生请求时，会接受请求并立即中断，然后会为中断源做出准备工作。然后再次开中断，如果此时有优先级更高的中断源发生请求时，会产生中断嵌套，然后重复上述操作直到处理完毕。
(2)如图所示",data/csbench/student_images/CO_13/ANS_CO_1550.jpg
CO_13,ANS_CO_1607,P2,possible_teacher_under_score,16.0,three_way_core_score,18.5,-2.5,2.5,5.0,-5.7,5.0,within_question_outlier,3.2,True,20.0,18.5,18.5,18.5,18.5,POS,0.7071,high,0.0,0.375,0.0,,,,,"(1)关中断、保存断点、中断响应、保存现场、中断服务执行、开中断、恢复现场
(2)如图所示",data/csbench/student_images/CO_13/ANS_CO_1607.jpg
CO_13,ANS_CO_1603,P2,possible_teacher_under_score,18.0,three_way_core_score,20.0,-2.0,2.0,5.0,-5.2,5.0,within_question_outlier,3.2,True,20.0,18.3,18.3,20.0,20.0,BND,1.6997,high,0.0,1.0,0.333333,,,,,"6.解：
（1）在外设作好数据传送的准备时，向CPU发送中断请求，INTR=1，CPU在接收到该中断请求之后检查MASK=0即未被屏蔽，则保存断点和保存现场，关中断之后响应该中断请求，转去执行中断子程序，执行完成后，恢复断点和现场，开中断并中断返回到断点处执行原程序。

（2）中断源的各屏蔽字如下：
中断源屏蔽字表如表所示。
A：MD=0，MC=0，MB=0，MA=1
B：MD=1，MC=0，MB=1，MA=1
C：MD=1，MC=1，MB=1，MA=1
D：MD=1，MC=0，MB=0，MA=1
响应优先级：A>B>C>D
处理优先级：C>B>D>A。
中断处理时序图如图所示。

首先响应A，置屏蔽字0001，此时外部还有B、C、D请求且均未被屏蔽，但B响应优先级较高，故跳到B置屏蔽字0101，C被屏蔽，故转去C，置屏蔽字为1111，故C执行完后回到B，此时还剩D请求但被B屏蔽了，故执行完B返回A，响应D并执行完D之后再将A剩余部分执行完后回到用户程序",data/csbench/student_images/CO_13/ANS_CO_1603.jpg
