question,student_id,teacher,single_first_score,model_avg_score,selected_baseline_score,final_calibrated_score,single_diff,avg_diff,selected_diff,final_diff,selected_abs_error,final_abs_error,avg_gain_vs_single,selected_gain_vs_avg,final_gain_vs_selected,final_gain_vs_avg,final_gain_vs_single,route,baseline_serious_error,risk_captured_by_route,safe_pos,task_type,complex_derivation_task,upper_consensus_eligible,baseline_policy,baseline_score_source,std_dev,blank_rate,U_E,U_S,U_R,primary_risk,primary_mu,boundary_action
CO_1,ANS,5.0,3.5,3.5,3.5,4.2,-1.5,-1.5,-1.5,-0.8,1.5,0.8,0.0,0.0,0.7,0.7,0.7,BND,False,False,False,calculation_derivation,True,True,model_avg,model_avg_score,0.0,0.0,0.0,0.0,0.0,0.0,1.0,medium_raise
CO_1,ANS,1.0,0.0,0.0,0.0,0.0,-1.0,-1.0,-1.0,-1.0,1.0,1.0,0.0,0.0,0.0,0.0,0.0,BND,False,False,False,calculation_derivation,True,True,model_avg,model_avg_score,0.0,0.33,0.3,0.0,0.3,0.2,0.8,keep_minor_change
CO_1,ANS,2.0,3.5,3.5,3.5,3.5,1.5,1.5,1.5,1.5,1.5,1.5,0.0,0.0,0.0,0.0,0.0,BND,False,False,False,calculation_derivation,True,True,model_avg,model_avg_score,0.0,0.33,0.3,0.0,0.3,0.2,0.8,keep_minor_change
CO_1,ANS,5.0,4.55,4.5,4.5,4.5,-0.45,-0.5,-0.5,-0.5,0.5,0.5,-0.05,0.0,0.0,0.0,-0.05,POS,False,False,True,calculation_derivation,True,True,model_avg,model_avg_score,0.0,0.0,0.0,0.0,0.0,0.0,1.0,
CO_1,ANS,5.0,3.5,3.2,3.2,3.2,-1.5,-1.8,-1.8,-1.8,1.8,1.8,-0.3,0.0,0.0,0.0,-0.3,BND,False,False,False,calculation_derivation,True,True,model_avg,model_avg_score,0.3536,0.0,0.0,0.75,0.0,0.25,0.75,reject_lower
CO_1,ANS,1.0,0.0,0.0,0.0,0.0,-1.0,-1.0,-1.0,-1.0,1.0,1.0,0.0,0.0,0.0,0.0,0.0,BND,False,False,False,calculation_derivation,True,True,model_avg,model_avg_score,0.0,0.67,0.7,0.0,0.7,0.466667,0.533333,keep_minor_change
CO_1,ANS,2.0,2.0,2.0,2.0,2.0,0.0,0.0,0.0,0.0,0.0,0.0,0.0,0.0,0.0,0.0,0.0,BND,False,False,False,calculation_derivation,True,True,model_avg,model_avg_score,0.0,0.33,0.3,0.0,0.3,0.2,0.8,keep_minor_change
CO_1,ANS,2.0,2.0,2.0,2.0,2.0,0.0,0.0,0.0,0.0,0.0,0.0,0.0,0.0,0.0,0.0,0.0,BND,False,False,False,calculation_derivation,True,True,model_avg,model_avg_score,0.0,0.33,0.3,0.0,0.3,0.2,0.8,keep_minor_change
CO_1,ANS,0.0,0.0,0.0,0.0,0.0,0.0,0.0,0.0,0.0,0.0,0.0,0.0,0.0,0.0,0.0,0.0,BND,False,False,False,calculation_derivation,True,True,model_avg,model_avg_score,0.0,0.67,0.7,0.0,0.7,0.466667,0.533333,keep_minor_change
CO_1,ANS,2.0,2.0,1.6,1.6,1.6,0.0,-0.4,-0.4,-0.4,0.4,0.4,-0.4,0.0,0.0,0.0,-0.4,BND,False,False,False,calculation_derivation,True,True,model_avg,model_avg_score,0.2828,0.33,0.3,0.6,0.3,0.4,0.6,reject_raise
CO_1,ANS,0.0,0.0,0.0,0.0,0.0,0.0,0.0,0.0,0.0,0.0,0.0,0.0,0.0,0.0,0.0,0.0,BND,False,False,False,calculation_derivation,True,True,model_avg,model_avg_score,0.0,0.0,0.0,0.0,0.0,0.0,1.0,keep_minor_change
CO_1,ANS,5.0,5.0,5.0,5.0,5.0,0.0,0.0,0.0,0.0,0.0,0.0,0.0,0.0,0.0,0.0,0.0,POS,False,False,True,calculation_derivation,True,True,model_avg,model_avg_score,0.0,0.0,0.0,0.0,0.0,0.0,1.0,
CO_1,ANS,5.0,1.5,1.7,1.7,1.7,-3.5,-3.3,-3.3,-3.3,3.3,3.3,0.2,0.0,0.0,0.0,0.2,BND,True,True,False,calculation_derivation,True,True,model_avg,model_avg_score,0.2357,0.0,0.0,0.5,0.0,0.166667,0.833333,reject_raise
CO_1,ANS,5.0,3.5,3.5,3.5,4.2,-1.5,-1.5,-1.5,-0.8,1.5,0.8,0.0,0.0,0.7,0.7,0.7,BND,False,False,False,calculation_derivation,True,True,model_avg,model_avg_score,0.0,0.0,0.0,0.0,0.0,0.0,1.0,medium_raise
CO_1,ANS,0.0,0.0,0.0,0.0,0.0,0.0,0.0,0.0,0.0,0.0,0.0,0.0,0.0,0.0,0.0,0.0,BND,False,False,False,calculation_derivation,True,True,model_avg,model_avg_score,0.0,1.0,1.0,0.0,1.0,0.666667,0.333333,keep_minor_change
CO_1,ANS,0.0,0.0,0.0,0.0,0.0,0.0,0.0,0.0,0.0,0.0,0.0,0.0,0.0,0.0,0.0,0.0,BND,False,False,False,calculation_derivation,True,True,model_avg,model_avg_score,0.0,0.0,0.0,0.0,0.0,0.0,1.0,keep_minor_change
CO_1,ANS,5.0,5.0,5.0,5.0,5.0,0.0,0.0,0.0,0.0,0.0,0.0,0.0,0.0,0.0,0.0,0.0,POS,False,False,True,calculation_derivation,True,True,model_avg,model_avg_score,0.0,0.0,0.0,0.0,0.0,0.0,1.0,
CO_1,ANS,0.0,1.5,0.5,0.5,0.5,1.5,0.5,0.5,0.5,0.5,0.5,1.0,0.0,0.0,0.0,1.0,BND,False,False,False,calculation_derivation,True,True,model_avg,model_avg_score,0.7071,0.0,0.0,1.0,0.0,0.333333,0.666667,keep_minor_change
CO_1,ANS,0.0,0.0,0.0,0.0,0.0,0.0,0.0,0.0,0.0,0.0,0.0,0.0,0.0,0.0,0.0,0.0,BND,False,False,False,calculation_derivation,True,True,model_avg,model_avg_score,0.0,0.67,0.7,0.0,0.7,0.466667,0.533333,keep_minor_change
CO_1,ANS,5.0,3.5,4.5,4.5,4.5,-1.5,-0.5,-0.5,-0.5,0.5,0.5,1.0,0.0,0.0,0.0,1.0,BND,False,False,False,calculation_derivation,True,True,model_avg,model_avg_score,0.7071,0.0,0.0,1.0,0.0,0.333333,0.666667,reject_raise
CO_1,ANS,0.0,0.0,0.0,0.0,0.0,0.0,0.0,0.0,0.0,0.0,0.0,0.0,0.0,0.0,0.0,0.0,BND,False,False,False,calculation_derivation,True,True,model_avg,model_avg_score,0.0,0.67,0.7,0.0,0.7,0.466667,0.533333,keep_minor_change
CO_1,ANS,5.0,5.0,4.0,4.0,4.0,0.0,-1.0,-1.0,-1.0,1.0,1.0,-1.0,0.0,0.0,0.0,-1.0,BND,False,False,False,calculation_derivation,True,True,model_avg,model_avg_score,0.7071,0.0,0.0,1.0,0.0,0.333333,0.666667,reject_raise
CO_1,ANS,2.0,2.0,2.0,2.0,2.0,0.0,0.0,0.0,0.0,0.0,0.0,0.0,0.0,0.0,0.0,0.0,BND,False,False,False,calculation_derivation,True,True,model_avg,model_avg_score,0.0,0.33,0.3,0.0,0.3,0.2,0.8,keep_minor_change
CO_1,ANS,2.0,1.4,1.4,1.4,1.4,-0.6,-0.6,-0.6,-0.6,0.6,0.6,0.0,0.0,0.0,0.0,0.0,BND,False,False,False,calculation_derivation,True,True,model_avg,model_avg_score,0.0,0.0,0.0,0.0,0.0,0.0,1.0,reject_raise
CO_1,ANS,5.0,5.0,5.0,5.0,5.0,0.0,0.0,0.0,0.0,0.0,0.0,0.0,0.0,0.0,0.0,0.0,POS,False,False,True,calculation_derivation,True,True,model_avg,model_avg_score,0.0,0.0,0.0,0.0,0.0,0.0,1.0,
CO_1,ANS,2.0,3.05,3.2,3.2,3.2,1.05,1.2,1.2,1.2,1.2,1.2,-0.15,0.0,0.0,0.0,-0.15,BND,False,False,False,calculation_derivation,True,True,model_avg,model_avg_score,0.2121,0.0,0.0,0.45,0.0,0.15,0.85,keep_minor_change
CO_1,ANS,2.0,1.4,2.0,2.0,2.0,-0.6,0.0,0.0,0.0,0.0,0.0,0.6,0.0,0.0,0.0,0.6,BND,False,False,False,calculation_derivation,True,True,model_avg,model_avg_score,0.4497,0.33,0.3,1.0,0.3,0.533333,0.466667,keep_minor_change
CO_1,ANS,1.0,2.0,1.8,1.8,1.8,1.0,0.8,0.8,0.8,0.8,0.8,0.2,0.0,0.0,0.0,0.2,BND,False,False,False,calculation_derivation,True,True,model_avg,model_avg_score,0.2828,0.33,0.3,0.6,0.3,0.4,0.6,reject_raise
CO_1,ANS,0.0,0.0,0.2,0.2,0.2,0.0,0.2,0.2,0.2,0.2,0.2,-0.2,0.0,0.0,0.0,-0.2,BND,False,False,False,calculation_derivation,True,True,model_avg,model_avg_score,0.2357,0.67,0.6,0.5,0.6,0.566667,0.433333,keep_minor_change
CO_1,ANS,5.0,5.0,4.7,4.7,4.7,0.0,-0.3,-0.3,-0.3,0.3,0.3,-0.3,0.0,0.0,0.0,-0.3,BND,False,False,False,calculation_derivation,True,True,model_avg,model_avg_score,0.4714,0.0,0.0,1.0,0.0,0.333333,0.666667,keep_minor_change
CO_1,ANS,5.0,5.0,5.0,5.0,5.0,0.0,0.0,0.0,0.0,0.0,0.0,0.0,0.0,0.0,0.0,0.0,POS,False,False,True,calculation_derivation,True,True,model_avg,model_avg_score,0.0,0.0,0.0,0.0,0.0,0.0,1.0,
CO_1,ANS,2.0,1.4,1.4,1.4,1.4,-0.6,-0.6,-0.6,-0.6,0.6,0.6,0.0,0.0,0.0,0.0,0.0,BND,False,False,False,calculation_derivation,True,True,model_avg,model_avg_score,0.0,0.33,0.3,0.0,0.3,0.2,0.8,keep_minor_change
CO_1,ANS,5.0,4.55,4.5,4.5,4.5,-0.45,-0.5,-0.5,-0.5,0.5,0.5,-0.05,0.0,0.0,0.0,-0.05,POS,False,False,True,calculation_derivation,True,True,model_avg,model_avg_score,0.0,0.0,0.0,0.0,0.0,0.0,1.0,
CO_1,ANS,2.0,2.0,2.0,2.0,2.0,0.0,0.0,0.0,0.0,0.0,0.0,0.0,0.0,0.0,0.0,0.0,BND,False,False,False,calculation_derivation,True,True,model_avg,model_avg_score,0.0,0.0,0.0,0.0,0.0,0.0,1.0,keep_minor_change
CO_1,ANS,2.0,3.5,3.5,3.5,3.5,1.5,1.5,1.5,1.5,1.5,1.5,0.0,0.0,0.0,0.0,0.0,BND,False,False,False,calculation_derivation,True,True,model_avg,model_avg_score,0.0,0.0,0.0,0.0,0.0,0.0,1.0,keep_minor_change
CO_1,ANS,0.0,0.0,0.0,0.0,0.0,0.0,0.0,0.0,0.0,0.0,0.0,0.0,0.0,0.0,0.0,0.0,BND,False,False,False,calculation_derivation,True,True,model_avg,model_avg_score,0.0,0.33,0.3,0.0,0.3,0.2,0.8,keep_minor_change
CO_1,ANS,0.0,2.0,2.0,2.0,2.0,2.0,2.0,2.0,2.0,2.0,2.0,0.0,0.0,0.0,0.0,0.0,BND,False,False,False,calculation_derivation,True,True,model_avg,model_avg_score,0.0,0.33,0.3,0.0,0.3,0.2,0.8,keep_minor_change
CO_1,ANS,2.0,3.5,3.7,3.7,3.7,1.5,1.7,1.7,1.7,1.7,1.7,-0.2,0.0,0.0,0.0,-0.2,BND,False,False,False,calculation_derivation,True,True,model_avg,model_avg_score,0.2357,0.0,0.0,0.5,0.0,0.166667,0.833333,reject_lower
CO_1,ANS,5.0,5.0,5.0,5.0,5.0,0.0,0.0,0.0,0.0,0.0,0.0,0.0,0.0,0.0,0.0,0.0,POS,False,False,True,calculation_derivation,True,True,model_avg,model_avg_score,0.0,0.0,0.0,0.0,0.0,0.0,1.0,
CO_1,ANS,5.0,5.0,5.0,5.0,5.0,0.0,0.0,0.0,0.0,0.0,0.0,0.0,0.0,0.0,0.0,0.0,POS,False,False,True,calculation_derivation,True,True,model_avg,model_avg_score,0.0,0.0,0.0,0.0,0.0,0.0,1.0,
CO_1,ANS,0.0,0.0,0.0,0.0,0.0,0.0,0.0,0.0,0.0,0.0,0.0,0.0,0.0,0.0,0.0,0.0,BND,False,False,False,calculation_derivation,True,True,model_avg,model_avg_score,0.0,0.67,0.7,0.0,0.7,0.466667,0.533333,keep_minor_change
CO_1,ANS,5.0,3.95,3.8,3.8,3.8,-1.05,-1.2,-1.2,-1.2,1.2,1.2,-0.15,0.0,0.0,0.0,-0.15,BND,False,False,False,calculation_derivation,True,True,model_avg,model_avg_score,0.2248,0.0,0.0,0.5,0.0,0.166667,0.833333,keep_minor_change
CO_1,ANS,5.0,5.0,4.6,4.6,4.6,0.0,-0.4,-0.4,-0.4,0.4,0.4,-0.4,0.0,0.0,0.0,-0.4,BND,False,False,False,calculation_derivation,True,True,model_avg,model_avg_score,0.495,0.0,0.0,1.0,0.0,0.333333,0.666667,reject_raise
CO_1,ANS,2.0,2.0,2.3,2.3,2.3,0.0,0.3,0.3,0.3,0.3,0.3,-0.3,0.0,0.0,0.0,-0.3,BND,False,False,False,calculation_derivation,True,True,model_avg,model_avg_score,0.4714,0.0,0.0,1.0,0.0,0.333333,0.666667,keep_minor_change
CO_1,ANS,2.0,2.0,2.0,2.0,2.0,0.0,0.0,0.0,0.0,0.0,0.0,0.0,0.0,0.0,0.0,0.0,BND,False,False,False,calculation_derivation,True,True,model_avg,model_avg_score,0.0,0.0,0.0,0.0,0.0,0.0,1.0,keep_minor_change
CO_1,ANS,2.0,2.0,2.0,2.0,2.0,0.0,0.0,0.0,0.0,0.0,0.0,0.0,0.0,0.0,0.0,0.0,BND,False,False,False,calculation_derivation,True,True,model_avg,model_avg_score,0.0,0.33,0.3,0.0,0.3,0.2,0.8,keep_minor_change
CO_1,ANS,5.0,1.05,1.2,1.2,1.2,-3.95,-3.8,-3.8,-3.8,3.8,3.8,0.15,0.0,0.0,0.0,0.15,BND,True,True,False,calculation_derivation,True,True,model_avg,model_avg_score,0.2121,0.67,0.7,0.45,0.7,0.616667,0.383333,reject_raise
CO_1,ANS,5.0,5.0,5.0,5.0,5.0,0.0,0.0,0.0,0.0,0.0,0.0,0.0,0.0,0.0,0.0,0.0,POS,False,False,True,calculation_derivation,True,True,model_avg,model_avg_score,0.0,0.0,0.0,0.0,0.0,0.0,1.0,
CO_1,ANS,5.0,3.5,4.5,4.5,4.5,-1.5,-0.5,-0.5,-0.5,0.5,0.5,1.0,0.0,0.0,0.0,1.0,BND,False,False,False,calculation_derivation,True,True,model_avg,model_avg_score,0.7071,0.0,0.0,1.0,0.0,0.333333,0.666667,reject_raise
CO_1,ANS,2.0,3.5,3.5,3.5,3.5,1.5,1.5,1.5,1.5,1.5,1.5,0.0,0.0,0.0,0.0,0.0,BND,False,False,False,calculation_derivation,True,True,model_avg,model_avg_score,0.0,0.0,0.0,0.0,0.0,0.0,1.0,keep_minor_change
CO_1,ANS,5.0,3.5,3.5,3.5,3.5,-1.5,-1.5,-1.5,-1.5,1.5,1.5,0.0,0.0,0.0,0.0,0.0,BND,False,False,False,calculation_derivation,True,True,model_avg,model_avg_score,0.0,0.33,0.3,0.0,0.3,0.2,0.8,keep_minor_change
CO_1,ANS,5.0,5.0,5.0,5.0,5.0,0.0,0.0,0.0,0.0,0.0,0.0,0.0,0.0,0.0,0.0,0.0,POS,False,False,True,calculation_derivation,True,True,model_avg,model_avg_score,0.0,0.0,0.0,0.0,0.0,0.0,1.0,
CO_1,ANS,0.0,0.0,0.0,0.0,0.0,0.0,0.0,0.0,0.0,0.0,0.0,0.0,0.0,0.0,0.0,0.0,BND,False,False,False,calculation_derivation,True,True,model_avg,model_avg_score,0.0,0.0,0.0,0.0,0.0,0.0,1.0,keep_minor_change
CO_1,ANS,5.0,3.5,3.5,3.5,3.5,-1.5,-1.5,-1.5,-1.5,1.5,1.5,0.0,0.0,0.0,0.0,0.0,BND,False,False,False,calculation_derivation,True,True,model_avg,model_avg_score,0.0,0.0,0.0,0.0,0.0,0.0,1.0,keep_minor_change
CO_1,ANS,1.0,2.0,2.0,2.0,2.0,1.0,1.0,1.0,1.0,1.0,1.0,0.0,0.0,0.0,0.0,0.0,BND,False,False,False,calculation_derivation,True,True,model_avg,model_avg_score,0.0,0.33,0.3,0.0,0.3,0.2,0.8,keep_minor_change
CO_1,ANS,2.0,2.0,2.0,2.0,2.0,0.0,0.0,0.0,0.0,0.0,0.0,0.0,0.0,0.0,0.0,0.0,BND,False,False,False,calculation_derivation,True,True,model_avg,model_avg_score,0.0,0.0,0.0,0.0,0.0,0.0,1.0,keep_minor_change
CO_1,ANS,5.0,5.0,5.0,5.0,5.0,0.0,0.0,0.0,0.0,0.0,0.0,0.0,0.0,0.0,0.0,0.0,POS,False,False,True,calculation_derivation,True,True,model_avg,model_avg_score,0.0,0.0,0.0,0.0,0.0,0.0,1.0,
CO_1,ANS,5.0,5.0,4.5,4.5,4.5,0.0,-0.5,-0.5,-0.5,0.5,0.5,-0.5,0.0,0.0,0.0,-0.5,BND,False,False,False,calculation_derivation,True,True,model_avg,model_avg_score,0.7071,0.0,0.0,1.0,0.0,0.333333,0.666667,reject_raise
CO_1,ANS,0.0,0.0,0.0,0.0,0.0,0.0,0.0,0.0,0.0,0.0,0.0,0.0,0.0,0.0,0.0,0.0,BND,False,False,False,calculation_derivation,True,True,model_avg,model_avg_score,0.0,1.0,1.0,0.0,1.0,0.666667,0.333333,keep_minor_change
CO_1,ANS,5.0,5.0,4.7,4.7,4.7,0.0,-0.3,-0.3,-0.3,0.3,0.3,-0.3,0.0,0.0,0.0,-0.3,BND,False,False,False,calculation_derivation,True,True,model_avg,model_avg_score,0.4243,0.0,0.0,0.9,0.0,0.3,0.7,keep_minor_change
CO_1,ANS,0.0,0.0,0.0,0.0,0.0,0.0,0.0,0.0,0.0,0.0,0.0,0.0,0.0,0.0,0.0,0.0,BND,False,False,False,calculation_derivation,True,True,model_avg,model_avg_score,0.0,0.67,0.7,0.0,0.7,0.466667,0.533333,keep_minor_change
CO_1,ANS,5.0,5.0,5.0,5.0,5.0,0.0,0.0,0.0,0.0,0.0,0.0,0.0,0.0,0.0,0.0,0.0,POS,False,False,True,calculation_derivation,True,True,model_avg,model_avg_score,0.0,0.0,0.0,0.0,0.0,0.0,1.0,
CO_1,ANS,5.0,1.5,1.3,1.3,1.3,-3.5,-3.7,-3.7,-3.7,3.7,3.7,-0.2,0.0,0.0,0.0,-0.2,BND,True,True,False,calculation_derivation,True,True,model_avg,model_avg_score,0.2357,0.67,0.7,0.5,0.7,0.633333,0.366667,reject_raise
CO_1,ANS,5.0,5.0,5.0,5.0,5.0,0.0,0.0,0.0,0.0,0.0,0.0,0.0,0.0,0.0,0.0,0.0,POS,False,False,True,calculation_derivation,True,True,model_avg,model_avg_score,0.0,0.0,0.0,0.0,0.0,0.0,1.0,
CO_1,ANS,5.0,5.0,5.0,5.0,5.0,0.0,0.0,0.0,0.0,0.0,0.0,0.0,0.0,0.0,0.0,0.0,POS,False,False,True,calculation_derivation,True,True,model_avg,model_avg_score,0.0,0.0,0.0,0.0,0.0,0.0,1.0,
CO_1,ANS,2.0,0.0,0.0,0.0,0.0,-2.0,-2.0,-2.0,-2.0,2.0,2.0,0.0,0.0,0.0,0.0,0.0,BND,False,False,False,calculation_derivation,True,True,model_avg,model_avg_score,0.0,0.67,0.7,0.0,0.7,0.466667,0.533333,keep_minor_change
CO_1,ANS,2.0,0.0,0.0,0.0,0.0,-2.0,-2.0,-2.0,-2.0,2.0,2.0,0.0,0.0,0.0,0.0,0.0,BND,False,False,False,calculation_derivation,True,True,model_avg,model_avg_score,0.0,0.67,0.7,0.0,0.7,0.466667,0.533333,keep_minor_change
CO_1,ANS,5.0,5.0,5.0,5.0,5.0,0.0,0.0,0.0,0.0,0.0,0.0,0.0,0.0,0.0,0.0,0.0,POS,False,False,True,calculation_derivation,True,True,model_avg,model_avg_score,0.0,0.0,0.0,0.0,0.0,0.0,1.0,
CO_1,ANS,5.0,5.0,5.0,5.0,5.0,0.0,0.0,0.0,0.0,0.0,0.0,0.0,0.0,0.0,0.0,0.0,POS,False,False,True,calculation_derivation,True,True,model_avg,model_avg_score,0.0,0.0,0.0,0.0,0.0,0.0,1.0,
CO_1,ANS,5.0,3.5,3.5,3.5,4.2,-1.5,-1.5,-1.5,-0.8,1.5,0.8,0.0,0.0,0.7,0.7,0.7,BND,False,False,False,calculation_derivation,True,True,model_avg,model_avg_score,0.0,0.0,0.0,0.0,0.0,0.0,1.0,medium_raise
CO_1,ANS,5.0,5.0,5.0,5.0,5.0,0.0,0.0,0.0,0.0,0.0,0.0,0.0,0.0,0.0,0.0,0.0,POS,False,False,True,calculation_derivation,True,True,model_avg,model_avg_score,0.0,0.0,0.0,0.0,0.0,0.0,1.0,
CO_1,ANS,2.0,2.0,2.0,2.0,2.0,0.0,0.0,0.0,0.0,0.0,0.0,0.0,0.0,0.0,0.0,0.0,BND,False,False,False,calculation_derivation,True,True,model_avg,model_avg_score,0.0,0.0,0.0,0.0,0.0,0.0,1.0,keep_minor_change
CO_1,ANS,2.0,2.0,2.0,2.0,2.0,0.0,0.0,0.0,0.0,0.0,0.0,0.0,0.0,0.0,0.0,0.0,BND,False,False,False,calculation_derivation,True,True,model_avg,model_avg_score,0.0,0.33,0.3,0.0,0.3,0.2,0.8,keep_minor_change
CO_1,ANS,5.0,5.0,5.0,5.0,5.0,0.0,0.0,0.0,0.0,0.0,0.0,0.0,0.0,0.0,0.0,0.0,POS,False,False,True,calculation_derivation,True,True,model_avg,model_avg_score,0.0,0.0,0.0,0.0,0.0,0.0,1.0,
CO_1,ANS,2.0,2.0,2.0,2.0,2.0,0.0,0.0,0.0,0.0,0.0,0.0,0.0,0.0,0.0,0.0,0.0,BND,False,False,False,calculation_derivation,True,True,model_avg,model_avg_score,0.0,0.33,0.3,0.0,0.3,0.2,0.8,keep_minor_change
CO_1,ANS,5.0,4.55,4.5,4.5,4.5,-0.45,-0.5,-0.5,-0.5,0.5,0.5,-0.05,0.0,0.0,0.0,-0.05,POS,False,False,True,calculation_derivation,True,True,model_avg,model_avg_score,0.0,0.0,0.0,0.0,0.0,0.0,1.0,
CO_1,ANS,5.0,1.5,1.5,1.5,1.5,-3.5,-3.5,-3.5,-3.5,3.5,3.5,0.0,0.0,0.0,0.0,0.0,BND,True,True,False,calculation_derivation,True,True,model_avg,model_avg_score,0.0,0.67,0.7,0.0,0.7,0.466667,0.533333,keep_minor_change
CO_1,ANS,0.0,0.0,0.0,0.0,0.0,0.0,0.0,0.0,0.0,0.0,0.0,0.0,0.0,0.0,0.0,0.0,BND,False,False,False,calculation_derivation,True,True,model_avg,model_avg_score,0.0,0.67,0.7,0.0,0.7,0.466667,0.533333,keep_minor_change
CO_1,ANS,2.0,0.0,0.0,0.0,0.0,-2.0,-2.0,-2.0,-2.0,2.0,2.0,0.0,0.0,0.0,0.0,0.0,BND,False,False,False,calculation_derivation,True,True,model_avg,model_avg_score,0.0,0.67,0.7,0.0,0.7,0.466667,0.533333,keep_minor_change
CO_1,ANS,1.0,1.5,1.3,1.3,1.3,0.5,0.3,0.3,0.3,0.3,0.3,0.2,0.0,0.0,0.0,0.2,BND,False,False,False,calculation_derivation,True,True,model_avg,model_avg_score,0.2121,0.33,0.4,0.45,0.4,0.416667,0.583333,keep_minor_change
CO_1,ANS,5.0,5.0,5.0,5.0,5.0,0.0,0.0,0.0,0.0,0.0,0.0,0.0,0.0,0.0,0.0,0.0,POS,False,False,True,calculation_derivation,True,True,model_avg,model_avg_score,0.0,0.0,0.0,0.0,0.0,0.0,1.0,
CO_1,ANS,5.0,3.5,3.5,3.5,4.2,-1.5,-1.5,-1.5,-0.8,1.5,0.8,0.0,0.0,0.7,0.7,0.7,BND,False,False,False,calculation_derivation,True,True,model_avg,model_avg_score,0.0,0.0,0.0,0.0,0.0,0.0,1.0,medium_raise
CO_1,ANS,5.0,4.1,4.1,4.1,4.1,-0.9,-0.9,-0.9,-0.9,0.9,0.9,0.0,0.0,0.0,0.0,0.0,POS,False,False,True,calculation_derivation,True,True,model_avg,model_avg_score,0.0,0.0,0.0,0.0,0.0,0.0,1.0,
CO_1,ANS,0.0,0.0,0.0,0.0,0.0,0.0,0.0,0.0,0.0,0.0,0.0,0.0,0.0,0.0,0.0,0.0,BND,False,False,False,calculation_derivation,True,True,model_avg,model_avg_score,0.0,0.0,0.0,0.0,0.0,0.0,1.0,keep_minor_change
CO_1,ANS,2.0,2.0,2.0,2.0,2.0,0.0,0.0,0.0,0.0,0.0,0.0,0.0,0.0,0.0,0.0,0.0,BND,False,False,False,calculation_derivation,True,True,model_avg,model_avg_score,0.0,0.33,0.3,0.0,0.3,0.2,0.8,keep_minor_change
CO_1,ANS,5.0,5.0,5.0,5.0,5.0,0.0,0.0,0.0,0.0,0.0,0.0,0.0,0.0,0.0,0.0,0.0,POS,False,False,True,calculation_derivation,True,True,model_avg,model_avg_score,0.0,0.0,0.0,0.0,0.0,0.0,1.0,
CO_1,ANS,2.0,3.5,3.5,3.5,3.5,1.5,1.5,1.5,1.5,1.5,1.5,0.0,0.0,0.0,0.0,0.0,BND,False,False,False,calculation_derivation,True,True,model_avg,model_avg_score,0.0,0.0,0.0,0.0,0.0,0.0,1.0,keep_minor_change
CO_1,ANS,0.0,0.0,0.0,0.0,0.0,0.0,0.0,0.0,0.0,0.0,0.0,0.0,0.0,0.0,0.0,0.0,BND,False,False,False,calculation_derivation,True,True,model_avg,model_avg_score,0.0,0.33,0.3,0.0,0.3,0.2,0.8,keep_minor_change
CO_1,ANS,0.0,2.0,2.0,2.0,2.0,2.0,2.0,2.0,2.0,2.0,2.0,0.0,0.0,0.0,0.0,0.0,BND,False,False,False,calculation_derivation,True,True,model_avg,model_avg_score,0.0,0.33,0.3,0.0,0.3,0.2,0.8,keep_minor_change
CO_1,ANS,0.0,0.0,0.0,0.0,0.0,0.0,0.0,0.0,0.0,0.0,0.0,0.0,0.0,0.0,0.0,0.0,BND,False,False,False,calculation_derivation,True,True,model_avg,model_avg_score,0.0,0.67,0.85,0.0,0.85,0.566667,0.433333,keep_minor_change
CO_1,ANS,1.0,0.0,0.0,0.0,0.0,-1.0,-1.0,-1.0,-1.0,1.0,1.0,0.0,0.0,0.0,0.0,0.0,BND,False,False,False,calculation_derivation,True,True,model_avg,model_avg_score,0.0,0.33,0.3,0.0,0.3,0.2,0.8,keep_minor_change
CO_1,ANS,0.0,0.0,0.0,0.0,0.0,0.0,0.0,0.0,0.0,0.0,0.0,0.0,0.0,0.0,0.0,0.0,BND,False,False,False,calculation_derivation,True,True,model_avg,model_avg_score,0.0,1.0,1.0,0.0,1.0,0.666667,0.333333,keep_minor_change
CO_1,ANS,0.0,0.0,0.0,0.0,0.0,0.0,0.0,0.0,0.0,0.0,0.0,0.0,0.0,0.0,0.0,0.0,BND,False,False,False,calculation_derivation,True,True,model_avg,model_avg_score,0.0,0.33,0.3,0.0,0.3,0.2,0.8,keep_minor_change
CO_1,ANS,5.0,5.0,5.0,5.0,5.0,0.0,0.0,0.0,0.0,0.0,0.0,0.0,0.0,0.0,0.0,0.0,POS,False,False,True,calculation_derivation,True,True,model_avg,model_avg_score,0.0,0.0,0.0,0.0,0.0,0.0,1.0,
CO_1,ANS,5.0,5.0,5.0,5.0,5.0,0.0,0.0,0.0,0.0,0.0,0.0,0.0,0.0,0.0,0.0,0.0,POS,False,False,True,calculation_derivation,True,True,model_avg,model_avg_score,0.0,0.0,0.0,0.0,0.0,0.0,1.0,
CO_1,ANS,2.0,2.0,2.0,2.0,2.0,0.0,0.0,0.0,0.0,0.0,0.0,0.0,0.0,0.0,0.0,0.0,BND,False,False,False,calculation_derivation,True,True,model_avg,model_avg_score,0.0,0.33,0.3,0.0,0.3,0.2,0.8,keep_minor_change
CO_1,ANS,1.0,0.0,0.0,0.0,0.0,-1.0,-1.0,-1.0,-1.0,1.0,1.0,0.0,0.0,0.0,0.0,0.0,BND,False,False,False,calculation_derivation,True,True,model_avg,model_avg_score,0.0,0.67,0.7,0.0,0.7,0.466667,0.533333,keep_minor_change
CO_1,ANS,2.0,2.0,2.0,2.0,2.0,0.0,0.0,0.0,0.0,0.0,0.0,0.0,0.0,0.0,0.0,0.0,BND,False,False,False,calculation_derivation,True,True,model_avg,model_avg_score,0.0,0.0,0.0,0.0,0.0,0.0,1.0,keep_minor_change
CO_1,ANS,2.0,3.5,3.3,3.3,3.8,1.5,1.3,1.3,1.8,1.3,1.8,0.2,0.0,-0.5,-0.5,-0.3,BND,False,False,False,calculation_derivation,True,True,model_avg,model_avg_score,0.2357,0.0,0.0,0.5,0.0,0.166667,0.833333,small_raise
CO_1,ANS,1.0,2.0,1.8,1.8,1.8,1.0,0.8,0.8,0.8,0.8,0.8,0.2,0.0,0.0,0.0,0.2,BND,False,False,False,calculation_derivation,True,True,model_avg,model_avg_score,0.2828,0.0,0.0,0.6,0.0,0.2,0.8,reject_raise
CO_1,ANS,5.0,5.0,5.0,5.0,5.0,0.0,0.0,0.0,0.0,0.0,0.0,0.0,0.0,0.0,0.0,0.0,POS,False,False,True,calculation_derivation,True,True,model_avg,model_avg_score,0.0,0.0,0.0,0.0,0.0,0.0,1.0,
CO_1,ANS,5.0,5.0,5.0,5.0,5.0,0.0,0.0,0.0,0.0,0.0,0.0,0.0,0.0,0.0,0.0,0.0,POS,False,False,True,calculation_derivation,True,True,model_avg,model_avg_score,0.0,0.0,0.0,0.0,0.0,0.0,1.0,
CO_1,ANS,2.0,2.0,2.0,2.0,2.0,0.0,0.0,0.0,0.0,0.0,0.0,0.0,0.0,0.0,0.0,0.0,BND,False,False,False,calculation_derivation,True,True,model_avg,model_avg_score,0.0,0.33,0.3,0.0,0.3,0.2,0.8,keep_minor_change
CO_1,ANS,5.0,4.1,4.7,4.7,4.7,-0.9,-0.3,-0.3,-0.3,0.3,0.3,0.6,0.0,0.0,0.0,0.6,BND,False,False,False,calculation_derivation,True,True,model_avg,model_avg_score,0.4243,0.0,0.0,0.9,0.0,0.3,0.7,keep_minor_change
CO_2,ANS,15.0,18.0,18.0,18.0,18.0,3.0,3.0,3.0,3.0,3.0,3.0,0.0,0.0,0.0,0.0,0.0,BND,True,True,False,algorithmic_or_mapping,True,False,model_avg,model_avg_score,0.0,0.0,0.25,0.0,0.25,0.166667,0.833333,keep_minor_change
CO_2,ANS,15.0,18.0,18.0,18.0,18.0,3.0,3.0,3.0,3.0,3.0,3.0,0.0,0.0,0.0,0.0,0.0,BND,True,True,False,algorithmic_or_mapping,True,False,model_avg,model_avg_score,0.0,0.0,0.25,0.0,0.25,0.166667,0.833333,keep_minor_change
CO_2,ANS,15.0,3.0,3.0,3.0,3.0,-12.0,-12.0,-12.0,-12.0,12.0,12.0,0.0,0.0,0.0,0.0,0.0,BND,True,True,False,algorithmic_or_mapping,True,False,model_avg,model_avg_score,0.0,0.5,0.5,0.0,0.5,0.333333,0.666667,keep_minor_change
CO_2,ANS,0.0,0.0,0.0,0.0,0.0,0.0,0.0,0.0,0.0,0.0,0.0,0.0,0.0,0.0,0.0,0.0,BND,False,False,False,algorithmic_or_mapping,True,False,model_avg,model_avg_score,0.0,1.0,1.0,0.0,1.0,0.666667,0.333333,keep_minor_change
CO_2,ANS,18.0,5.0,5.0,5.0,5.0,-13.0,-13.0,-13.0,-13.0,13.0,13.0,0.0,0.0,0.0,0.0,0.0,BND,True,True,False,algorithmic_or_mapping,True,False,model_avg,model_avg_score,0.0,0.0,0.0,0.0,0.0,0.0,1.0,keep_minor_change
CO_2,ANS,15.0,19.0,17.8,17.8,17.8,4.0,2.8,2.8,2.8,2.8,2.8,1.2,0.0,0.0,0.0,1.2,BND,True,True,False,algorithmic_or_mapping,True,False,model_avg,model_avg_score,1.0708,0.0,0.25,0.65,0.25,0.383333,0.616667,keep_minor_change
CO_2,ANS,18.0,9.0,8.5,8.5,8.5,-9.0,-9.5,-9.5,-9.5,9.5,9.5,-0.5,0.0,0.0,0.0,-0.5,BND,True,True,False,algorithmic_or_mapping,True,False,model_avg,model_avg_score,1.8708,0.0,0.0,1.0,0.0,0.333333,0.666667,reject_raise
CO_2,ANS,20.0,11.0,9.3,9.3,9.3,-9.0,-10.7,-10.7,-10.7,10.7,10.7,-1.7,0.0,0.0,0.0,-1.7,BND,True,True,False,algorithmic_or_mapping,True,False,model_avg,model_avg_score,1.2472,0.0,0.0,0.75,0.0,0.25,0.75,reject_lower
CO_2,ANS,18.0,18.0,17.3,17.3,17.3,0.0,-0.7,-0.7,-0.7,0.7,0.7,-0.7,0.0,0.0,0.0,-0.7,BND,False,False,False,algorithmic_or_mapping,True,False,model_avg,model_avg_score,0.9428,0.0,0.0,0.5,0.0,0.166667,0.833333,reject_lower
CO_2,ANS,0.0,0.0,0.0,0.0,0.0,0.0,0.0,0.0,0.0,0.0,0.0,0.0,0.0,0.0,0.0,0.0,BND,False,False,False,algorithmic_or_mapping,True,False,model_avg,model_avg_score,0.0,1.0,1.0,0.0,1.0,0.666667,0.333333,keep_minor_change
CO_2,ANS,15.0,2.0,2.0,2.0,2.0,-13.0,-13.0,-13.0,-13.0,13.0,13.0,0.0,0.0,0.0,0.0,0.0,BND,True,True,False,algorithmic_or_mapping,True,False,model_avg,model_avg_score,0.0,0.9,0.9,0.0,0.9,0.6,0.4,keep_minor_change
CO_2,ANS,15.0,7.0,7.3,7.3,7.3,-8.0,-7.7,-7.7,-7.7,7.7,7.7,0.3,0.0,0.0,0.0,0.3,BND,True,True,False,algorithmic_or_mapping,True,False,model_avg,model_avg_score,1.2472,0.0,0.25,0.75,0.25,0.416667,0.583333,keep_minor_change
CO_2,ANS,20.0,15.0,16.8,16.8,16.8,-5.0,-3.2,-3.2,-3.2,3.2,3.2,1.8,0.0,0.0,0.0,1.8,BND,True,True,False,algorithmic_or_mapping,True,False,model_avg,model_avg_score,1.3123,0.0,0.0,0.75,0.0,0.25,0.75,reject_lower
CO_2,ANS,20.0,20.0,20.0,20.0,20.0,0.0,0.0,0.0,0.0,0.0,0.0,0.0,0.0,0.0,0.0,0.0,POS,False,False,True,algorithmic_or_mapping,True,False,model_avg,model_avg_score,0.0,0.0,0.0,0.0,0.0,0.0,1.0,
CO_2,ANS,20.0,14.0,17.8,17.8,17.8,-6.0,-2.2,-2.2,-2.2,2.2,2.2,3.8,0.0,0.0,0.0,3.8,BND,True,True,False,algorithmic_or_mapping,True,False,model_avg,model_avg_score,2.6981,0.0,0.0,1.0,0.0,0.333333,0.666667,reject_raise
CO_2,ANS,18.0,18.0,18.0,18.0,18.0,0.0,0.0,0.0,0.0,0.0,0.0,0.0,0.0,0.0,0.0,0.0,BND,False,False,False,algorithmic_or_mapping,True,False,model_avg,model_avg_score,0.0,0.0,0.0,0.0,0.0,0.0,1.0,keep_minor_change
CO_2,ANS,20.0,16.0,14.3,14.3,14.3,-4.0,-5.7,-5.7,-5.7,5.7,5.7,-1.7,0.0,0.0,0.0,-1.7,BND,True,True,False,algorithmic_or_mapping,True,False,model_avg,model_avg_score,1.2472,0.0,0.0,0.75,0.0,0.25,0.75,keep_minor_change
CO_2,ANS,20.0,13.0,13.3,13.3,13.3,-7.0,-6.7,-6.7,-6.7,6.7,6.7,0.3,0.0,0.0,0.0,0.3,BND,True,True,False,algorithmic_or_mapping,True,False,model_avg,model_avg_score,0.4714,0.0,0.0,0.25,0.0,0.083333,0.916667,keep_minor_change
CO_2,ANS,18.0,13.0,13.7,13.7,13.7,-5.0,-4.3,-4.3,-4.3,4.3,4.3,0.7,0.0,0.0,0.0,0.7,BND,True,True,False,algorithmic_or_mapping,True,False,model_avg,model_avg_score,0.9428,0.0,0.0,0.5,0.0,0.166667,0.833333,keep_minor_change
CO_2,ANS,20.0,15.0,14.3,14.3,14.3,-5.0,-5.7,-5.7,-5.7,5.7,5.7,-0.7,0.0,0.0,0.0,-0.7,BND,True,True,False,algorithmic_or_mapping,True,False,model_avg,model_avg_score,0.4714,0.0,0.0,0.25,0.0,0.083333,0.916667,keep_minor_change
CO_2,ANS,18.0,5.0,4.7,4.7,4.7,-13.0,-13.3,-13.3,-13.3,13.3,13.3,-0.3,0.0,0.0,0.0,-0.3,BND,True,True,False,algorithmic_or_mapping,True,False,model_avg,model_avg_score,0.4714,0.5,0.5,0.25,0.5,0.416667,0.583333,keep_minor_change
CO_2,ANS,20.0,13.0,14.3,14.3,12.9,-7.0,-5.7,-5.7,-7.1,5.7,7.1,1.3,0.0,-1.4,-1.4,-0.1,BND,True,True,False,algorithmic_or_mapping,True,False,model_avg,model_avg_score,1.8856,0.0,0.0,1.0,0.0,0.333333,0.666667,small_lower
CO_2,ANS,20.0,9.0,7.7,7.7,9.1,-11.0,-12.3,-12.3,-10.9,12.3,10.9,-1.3,0.0,1.4,1.4,0.1,BND,True,True,False,algorithmic_or_mapping,True,False,model_avg,model_avg_score,1.8856,0.0,0.0,1.0,0.0,0.333333,0.666667,small_raise
CO_2,ANS,18.0,9.0,9.2,9.2,10.6,-9.0,-8.8,-8.8,-7.4,8.8,7.4,0.2,0.0,1.4,1.4,1.6,BND,True,True,False,algorithmic_or_mapping,True,False,model_avg,model_avg_score,0.2357,0.0,0.0,0.125,0.0,0.041667,0.958333,auto_small_raise
CO_2,ANS,20.0,15.0,15.8,15.8,15.8,-5.0,-4.2,-4.2,-4.2,4.2,4.2,0.8,0.0,0.0,0.0,0.8,BND,True,True,False,algorithmic_or_mapping,True,False,model_avg,model_avg_score,1.1785,0.0,0.0,0.625,0.0,0.208333,0.791667,reject_lower
CO_2,ANS,18.0,7.0,8.0,8.0,8.0,-11.0,-10.0,-10.0,-10.0,10.0,10.0,1.0,0.0,0.0,0.0,1.0,BND,True,True,False,algorithmic_or_mapping,True,False,model_avg,model_avg_score,1.4142,0.0,0.0,0.75,0.0,0.25,0.75,reject_lower
CO_2,ANS,20.0,15.0,17.0,17.0,17.0,-5.0,-3.0,-3.0,-3.0,3.0,3.0,2.0,0.0,0.0,0.0,2.0,BND,True,True,False,algorithmic_or_mapping,True,False,model_avg,model_avg_score,1.4142,0.0,0.0,0.75,0.0,0.25,0.75,reject_raise
CO_2,ANS,20.0,11.0,9.0,9.0,9.0,-9.0,-11.0,-11.0,-11.0,11.0,11.0,-2.0,0.0,0.0,0.0,-2.0,BND,True,True,False,algorithmic_or_mapping,True,False,model_avg,model_avg_score,1.4142,0.0,0.0,0.75,0.0,0.25,0.75,reject_lower
CO_2,ANS,19.0,18.0,18.5,18.5,18.5,-1.0,-0.5,-0.5,-0.5,0.5,0.5,0.5,0.0,0.0,0.0,0.5,POS,False,False,True,algorithmic_or_mapping,True,False,model_avg,model_avg_score,0.4082,0.0,0.0,0.25,0.0,0.083333,0.916667,
CO_2,ANS,20.0,12.0,12.3,12.3,12.3,-8.0,-7.7,-7.7,-7.7,7.7,7.7,0.3,0.0,0.0,0.0,0.3,BND,True,True,False,algorithmic_or_mapping,True,False,model_avg,model_avg_score,1.2472,0.0,0.0,0.75,0.0,0.25,0.75,reject_lower
CO_2,ANS,18.0,17.0,17.5,17.5,17.5,-1.0,-0.5,-0.5,-0.5,0.5,0.5,0.5,0.0,0.0,0.0,0.5,POS,False,False,True,algorithmic_or_mapping,True,False,model_avg,model_avg_score,0.4082,0.0,0.0,0.25,0.0,0.083333,0.916667,
CO_2,ANS,15.0,8.0,10.0,10.0,10.0,-7.0,-5.0,-5.0,-5.0,5.0,5.0,2.0,0.0,0.0,0.0,2.0,BND,True,True,False,algorithmic_or_mapping,True,False,model_avg,model_avg_score,2.1602,0.0,0.0,1.0,0.0,0.333333,0.666667,reject_lower
CO_2,ANS,20.0,13.0,16.7,16.7,16.7,-7.0,-3.3,-3.3,-3.3,3.3,3.3,3.7,0.0,0.0,0.0,3.7,NEG,True,True,False,algorithmic_or_mapping,True,False,model_avg,model_avg_score,2.8674,0.0,0.0,1.0,0.0,0.333333,0.666667,
CO_2,ANS,19.0,11.0,12.0,12.0,13.4,-8.0,-7.0,-7.0,-5.6,7.0,5.6,1.0,0.0,1.4,1.4,2.4,BND,True,True,False,algorithmic_or_mapping,True,False,model_avg,model_avg_score,1.4142,0.0,0.0,0.75,0.0,0.25,0.75,auto_small_raise
CO_2,ANS,20.0,18.0,18.0,18.0,18.0,-2.0,-2.0,-2.0,-2.0,2.0,2.0,0.0,0.0,0.0,0.0,0.0,BND,False,False,False,algorithmic_or_mapping,True,False,model_avg,model_avg_score,0.0,0.0,0.0,0.0,0.0,0.0,1.0,keep_minor_change
CO_2,ANS,20.0,16.0,15.7,15.7,15.7,-4.0,-4.3,-4.3,-4.3,4.3,4.3,-0.3,0.0,0.0,0.0,-0.3,BND,True,True,False,algorithmic_or_mapping,True,False,model_avg,model_avg_score,0.4714,0.0,0.0,0.25,0.0,0.083333,0.916667,keep_minor_change
CO_2,ANS,18.0,15.0,14.7,14.7,14.7,-3.0,-3.3,-3.3,-3.3,3.3,3.3,-0.3,0.0,0.0,0.0,-0.3,BND,True,True,False,algorithmic_or_mapping,True,False,model_avg,model_avg_score,1.2472,0.0,0.0,0.75,0.0,0.25,0.75,reject_lower
CO_2,ANS,15.0,15.5,13.2,13.2,13.2,0.5,-1.8,-1.8,-1.8,1.8,1.8,-1.3,0.0,0.0,0.0,-1.3,BND,False,False,False,algorithmic_or_mapping,True,False,model_avg,model_avg_score,1.6499,0.0,0.25,0.875,0.25,0.458333,0.541667,reject_lower
CO_2,ANS,15.0,7.0,7.0,7.0,7.0,-8.0,-8.0,-8.0,-8.0,8.0,8.0,0.0,0.0,0.0,0.0,0.0,BND,True,True,False,algorithmic_or_mapping,True,False,model_avg,model_avg_score,0.8165,0.0,0.0,0.5,0.0,0.166667,0.833333,reject_raise
CO_2,ANS,18.0,13.5,14.2,14.2,15.6,-4.5,-3.8,-3.8,-2.4,3.8,2.4,0.7,0.0,1.4,1.4,2.1,BND,True,True,False,algorithmic_or_mapping,True,False,model_avg,model_avg_score,1.3123,0.0,0.0,0.75,0.0,0.25,0.75,small_raise
CO_2,ANS,20.0,18.0,17.7,17.7,17.7,-2.0,-2.3,-2.3,-2.3,2.3,2.3,-0.3,0.0,0.0,0.0,-0.3,BND,True,True,False,algorithmic_or_mapping,True,False,model_avg,model_avg_score,0.4714,0.0,0.0,0.25,0.0,0.083333,0.916667,reject_raise
CO_2,ANS,20.0,14.0,13.3,13.3,13.3,-6.0,-6.7,-6.7,-6.7,6.7,6.7,-0.7,0.0,0.0,0.0,-0.7,BND,True,True,False,algorithmic_or_mapping,True,False,model_avg,model_avg_score,0.4714,0.0,0.0,0.25,0.0,0.083333,0.916667,keep_minor_change
CO_2,ANS,20.0,15.0,15.3,15.3,15.3,-5.0,-4.7,-4.7,-4.7,4.7,4.7,0.3,0.0,0.0,0.0,0.3,BND,True,True,False,algorithmic_or_mapping,True,False,model_avg,model_avg_score,0.4714,0.0,0.0,0.25,0.0,0.083333,0.916667,keep_minor_change
CO_2,ANS,15.0,20.0,20.0,20.0,20.0,5.0,5.0,5.0,5.0,5.0,5.0,0.0,0.0,0.0,0.0,0.0,BND,True,True,False,algorithmic_or_mapping,True,False,model_avg,model_avg_score,0.0,0.0,0.25,0.0,0.25,0.166667,0.833333,keep_minor_change
CO_2,ANS,20.0,7.0,7.0,7.0,7.0,-13.0,-13.0,-13.0,-13.0,13.0,13.0,0.0,0.0,0.0,0.0,0.0,BND,True,True,False,algorithmic_or_mapping,True,False,model_avg,model_avg_score,0.0,0.0,0.25,0.0,0.25,0.166667,0.833333,keep_minor_change
CO_2,ANS,20.0,16.0,17.0,17.0,17.0,-4.0,-3.0,-3.0,-3.0,3.0,3.0,1.0,0.0,0.0,0.0,1.0,BND,True,True,False,algorithmic_or_mapping,True,False,model_avg,model_avg_score,1.808,0.0,0.0,1.0,0.0,0.333333,0.666667,reject_lower
CO_2,ANS,20.0,15.4,14.5,14.5,15.9,-4.6,-5.5,-5.5,-4.1,5.5,4.1,-0.9,0.0,1.4,1.4,0.5,BND,True,True,False,algorithmic_or_mapping,True,False,model_avg,model_avg_score,1.0499,0.0,0.0,0.6,0.0,0.2,0.8,small_raise
CO_2,ANS,15.0,4.0,4.3,4.3,4.3,-11.0,-10.7,-10.7,-10.7,10.7,10.7,0.3,0.0,0.0,0.0,0.3,BND,True,True,False,algorithmic_or_mapping,True,False,model_avg,model_avg_score,0.4714,0.5,0.5,0.25,0.5,0.416667,0.583333,keep_minor_change
CO_2,ANS,18.0,20.0,20.0,20.0,20.0,2.0,2.0,2.0,2.0,2.0,2.0,0.0,0.0,0.0,0.0,0.0,BND,False,False,False,algorithmic_or_mapping,True,False,model_avg,model_avg_score,0.0,0.0,0.25,0.0,0.25,0.166667,0.833333,keep_minor_change
CO_2,ANS,18.0,20.0,20.0,20.0,20.0,2.0,2.0,2.0,2.0,2.0,2.0,0.0,0.0,0.0,0.0,0.0,BND,False,False,False,algorithmic_or_mapping,True,False,model_avg,model_avg_score,0.0,0.0,0.25,0.0,0.25,0.166667,0.833333,keep_minor_change
CO_2,ANS,20.0,18.0,17.7,17.7,17.7,-2.0,-2.3,-2.3,-2.3,2.3,2.3,-0.3,0.0,0.0,0.0,-0.3,BND,True,True,False,algorithmic_or_mapping,True,False,model_avg,model_avg_score,0.4714,0.0,0.0,0.25,0.0,0.083333,0.916667,reject_raise
CO_2,ANS,20.0,18.0,18.0,18.0,18.0,-2.0,-2.0,-2.0,-2.0,2.0,2.0,0.0,0.0,0.0,0.0,0.0,BND,False,False,False,algorithmic_or_mapping,True,False,model_avg,model_avg_score,0.0,0.0,0.0,0.0,0.0,0.0,1.0,keep_minor_change
CO_2,ANS,15.0,5.4,6.6,6.6,6.6,-9.6,-8.4,-8.4,-8.4,8.4,8.4,1.2,0.0,0.0,0.0,1.2,BND,True,True,False,algorithmic_or_mapping,True,False,model_avg,model_avg_score,1.0274,0.0,0.0,0.625,0.0,0.208333,0.791667,keep_minor_change
CO_2,ANS,18.0,8.0,8.0,8.0,8.0,-10.0,-10.0,-10.0,-10.0,10.0,10.0,0.0,0.0,0.0,0.0,0.0,BND,True,True,False,algorithmic_or_mapping,True,False,model_avg,model_avg_score,0.0,0.0,0.0,0.0,0.0,0.0,1.0,keep_minor_change
CO_2,ANS,20.0,11.0,11.0,11.0,12.4,-9.0,-9.0,-9.0,-7.6,9.0,7.6,0.0,0.0,1.4,1.4,1.4,BND,True,True,False,algorithmic_or_mapping,True,False,model_avg,model_avg_score,0.8165,0.0,0.0,0.5,0.0,0.166667,0.833333,small_raise
CO_2,ANS,12.0,2.0,2.0,2.0,2.0,-10.0,-10.0,-10.0,-10.0,10.0,10.0,0.0,0.0,0.0,0.0,0.0,BND,True,True,False,algorithmic_or_mapping,True,False,model_avg,model_avg_score,0.0,0.4,0.65,0.0,0.65,0.433333,0.566667,keep_minor_change
CO_2,ANS,20.0,20.0,18.3,18.3,18.3,0.0,-1.7,-1.7,-1.7,1.7,1.7,-1.7,0.0,0.0,0.0,-1.7,BND,False,False,False,algorithmic_or_mapping,True,False,model_avg,model_avg_score,1.6997,0.0,0.0,1.0,0.0,0.333333,0.666667,reject_raise
CO_2,ANS,20.0,14.0,15.0,15.0,15.0,-6.0,-5.0,-5.0,-5.0,5.0,5.0,1.0,0.0,0.0,0.0,1.0,BND,True,True,False,algorithmic_or_mapping,True,False,model_avg,model_avg_score,1.4142,0.0,0.0,0.75,0.0,0.25,0.75,reject_lower
CO_2,ANS,20.0,15.0,16.3,16.3,16.3,-5.0,-3.7,-3.7,-3.7,3.7,3.7,1.3,0.0,0.0,0.0,1.3,BND,True,True,False,algorithmic_or_mapping,True,False,model_avg,model_avg_score,1.2472,0.0,0.0,0.75,0.0,0.25,0.75,reject_lower
CO_2,ANS,18.0,11.0,12.3,12.3,12.3,-7.0,-5.7,-5.7,-5.7,5.7,5.7,1.3,0.0,0.0,0.0,1.3,BND,True,True,False,algorithmic_or_mapping,True,False,model_avg,model_avg_score,2.6247,0.0,0.0,1.0,0.0,0.333333,0.666667,reject_lower
CO_2,ANS,20.0,20.0,20.0,20.0,20.0,0.0,0.0,0.0,0.0,0.0,0.0,0.0,0.0,0.0,0.0,0.0,POS,False,False,True,algorithmic_or_mapping,True,False,model_avg,model_avg_score,0.0,0.0,0.0,0.0,0.0,0.0,1.0,
CO_2,ANS,15.0,12.0,12.7,12.7,13.7,-3.0,-2.3,-2.3,-1.3,2.3,1.3,0.7,0.0,1.0,1.0,1.7,BND,True,True,False,algorithmic_or_mapping,True,False,model_avg,model_avg_score,0.4714,0.0,0.25,0.25,0.25,0.25,0.75,small_raise
CO_2,ANS,0.0,0.0,0.0,0.0,0.0,0.0,0.0,0.0,0.0,0.0,0.0,0.0,0.0,0.0,0.0,0.0,BND,False,False,False,algorithmic_or_mapping,True,False,model_avg,model_avg_score,0.0,1.0,1.0,0.0,1.0,0.666667,0.333333,keep_minor_change
CO_2,ANS,18.0,20.0,20.0,20.0,20.0,2.0,2.0,2.0,2.0,2.0,2.0,0.0,0.0,0.0,0.0,0.0,BND,False,False,False,algorithmic_or_mapping,True,False,model_avg,model_avg_score,0.0,0.0,0.25,0.0,0.25,0.166667,0.833333,keep_minor_change
CO_2,ANS,18.0,14.0,14.0,14.0,14.0,-4.0,-4.0,-4.0,-4.0,4.0,4.0,0.0,0.0,0.0,0.0,0.0,BND,True,True,False,algorithmic_or_mapping,True,False,model_avg,model_avg_score,0.0,0.0,0.0,0.0,0.0,0.0,1.0,keep_minor_change
CO_2,ANS,15.0,13.0,13.0,13.0,13.0,-2.0,-2.0,-2.0,-2.0,2.0,2.0,0.0,0.0,0.0,0.0,0.0,BND,False,False,False,algorithmic_or_mapping,True,False,model_avg,model_avg_score,0.0,0.0,0.3,0.0,0.3,0.2,0.8,keep_minor_change
CO_2,ANS,15.0,18.0,17.0,17.0,17.0,3.0,2.0,2.0,2.0,2.0,2.0,1.0,0.0,0.0,0.0,1.0,BND,False,False,False,algorithmic_or_mapping,True,False,model_avg,model_avg_score,1.4142,0.0,0.25,0.75,0.25,0.416667,0.583333,reject_raise
CO_2,ANS,15.0,3.0,3.0,3.0,3.0,-12.0,-12.0,-12.0,-12.0,12.0,12.0,0.0,0.0,0.0,0.0,0.0,BND,True,True,False,algorithmic_or_mapping,True,False,model_avg,model_avg_score,0.0,0.5,0.5,0.0,0.5,0.333333,0.666667,keep_minor_change
CO_2,ANS,20.0,19.0,18.8,18.8,18.8,-1.0,-1.2,-1.2,-1.2,1.2,1.2,-0.2,0.0,0.0,0.0,-0.2,POS,False,False,True,algorithmic_or_mapping,True,False,model_avg,model_avg_score,0.2357,0.0,0.0,0.125,0.0,0.041667,0.958333,
CO_2,ANS,15.0,16.0,16.0,16.0,16.0,1.0,1.0,1.0,1.0,1.0,1.0,0.0,0.0,0.0,0.0,0.0,BND,False,False,False,algorithmic_or_mapping,True,False,model_avg,model_avg_score,0.8165,0.0,0.25,0.5,0.25,0.333333,0.666667,reject_raise
CO_2,ANS,18.0,6.0,6.0,6.0,6.0,-12.0,-12.0,-12.0,-12.0,12.0,12.0,0.0,0.0,0.0,0.0,0.0,BND,True,True,False,algorithmic_or_mapping,True,False,model_avg,model_avg_score,0.0,0.5,0.5,0.0,0.5,0.333333,0.666667,keep_minor_change
CO_2,ANS,15.0,14.0,12.7,12.7,13.7,-1.0,-2.3,-2.3,-1.3,2.3,1.3,-1.3,0.0,1.0,1.0,-0.3,BND,True,True,False,algorithmic_or_mapping,True,False,model_avg,model_avg_score,1.2472,0.0,0.25,0.75,0.25,0.416667,0.583333,small_raise
CO_2,ANS,12.0,19.0,19.7,19.7,19.7,7.0,7.7,7.7,7.7,7.7,7.7,-0.7,0.0,0.0,0.0,-0.7,BND,True,True,False,algorithmic_or_mapping,True,False,model_avg,model_avg_score,0.4714,0.0,0.25,0.25,0.25,0.25,0.75,keep_minor_change
CO_2,ANS,18.0,11.5,12.2,12.2,13.6,-6.5,-5.8,-5.8,-4.4,5.8,4.4,0.7,0.0,1.4,1.4,2.1,BND,True,True,False,algorithmic_or_mapping,True,False,model_avg,model_avg_score,0.6236,0.0,0.0,0.375,0.0,0.125,0.875,small_raise
CO_2,ANS,20.0,15.0,14.0,14.0,15.0,-5.0,-6.0,-6.0,-5.0,6.0,5.0,-1.0,0.0,1.0,1.0,0.0,BND,True,True,False,algorithmic_or_mapping,True,False,model_avg,model_avg_score,1.4142,0.0,0.0,0.75,0.0,0.25,0.75,small_raise
CO_2,ANS,18.0,14.0,13.3,13.3,13.3,-4.0,-4.7,-4.7,-4.7,4.7,4.7,-0.7,0.0,0.0,0.0,-0.7,BND,True,True,False,algorithmic_or_mapping,True,False,model_avg,model_avg_score,0.4714,0.0,0.0,0.25,0.0,0.083333,0.916667,keep_minor_change
CO_2,ANS,20.0,20.0,19.8,19.8,19.8,0.0,-0.2,-0.2,-0.2,0.2,0.2,-0.2,0.0,0.0,0.0,-0.2,POS,False,False,True,algorithmic_or_mapping,True,False,model_avg,model_avg_score,0.2357,0.0,0.0,0.125,0.0,0.041667,0.958333,
CO_2,ANS,15.0,18.0,18.3,18.3,18.3,3.0,3.3,3.3,3.3,3.3,3.3,-0.3,0.0,0.0,0.0,-0.3,BND,True,True,False,algorithmic_or_mapping,True,False,model_avg,model_avg_score,0.4714,0.0,0.0,0.25,0.0,0.083333,0.916667,keep_minor_change
CO_2,ANS,15.0,14.0,13.3,13.3,14.3,-1.0,-1.7,-1.7,-0.7,1.7,0.7,-0.7,0.0,1.0,1.0,0.3,BND,False,False,False,algorithmic_or_mapping,True,False,model_avg,model_avg_score,0.4714,0.0,0.25,0.25,0.25,0.25,0.75,small_raise
CO_2,ANS,20.0,15.0,17.0,17.0,17.0,-5.0,-3.0,-3.0,-3.0,3.0,3.0,2.0,0.0,0.0,0.0,2.0,BND,True,True,False,algorithmic_or_mapping,True,False,model_avg,model_avg_score,1.4142,0.0,0.0,0.75,0.0,0.25,0.75,keep_minor_change
CO_2,ANS,18.0,14.0,16.2,16.2,14.8,-4.0,-1.8,-1.8,-3.2,1.8,3.2,2.2,0.0,-1.4,-1.4,0.8,BND,False,False,False,algorithmic_or_mapping,True,False,model_avg,model_avg_score,1.6499,0.0,0.0,1.0,0.0,0.333333,0.666667,small_lower
CO_2,ANS,20.0,18.0,16.7,16.7,16.7,-2.0,-3.3,-3.3,-3.3,3.3,3.3,-1.3,0.0,0.0,0.0,-1.3,BND,True,True,False,algorithmic_or_mapping,True,False,model_avg,model_avg_score,0.9428,0.0,0.0,0.5,0.0,0.166667,0.833333,keep_minor_change
CO_2,ANS,20.0,20.0,19.7,19.7,19.7,0.0,-0.3,-0.3,-0.3,0.3,0.3,-0.3,0.0,0.0,0.0,-0.3,POS,False,False,True,algorithmic_or_mapping,True,False,model_avg,model_avg_score,0.4714,0.0,0.0,0.25,0.0,0.083333,0.916667,
CO_2,ANS,15.0,10.5,11.5,11.5,12.9,-4.5,-3.5,-3.5,-2.1,3.5,2.1,1.0,0.0,1.4,1.4,2.4,BND,True,True,False,algorithmic_or_mapping,True,False,model_avg,model_avg_score,1.0801,0.0,0.25,0.625,0.25,0.375,0.625,small_raise
CO_3,ANS,3.0,2.0,2.0,2.0,2.0,-1.0,-1.0,-1.0,-1.0,1.0,1.0,0.0,0.0,0.0,0.0,0.0,BND,False,False,False,calculation_derivation,True,True,model_avg,model_avg_score,0.0,0.5,0.5,0.0,0.5,0.333333,0.666667,keep_minor_change
CO_3,ANS,7.0,3.0,4.3,4.3,4.3,-4.0,-2.7,-2.7,-2.7,2.7,2.7,1.3,0.0,0.0,0.0,1.3,BND,True,True,False,calculation_derivation,True,True,model_avg,model_avg_score,1.2472,0.0,0.0,1.0,0.0,0.333333,0.666667,reject_lower
CO_3,ANS,0.0,0.0,0.0,0.0,0.0,0.0,0.0,0.0,0.0,0.0,0.0,0.0,0.0,0.0,0.0,0.0,BND,False,False,False,calculation_derivation,True,True,model_avg,model_avg_score,0.0,1.0,1.0,0.0,1.0,0.666667,0.333333,keep_minor_change
CO_3,ANS,8.0,4.0,4.7,5.0,5.0,-4.0,-3.3,-3.0,-3.0,3.0,3.0,0.7,0.3,0.0,0.3,1.0,BND,True,True,False,calculation_derivation,True,True,upper_consensus_undercredit,guarded_max_of_three,0.4714,0.0,0.0,0.5,0.0,0.166667,0.833333,reject_lower
CO_3,ANS,8.0,2.0,2.0,2.0,2.0,-6.0,-6.0,-6.0,-6.0,6.0,6.0,0.0,0.0,0.0,0.0,0.0,BND,True,True,False,calculation_derivation,True,True,model_avg,model_avg_score,0.0,0.17,0.2,0.0,0.2,0.133333,0.866667,reject_lower
CO_3,ANS,6.0,4.0,4.5,5.0,5.0,-2.0,-1.5,-1.0,-1.0,1.0,1.0,0.5,0.5,0.0,0.5,1.0,BND,False,False,False,calculation_derivation,True,True,upper_consensus_undercredit,guarded_max_of_three,0.4082,0.0,0.0,0.5,0.0,0.166667,0.833333,reject_lower
CO_3,ANS,7.0,1.0,2.3,2.3,2.3,-6.0,-4.7,-4.7,-4.7,4.7,4.7,1.3,0.0,0.0,0.0,1.3,BND,True,True,False,calculation_derivation,True,True,model_avg,model_avg_score,0.9428,0.0,0.0,1.0,0.0,0.333333,0.666667,reject_raise
CO_3,ANS,8.0,6.0,6.0,6.0,6.0,-2.0,-2.0,-2.0,-2.0,2.0,2.0,0.0,0.0,0.0,0.0,0.0,BND,False,False,False,calculation_derivation,True,True,model_avg,model_avg_score,0.0,0.0,0.0,0.0,0.0,0.0,1.0,keep_minor_change
CO_3,ANS,7.0,8.0,8.0,8.0,8.0,1.0,1.0,1.0,1.0,1.0,1.0,0.0,0.0,0.0,0.0,0.0,BND,False,False,False,calculation_derivation,True,True,model_avg,model_avg_score,0.0,0.0,0.0,0.0,0.0,0.0,1.0,keep_minor_change
CO_3,ANS,7.0,8.0,8.0,8.0,8.0,1.0,1.0,1.0,1.0,1.0,1.0,0.0,0.0,0.0,0.0,0.0,BND,False,False,False,calculation_derivation,True,True,model_avg,model_avg_score,0.0,0.0,0.0,0.0,0.0,0.0,1.0,keep_minor_change
CO_3,ANS,3.0,2.0,2.0,2.0,2.0,-1.0,-1.0,-1.0,-1.0,1.0,1.0,0.0,0.0,0.0,0.0,0.0,BND,False,False,False,calculation_derivation,True,True,model_avg,model_avg_score,0.4082,0.33,0.2,0.5,0.2,0.3,0.7,reject_lower
CO_3,ANS,8.0,9.0,7.0,7.0,7.0,1.0,-1.0,-1.0,-1.0,1.0,1.0,0.0,0.0,0.0,0.0,0.0,BND,False,False,False,calculation_derivation,True,True,model_avg,model_avg_score,1.4142,0.0,0.0,1.0,0.0,0.333333,0.666667,reject_lower
CO_3,ANS,7.0,6.0,4.8,6.0,6.0,-1.0,-2.2,-1.0,-1.0,1.0,1.0,-1.2,1.2,0.0,1.2,0.0,BND,False,False,False,calculation_derivation,True,True,upper_consensus_undercredit,guarded_max_of_three,0.8498,0.0,0.0,1.0,0.0,0.333333,0.666667,reject_lower
CO_3,ANS,6.0,2.0,2.5,2.5,2.5,-4.0,-3.5,-3.5,-3.5,3.5,3.5,0.5,0.0,0.0,0.0,0.5,BND,True,True,False,calculation_derivation,True,True,model_avg,model_avg_score,0.4082,0.0,0.0,0.5,0.0,0.166667,0.833333,reject_lower
CO_3,ANS,3.0,0.0,0.2,0.2,0.2,-3.0,-2.8,-2.8,-2.8,2.8,2.8,0.2,0.0,0.0,0.0,0.2,BND,True,True,False,calculation_derivation,True,True,model_avg,model_avg_score,0.2357,0.17,0.1,0.25,0.1,0.15,0.85,keep_minor_change
CO_3,ANS,8.0,2.0,4.0,4.0,4.0,-6.0,-4.0,-4.0,-4.0,4.0,4.0,2.0,0.0,0.0,0.0,2.0,NEG,True,True,False,calculation_derivation,True,True,model_avg,model_avg_score,1.633,0.0,0.0,1.0,0.0,0.333333,0.666667,
CO_3,ANS,10.0,9.0,9.0,9.0,9.0,-1.0,-1.0,-1.0,-1.0,1.0,1.0,0.0,0.0,0.0,0.0,0.0,BND,False,False,False,calculation_derivation,True,True,model_avg,model_avg_score,0.0,0.0,0.0,0.0,0.0,0.0,1.0,keep_minor_change
CO_3,ANS,8.0,6.0,6.3,6.3,6.3,-2.0,-1.7,-1.7,-1.7,1.7,1.7,0.3,0.0,0.0,0.0,0.3,BND,False,False,False,calculation_derivation,True,True,model_avg,model_avg_score,0.4714,0.0,0.0,0.5,0.0,0.166667,0.833333,reject_lower
CO_3,ANS,7.0,8.0,7.7,7.7,7.7,1.0,0.7,0.7,0.7,0.7,0.7,0.3,0.0,0.0,0.0,0.3,BND,False,False,False,calculation_derivation,True,True,model_avg,model_avg_score,0.4714,0.0,0.0,0.5,0.0,0.166667,0.833333,reject_lower
CO_3,ANS,10.0,10.0,10.0,10.0,10.0,0.0,0.0,0.0,0.0,0.0,0.0,0.0,0.0,0.0,0.0,0.0,BND,False,False,False,calculation_derivation,True,True,model_avg,model_avg_score,0.0,0.0,0.0,0.0,0.0,0.0,1.0,keep_minor_change
CO_3,ANS,7.0,2.0,2.8,2.8,2.8,-5.0,-4.2,-4.2,-4.2,4.2,4.2,0.8,0.0,0.0,0.0,0.8,BND,True,True,False,calculation_derivation,True,True,model_avg,model_avg_score,0.5888,0.0,0.05,0.7,0.05,0.266667,0.733333,keep_minor_change
CO_3,ANS,9.0,8.0,7.3,7.3,7.3,-1.0,-1.7,-1.7,-1.7,1.7,1.7,-0.7,0.0,0.0,0.0,-0.7,BND,False,False,False,calculation_derivation,True,True,model_avg,model_avg_score,0.9428,0.0,0.0,1.0,0.0,0.333333,0.666667,keep_minor_change
CO_3,ANS,7.0,6.0,5.3,5.3,6.0,-1.0,-1.7,-1.7,-1.0,1.7,1.0,-0.7,0.0,0.7,0.7,0.0,BND,False,False,False,calculation_derivation,True,True,model_avg,model_avg_score,0.9428,0.0,0.0,1.0,0.0,0.333333,0.666667,small_raise
CO_3,ANS,8.0,10.0,10.0,10.0,10.0,2.0,2.0,2.0,2.0,2.0,2.0,0.0,0.0,0.0,0.0,0.0,BND,False,False,False,calculation_derivation,True,True,model_avg,model_avg_score,0.0,0.0,0.0,0.0,0.0,0.0,1.0,keep_minor_change
CO_3,ANS,7.0,6.0,4.5,4.5,5.2,-1.0,-2.5,-2.5,-1.8,2.5,1.8,-1.5,0.0,0.7,0.7,-0.8,BND,True,True,False,calculation_derivation,True,True,model_avg,model_avg_score,1.2247,0.0,0.0,1.0,0.0,0.333333,0.666667,small_raise
CO_3,ANS,7.0,5.0,4.0,4.0,4.0,-2.0,-3.0,-3.0,-3.0,3.0,3.0,-1.0,0.0,0.0,0.0,-1.0,BND,True,True,False,calculation_derivation,True,True,model_avg,model_avg_score,1.4142,0.0,0.0,1.0,0.0,0.333333,0.666667,reject_lower
CO_3,ANS,10.0,10.0,9.7,9.7,9.7,0.0,-0.3,-0.3,-0.3,0.3,0.3,-0.3,0.0,0.0,0.0,-0.3,BND,False,False,False,calculation_derivation,True,True,model_avg,model_avg_score,0.4714,0.0,0.0,0.5,0.0,0.166667,0.833333,keep_minor_change
CO_3,ANS,3.0,0.5,0.5,0.5,0.5,-2.5,-2.5,-2.5,-2.5,2.5,2.5,0.0,0.0,0.0,0.0,0.0,BND,True,True,False,calculation_derivation,True,True,model_avg,model_avg_score,0.4082,0.33,0.4,0.5,0.4,0.433333,0.566667,keep_minor_change
CO_3,ANS,7.0,1.0,1.7,1.7,1.7,-6.0,-5.3,-5.3,-5.3,5.3,5.3,0.7,0.0,0.0,0.0,0.7,BND,True,True,False,calculation_derivation,True,True,model_avg,model_avg_score,0.4714,0.17,0.2,0.5,0.2,0.3,0.7,keep_minor_change
CO_3,ANS,0.0,0.0,0.0,0.0,0.0,0.0,0.0,0.0,0.0,0.0,0.0,0.0,0.0,0.0,0.0,0.0,BND,False,False,False,calculation_derivation,True,True,model_avg,model_avg_score,0.0,1.0,1.0,0.0,1.0,0.666667,0.333333,keep_minor_change
CO_3,ANS,8.0,8.0,7.8,7.8,7.8,0.0,-0.2,-0.2,-0.2,0.2,0.2,-0.2,0.0,0.0,0.0,-0.2,BND,False,False,False,calculation_derivation,True,True,model_avg,model_avg_score,0.2357,0.0,0.0,0.25,0.0,0.083333,0.916667,reject_lower
CO_3,ANS,9.0,3.5,3.5,3.5,3.5,-5.5,-5.5,-5.5,-5.5,5.5,5.5,0.0,0.0,0.0,0.0,0.0,BND,True,True,False,calculation_derivation,True,True,model_avg,model_avg_score,0.4082,0.0,0.0,0.5,0.0,0.166667,0.833333,keep_minor_change
CO_3,ANS,6.0,1.5,2.0,2.0,2.0,-4.5,-4.0,-4.0,-4.0,4.0,4.0,0.5,0.0,0.0,0.0,0.5,BND,True,True,False,calculation_derivation,True,True,model_avg,model_avg_score,0.4082,0.0,0.0,0.5,0.0,0.166667,0.833333,keep_minor_change
CO_3,ANS,9.0,8.0,7.3,7.3,7.3,-1.0,-1.7,-1.7,-1.7,1.7,1.7,-0.7,0.0,0.0,0.0,-0.7,BND,False,False,False,calculation_derivation,True,True,model_avg,model_avg_score,0.9428,0.0,0.0,1.0,0.0,0.333333,0.666667,reject_raise
CO_3,ANS,8.0,10.0,8.8,8.8,7.3,2.0,0.8,0.8,-0.7,0.8,0.7,1.2,0.0,0.1,0.1,1.3,BND,False,False,False,calculation_derivation,True,True,model_avg,model_avg_score,0.8498,0.0,0.0,1.0,0.0,0.333333,0.666667,large_lower
CO_3,ANS,9.0,6.0,5.7,5.7,5.7,-3.0,-3.3,-3.3,-3.3,3.3,3.3,-0.3,0.0,0.0,0.0,-0.3,BND,True,True,False,calculation_derivation,True,True,model_avg,model_avg_score,0.4714,0.0,0.0,0.5,0.0,0.166667,0.833333,keep_minor_change
CO_3,ANS,1.0,4.0,4.0,4.0,4.0,3.0,3.0,3.0,3.0,3.0,3.0,0.0,0.0,0.0,0.0,0.0,BND,True,True,False,calculation_derivation,True,True,model_avg,model_avg_score,0.0,0.67,0.6,0.0,0.6,0.4,0.6,keep_minor_change
CO_3,ANS,8.0,5.0,5.0,5.0,5.0,-3.0,-3.0,-3.0,-3.0,3.0,3.0,0.0,0.0,0.0,0.0,0.0,BND,True,True,False,calculation_derivation,True,True,model_avg,model_avg_score,0.0,0.0,0.0,0.0,0.0,0.0,1.0,keep_minor_change
CO_3,ANS,8.0,3.0,3.7,3.7,3.7,-5.0,-4.3,-4.3,-4.3,4.3,4.3,0.7,0.0,0.0,0.0,0.7,BND,True,True,False,calculation_derivation,True,True,model_avg,model_avg_score,0.9428,0.0,0.0,1.0,0.0,0.333333,0.666667,keep_minor_change
CO_3,ANS,8.0,5.0,5.7,6.0,6.0,-3.0,-2.3,-2.0,-2.0,2.0,2.0,0.7,0.3,0.0,0.3,1.0,BND,False,False,False,calculation_derivation,True,True,upper_consensus_undercredit,guarded_max_of_three,0.4714,0.0,0.0,0.5,0.0,0.166667,0.833333,keep_minor_change
CO_3,ANS,7.0,3.0,3.7,3.7,3.7,-4.0,-3.3,-3.3,-3.3,3.3,3.3,0.7,0.0,0.0,0.0,0.7,BND,True,True,False,calculation_derivation,True,True,model_avg,model_avg_score,0.4714,0.0,0.05,0.5,0.05,0.2,0.8,reject_raise
CO_3,ANS,7.0,4.0,3.7,3.7,3.7,-3.0,-3.3,-3.3,-3.3,3.3,3.3,-0.3,0.0,0.0,0.0,-0.3,BND,True,True,False,calculation_derivation,True,True,model_avg,model_avg_score,0.4714,0.0,0.0,0.5,0.0,0.166667,0.833333,keep_minor_change
CO_3,ANS,10.0,8.0,8.0,8.0,8.0,-2.0,-2.0,-2.0,-2.0,2.0,2.0,0.0,0.0,0.0,0.0,0.0,BND,False,False,False,calculation_derivation,True,True,model_avg,model_avg_score,0.0,0.0,0.0,0.0,0.0,0.0,1.0,keep_minor_change
CO_3,ANS,8.0,6.0,6.7,6.7,7.4,-2.0,-1.3,-1.3,-0.6,1.3,0.6,0.7,0.0,0.7,0.7,1.4,BND,False,False,False,calculation_derivation,True,True,model_avg,model_avg_score,0.9428,0.0,0.0,1.0,0.0,0.333333,0.666667,small_raise
CO_3,ANS,8.0,8.0,7.7,7.7,7.7,0.0,-0.3,-0.3,-0.3,0.3,0.3,-0.3,0.0,0.0,0.0,-0.3,BND,False,False,False,calculation_derivation,True,True,model_avg,model_avg_score,0.2055,0.0,0.0,0.25,0.0,0.083333,0.916667,keep_minor_change
CO_3,ANS,7.0,3.5,3.7,3.7,3.7,-3.5,-3.3,-3.3,-3.3,3.3,3.3,0.2,0.0,0.0,0.0,0.2,BND,True,True,False,calculation_derivation,True,True,model_avg,model_avg_score,0.2357,0.0,0.0,0.25,0.0,0.083333,0.916667,keep_minor_change
CO_3,ANS,7.0,4.0,4.0,4.0,4.0,-3.0,-3.0,-3.0,-3.0,3.0,3.0,0.0,0.0,0.0,0.0,0.0,BND,True,True,False,calculation_derivation,True,True,model_avg,model_avg_score,0.0,0.0,0.0,0.0,0.0,0.0,1.0,keep_minor_change
CO_3,ANS,9.0,7.0,6.7,6.7,6.7,-2.0,-2.3,-2.3,-2.3,2.3,2.3,-0.3,0.0,0.0,0.0,-0.3,BND,True,True,False,calculation_derivation,True,True,model_avg,model_avg_score,0.4714,0.0,0.0,0.5,0.0,0.166667,0.833333,reject_raise
CO_3,ANS,7.0,2.0,2.7,2.7,2.7,-5.0,-4.3,-4.3,-4.3,4.3,4.3,0.7,0.0,0.0,0.0,0.7,BND,True,True,False,calculation_derivation,True,True,model_avg,model_avg_score,0.4714,0.0,0.0,0.5,0.0,0.166667,0.833333,keep_minor_change
CO_3,ANS,7.0,6.0,5.6,6.0,6.0,-1.0,-1.4,-1.0,-1.0,1.0,1.0,-0.4,0.4,0.0,0.4,0.0,BND,False,False,False,calculation_derivation,True,True,upper_consensus_undercredit,guarded_max_of_three,0.6128,0.0,0.0,0.65,0.0,0.216667,0.783333,reject_lower
CO_3,ANS,7.0,1.0,3.0,3.0,3.0,-6.0,-4.0,-4.0,-4.0,4.0,4.0,2.0,0.0,0.0,0.0,2.0,BND,True,True,False,calculation_derivation,True,True,model_avg,model_avg_score,1.4142,0.0,0.05,1.0,0.05,0.366667,0.633333,reject_raise
CO_3,ANS,7.0,3.0,3.7,3.7,3.7,-4.0,-3.3,-3.3,-3.3,3.3,3.3,0.7,0.0,0.0,0.0,0.7,BND,True,True,False,calculation_derivation,True,True,model_avg,model_avg_score,0.9428,0.17,0.2,1.0,0.2,0.466667,0.533333,reject_lower
CO_3,ANS,6.0,4.0,4.0,4.0,4.0,-2.0,-2.0,-2.0,-2.0,2.0,2.0,0.0,0.0,0.0,0.0,0.0,BND,False,False,False,calculation_derivation,True,True,model_avg,model_avg_score,0.0,0.0,0.0,0.0,0.0,0.0,1.0,reject_lower
CO_3,ANS,8.0,3.0,4.3,5.0,5.0,-5.0,-3.7,-3.0,-3.0,3.0,3.0,1.3,0.7,0.0,0.7,2.0,BND,True,True,False,calculation_derivation,True,True,upper_consensus_undercredit,guarded_max_of_three,0.9428,0.0,0.0,1.0,0.0,0.333333,0.666667,reject_lower
CO_3,ANS,6.0,3.0,2.7,2.7,2.7,-3.0,-3.3,-3.3,-3.3,3.3,3.3,-0.3,0.0,0.0,0.0,-0.3,BND,True,True,False,calculation_derivation,True,True,model_avg,model_avg_score,0.4714,0.17,0.2,0.5,0.2,0.3,0.7,reject_lower
CO_3,ANS,9.0,8.0,8.0,8.0,8.0,-1.0,-1.0,-1.0,-1.0,1.0,1.0,0.0,0.0,0.0,0.0,0.0,BND,False,False,False,calculation_derivation,True,True,model_avg,model_avg_score,0.0,0.0,0.0,0.0,0.0,0.0,1.0,keep_minor_change
CO_3,ANS,7.0,6.0,5.7,5.7,6.4,-1.0,-1.3,-1.3,-0.6,1.3,0.6,-0.3,0.0,0.7,0.7,0.4,BND,False,False,False,calculation_derivation,True,True,model_avg,model_avg_score,0.4714,0.0,0.0,0.5,0.0,0.166667,0.833333,auto_small_raise
CO_3,ANS,9.0,7.5,6.5,6.5,6.5,-1.5,-2.5,-2.5,-2.5,2.5,2.5,-1.0,0.0,0.0,0.0,-1.0,BND,True,True,False,calculation_derivation,True,True,model_avg,model_avg_score,0.7071,0.0,0.0,0.75,0.0,0.25,0.75,reject_lower
CO_3,ANS,3.0,1.0,1.5,1.5,1.5,-2.0,-1.5,-1.5,-1.5,1.5,1.5,0.5,0.0,0.0,0.0,0.5,BND,False,False,False,calculation_derivation,True,True,model_avg,model_avg_score,0.4082,0.67,0.7,0.5,0.7,0.633333,0.366667,keep_minor_change
CO_3,ANS,7.0,6.0,4.8,4.8,4.8,-1.0,-2.2,-2.2,-2.2,2.2,2.2,-1.2,0.0,0.0,0.0,-1.2,BND,True,True,False,calculation_derivation,True,True,model_avg,model_avg_score,1.0274,0.0,0.0,1.0,0.0,0.333333,0.666667,reject_lower
CO_3,ANS,9.0,7.5,7.7,7.7,7.7,-1.5,-1.3,-1.3,-1.3,1.3,1.3,0.2,0.0,0.0,0.0,0.2,NEG,False,False,False,calculation_derivation,True,True,model_avg,model_avg_score,1.4337,0.0,0.0,1.0,0.0,0.333333,0.666667,
CO_3,ANS,6.0,0.0,0.3,0.3,0.3,-6.0,-5.7,-5.7,-5.7,5.7,5.7,0.3,0.0,0.0,0.0,0.3,BND,True,True,False,calculation_derivation,True,True,model_avg,model_avg_score,0.4714,0.0,0.0,0.5,0.0,0.166667,0.833333,reject_raise
CO_3,ANS,9.0,7.0,7.8,7.8,6.3,-2.0,-1.2,-1.2,-2.7,1.2,2.7,0.8,0.0,-1.5,-1.5,-0.7,BND,False,False,False,calculation_derivation,True,True,model_avg,model_avg_score,0.6236,0.0,0.0,0.75,0.0,0.25,0.75,large_lower
CO_3,ANS,8.0,4.0,4.0,4.0,4.0,-4.0,-4.0,-4.0,-4.0,4.0,4.0,0.0,0.0,0.0,0.0,0.0,BND,True,True,False,calculation_derivation,True,True,model_avg,model_avg_score,0.0,0.0,0.0,0.0,0.0,0.0,1.0,keep_minor_change
CO_3,ANS,8.0,5.0,4.2,4.2,4.2,-3.0,-3.8,-3.8,-3.8,3.8,3.8,-0.8,0.0,0.0,0.0,-0.8,BND,True,True,False,calculation_derivation,True,True,model_avg,model_avg_score,1.1785,0.0,0.0,1.0,0.0,0.333333,0.666667,reject_lower
CO_3,ANS,4.0,6.0,4.7,6.0,6.0,2.0,0.7,2.0,2.0,2.0,2.0,1.3,-1.3,0.0,-1.3,0.0,BND,False,False,False,calculation_derivation,True,True,upper_consensus_undercredit,guarded_max_of_three,0.9428,0.0,0.0,1.0,0.0,0.333333,0.666667,reject_lower
CO_3,ANS,6.0,2.0,3.0,3.0,3.0,-4.0,-3.0,-3.0,-3.0,3.0,3.0,1.0,0.0,0.0,0.0,1.0,BND,True,True,False,calculation_derivation,True,True,model_avg,model_avg_score,0.8165,0.0,0.0,1.0,0.0,0.333333,0.666667,reject_lower
CO_3,ANS,7.0,8.0,7.3,7.3,7.3,1.0,0.3,0.3,0.3,0.3,0.3,0.7,0.0,0.0,0.0,0.7,BND,False,False,False,calculation_derivation,True,True,model_avg,model_avg_score,0.4714,0.0,0.0,0.5,0.0,0.166667,0.833333,reject_lower
CO_3,ANS,8.0,6.7,7.1,7.7,7.7,-1.3,-0.9,-0.3,-0.3,0.3,0.3,0.4,0.6,0.0,0.6,1.0,BND,False,False,False,calculation_derivation,True,True,upper_consensus_strict,guarded_max_of_three,0.419,0.0,0.0,0.5,0.0,0.166667,0.833333,reject_lower
CO_3,ANS,5.0,3.0,3.3,3.3,3.3,-2.0,-1.7,-1.7,-1.7,1.7,1.7,0.3,0.0,0.0,0.0,0.3,BND,False,False,False,calculation_derivation,True,True,model_avg,model_avg_score,0.4714,0.0,0.0,0.5,0.0,0.166667,0.833333,reject_raise
CO_3,ANS,6.0,4.0,4.0,4.0,4.0,-2.0,-2.0,-2.0,-2.0,2.0,2.0,0.0,0.0,0.0,0.0,0.0,BND,False,False,False,calculation_derivation,True,True,model_avg,model_avg_score,0.0,0.17,0.2,0.0,0.2,0.133333,0.866667,keep_minor_change
CO_3,ANS,8.0,4.0,4.0,4.0,4.0,-4.0,-4.0,-4.0,-4.0,4.0,4.0,0.0,0.0,0.0,0.0,0.0,BND,True,True,False,calculation_derivation,True,True,model_avg,model_avg_score,0.0,0.0,0.0,0.0,0.0,0.0,1.0,keep_minor_change
CO_3,ANS,7.0,4.0,4.0,4.0,4.0,-3.0,-3.0,-3.0,-3.0,3.0,3.0,0.0,0.0,0.0,0.0,0.0,BND,True,True,False,calculation_derivation,True,True,model_avg,model_avg_score,0.0,0.0,0.0,0.0,0.0,0.0,1.0,keep_minor_change
CO_3,ANS,7.0,2.0,1.7,1.7,1.7,-5.0,-5.3,-5.3,-5.3,5.3,5.3,-0.3,0.0,0.0,0.0,-0.3,BND,True,True,False,calculation_derivation,True,True,model_avg,model_avg_score,0.4714,0.0,0.0,0.5,0.0,0.166667,0.833333,reject_raise
CO_3,ANS,8.0,6.0,5.3,6.0,6.0,-2.0,-2.7,-2.0,-2.0,2.0,2.0,-0.7,0.7,0.0,0.7,0.0,BND,False,False,False,calculation_derivation,True,True,upper_consensus_undercredit,guarded_max_of_three,0.4714,0.0,0.0,0.5,0.0,0.166667,0.833333,reject_lower
CO_3,ANS,7.0,8.0,8.0,8.0,8.0,1.0,1.0,1.0,1.0,1.0,1.0,0.0,0.0,0.0,0.0,0.0,BND,False,False,False,calculation_derivation,True,True,model_avg,model_avg_score,0.0,0.0,0.0,0.0,0.0,0.0,1.0,keep_minor_change
CO_3,ANS,8.0,4.0,4.7,6.0,6.0,-4.0,-3.3,-2.0,-2.0,2.0,2.0,0.7,1.3,0.0,1.3,2.0,BND,False,False,False,calculation_derivation,True,True,upper_consensus_undercredit,guarded_max_of_three,0.9428,0.0,0.0,1.0,0.0,0.333333,0.666667,reject_lower
CO_3,ANS,9.0,6.5,6.8,6.8,6.8,-2.5,-2.2,-2.2,-2.2,2.2,2.2,0.3,0.0,0.0,0.0,0.3,BND,True,True,False,calculation_derivation,True,True,model_avg,model_avg_score,0.8498,0.0,0.0,1.0,0.0,0.333333,0.666667,reject_lower
CO_3,ANS,9.0,6.0,5.6,5.6,4.9,-3.0,-3.4,-3.4,-4.1,3.4,4.1,-0.4,0.0,-0.7,-0.7,-1.1,BND,True,True,False,calculation_derivation,True,True,model_avg,model_avg_score,0.432,0.0,0.0,0.5,0.0,0.166667,0.833333,small_lower
CO_4,ANS,6.0,3.0,2.8,2.8,2.8,-3.0,-3.2,-3.2,-3.2,3.2,3.2,-0.2,0.0,0.0,0.0,-0.2,BND,True,True,False,calculation_derivation,True,True,model_avg,model_avg_score,0.5099,0.44,0.4,0.3,0.4,0.366667,0.633333,reject_raise
CO_4,ANS,20.0,20.0,20.0,20.0,20.0,0.0,0.0,0.0,0.0,0.0,0.0,0.0,0.0,0.0,0.0,0.0,POS,False,False,True,calculation_derivation,True,True,model_avg,model_avg_score,0.0,0.0,0.0,0.0,0.0,0.0,1.0,
CO_4,ANS,10.0,5.0,6.0,6.0,6.0,-5.0,-4.0,-4.0,-4.0,4.0,4.0,1.0,0.0,0.0,0.0,1.0,BND,True,True,False,calculation_derivation,True,True,model_avg,model_avg_score,0.8165,0.33,0.3,0.5,0.3,0.366667,0.633333,reject_raise
CO_4,ANS,16.0,15.0,15.0,15.0,15.0,-1.0,-1.0,-1.0,-1.0,1.0,1.0,0.0,0.0,0.0,0.0,0.0,BND,False,False,False,calculation_derivation,True,True,model_avg,model_avg_score,0.0,0.0,0.0,0.0,0.0,0.0,1.0,keep_minor_change
CO_4,ANS,8.0,11.0,11.0,11.0,11.0,3.0,3.0,3.0,3.0,3.0,3.0,0.0,0.0,0.0,0.0,0.0,BND,True,True,False,calculation_derivation,True,True,model_avg,model_avg_score,0.0,0.33,0.25,0.0,0.25,0.166667,0.833333,keep_minor_change
CO_4,ANS,20.0,18.5,18.5,18.5,18.5,-1.5,-1.5,-1.5,-1.5,1.5,1.5,0.0,0.0,0.0,0.0,0.0,BND,False,False,False,calculation_derivation,True,True,model_avg,model_avg_score,1.2247,0.0,0.025,0.75,0.025,0.266667,0.733333,keep_minor_change
CO_4,ANS,16.0,17.0,16.6,16.6,16.6,1.0,0.6,0.6,0.6,0.6,0.6,0.4,0.0,0.0,0.0,0.4,BND,False,False,False,calculation_derivation,True,True,model_avg,model_avg_score,0.4497,0.0,0.0,0.25,0.0,0.083333,0.916667,keep_minor_change
CO_4,ANS,14.0,19.0,19.0,19.0,19.0,5.0,5.0,5.0,5.0,5.0,5.0,0.0,0.0,0.0,0.0,0.0,POS,True,False,False,calculation_derivation,True,True,model_avg,model_avg_score,0.0,0.0,0.0,0.0,0.0,0.0,1.0,
CO_4,ANS,14.0,18.0,18.0,18.0,18.0,4.0,4.0,4.0,4.0,4.0,4.0,0.0,0.0,0.0,0.0,0.0,POS,True,False,False,calculation_derivation,True,True,model_avg,model_avg_score,0.0,0.11,0.05,0.0,0.05,0.033333,0.966667,
CO_4,ANS,8.0,9.0,9.0,9.0,10.4,1.0,1.0,1.0,2.4,1.0,2.4,0.0,0.0,-1.4,-1.4,-1.4,BND,False,False,False,calculation_derivation,True,True,model_avg,model_avg_score,0.0,0.33,0.3,0.0,0.3,0.2,0.8,auto_small_raise
CO_4,ANS,15.0,10.5,10.3,10.3,10.3,-4.5,-4.7,-4.7,-4.7,4.7,4.7,-0.2,0.0,0.0,0.0,-0.2,BND,True,True,False,calculation_derivation,True,True,model_avg,model_avg_score,0.2357,0.11,0.15,0.125,0.15,0.141667,0.858333,reject_lower
CO_4,ANS,11.0,8.0,8.7,8.7,8.7,-3.0,-2.3,-2.3,-2.3,2.3,2.3,0.7,0.0,0.0,0.0,0.7,BND,True,True,False,calculation_derivation,True,True,model_avg,model_avg_score,0.9428,0.0,0.05,0.5,0.05,0.2,0.8,reject_raise
CO_4,ANS,6.0,4.0,3.9,3.9,3.9,-2.0,-2.1,-2.1,-2.1,2.1,2.1,-0.1,0.0,0.0,0.0,-0.1,BND,True,True,False,calculation_derivation,True,True,model_avg,model_avg_score,0.7364,0.0,0.0,0.45,0.0,0.15,0.85,keep_minor_change
CO_4,ANS,15.0,9.5,9.5,9.5,9.5,-5.5,-5.5,-5.5,-5.5,5.5,5.5,0.0,0.0,0.0,0.0,0.0,BND,True,True,False,calculation_derivation,True,True,model_avg,model_avg_score,0.0,0.11,0.15,0.0,0.15,0.1,0.9,keep_minor_change
CO_4,ANS,14.0,14.0,15.3,15.3,15.3,0.0,1.3,1.3,1.3,1.3,1.3,-1.3,0.0,0.0,0.0,-1.3,BND,False,False,False,calculation_derivation,True,True,model_avg,model_avg_score,0.9428,0.0,0.0,0.5,0.0,0.166667,0.833333,reject_raise
CO_4,ANS,20.0,20.0,19.3,19.3,19.3,0.0,-0.7,-0.7,-0.7,0.7,0.7,-0.7,0.0,0.0,0.0,-0.7,POS,False,False,True,calculation_derivation,True,True,model_avg,model_avg_score,0.4714,0.0,0.0,0.25,0.0,0.083333,0.916667,
CO_4,ANS,18.0,16.5,16.5,16.5,16.5,-1.5,-1.5,-1.5,-1.5,1.5,1.5,0.0,0.0,0.0,0.0,0.0,BND,False,False,False,calculation_derivation,True,True,model_avg,model_avg_score,0.0,0.0,0.0,0.0,0.0,0.0,1.0,keep_minor_change
CO_4,ANS,19.0,14.0,14.8,14.8,16.2,-5.0,-4.2,-4.2,-2.8,4.2,2.8,0.8,0.0,1.4,1.4,2.2,BND,True,True,False,calculation_derivation,True,True,model_avg,model_avg_score,0.6236,0.0,0.0,0.375,0.0,0.125,0.875,small_raise
CO_4,ANS,20.0,20.0,19.0,19.0,19.0,0.0,-1.0,-1.0,-1.0,1.0,1.0,-1.0,0.0,0.0,0.0,-1.0,POS,False,False,True,calculation_derivation,True,True,model_avg,model_avg_score,0.7071,0.0,0.0,0.375,0.0,0.125,0.875,
CO_4,ANS,11.0,10.0,10.3,10.3,10.3,-1.0,-0.7,-0.7,-0.7,0.7,0.7,0.3,0.0,0.0,0.0,0.3,BND,False,False,False,calculation_derivation,True,True,model_avg,model_avg_score,1.2472,0.22,0.2,0.75,0.2,0.383333,0.616667,reject_raise
CO_4,ANS,20.0,20.0,20.0,20.0,20.0,0.0,0.0,0.0,0.0,0.0,0.0,0.0,0.0,0.0,0.0,0.0,BND,False,False,False,calculation_derivation,True,True,model_avg,model_avg_score,0.8165,0.0,0.0,0.5,0.0,0.166667,0.833333,keep_minor_change
CO_4,ANS,14.0,11.5,11.5,11.5,11.5,-2.5,-2.5,-2.5,-2.5,2.5,2.5,0.0,0.0,0.0,0.0,0.0,BND,True,True,False,calculation_derivation,True,True,model_avg,model_avg_score,0.0,0.11,0.15,0.0,0.15,0.1,0.9,keep_minor_change
CO_4,ANS,9.0,10.0,10.0,10.0,10.0,1.0,1.0,1.0,1.0,1.0,1.0,0.0,0.0,0.0,0.0,0.0,BND,False,False,False,calculation_derivation,True,True,model_avg,model_avg_score,0.0,0.0,0.1,0.0,0.1,0.066667,0.933333,keep_minor_change
CO_4,ANS,17.0,19.0,19.0,19.0,19.0,2.0,2.0,2.0,2.0,2.0,2.0,0.0,0.0,0.0,0.0,0.0,POS,False,False,True,calculation_derivation,True,True,model_avg,model_avg_score,0.0,0.0,0.025,0.0,0.025,0.016667,0.983333,
CO_4,ANS,8.0,3.0,3.0,3.0,3.0,-5.0,-5.0,-5.0,-5.0,5.0,5.0,0.0,0.0,0.0,0.0,0.0,BND,True,True,False,calculation_derivation,True,True,model_avg,model_avg_score,0.0,0.33,0.25,0.0,0.25,0.166667,0.833333,keep_minor_change
CO_4,ANS,7.0,9.0,10.0,10.0,10.0,2.0,3.0,3.0,3.0,3.0,3.0,-1.0,0.0,0.0,0.0,-1.0,BND,True,True,False,calculation_derivation,True,True,model_avg,model_avg_score,0.8165,0.11,0.05,0.5,0.05,0.2,0.8,keep_minor_change
CO_4,ANS,15.0,9.5,10.0,10.0,10.0,-5.5,-5.0,-5.0,-5.0,5.0,5.0,0.5,0.0,0.0,0.0,0.5,BND,True,True,False,calculation_derivation,True,True,model_avg,model_avg_score,0.7071,0.0,0.0,0.375,0.0,0.125,0.875,reject_lower
CO_4,ANS,18.0,18.0,18.0,18.0,18.0,0.0,0.0,0.0,0.0,0.0,0.0,0.0,0.0,0.0,0.0,0.0,POS,False,False,True,calculation_derivation,True,True,model_avg,model_avg_score,0.0,0.0,0.025,0.0,0.025,0.016667,0.983333,
CO_4,ANS,15.0,18.5,18.5,18.5,18.5,3.5,3.5,3.5,3.5,3.5,3.5,0.0,0.0,0.0,0.0,0.0,POS,True,False,False,calculation_derivation,True,True,model_avg,model_avg_score,0.0,0.0,0.0,0.0,0.0,0.0,1.0,
CO_4,ANS,19.0,14.0,14.3,14.3,11.3,-5.0,-4.7,-4.7,-7.7,4.7,7.7,0.3,0.0,-3.0,-3.0,-2.7,BND,True,True,False,calculation_derivation,True,True,model_avg,model_avg_score,0.2357,0.11,0.15,0.125,0.15,0.141667,0.858333,auto_small_lower
CO_4,ANS,14.0,15.0,15.7,15.7,15.7,1.0,1.7,1.7,1.7,1.7,1.7,-0.7,0.0,0.0,0.0,-0.7,BND,False,False,False,calculation_derivation,True,True,model_avg,model_avg_score,0.9428,0.0,0.0,0.5,0.0,0.166667,0.833333,keep_minor_change
CO_4,ANS,0.0,0.0,0.0,0.0,0.0,0.0,0.0,0.0,0.0,0.0,0.0,0.0,0.0,0.0,0.0,0.0,BND,False,False,False,calculation_derivation,True,True,model_avg,model_avg_score,0.0,1.0,1.0,0.0,1.0,0.666667,0.333333,keep_minor_change
CO_4,ANS,11.0,6.0,6.0,6.0,6.0,-5.0,-5.0,-5.0,-5.0,5.0,5.0,0.0,0.0,0.0,0.0,0.0,BND,True,True,False,calculation_derivation,True,True,model_avg,model_avg_score,0.0,0.22,0.2,0.0,0.2,0.133333,0.866667,keep_minor_change
CO_4,ANS,16.0,13.0,14.2,14.2,14.2,-3.0,-1.8,-1.8,-1.8,1.8,1.8,1.2,0.0,0.0,0.0,1.2,BND,False,False,False,calculation_derivation,True,True,model_avg,model_avg_score,1.0274,0.0,0.0,0.625,0.0,0.208333,0.791667,keep_minor_change
CO_4,ANS,5.0,2.0,1.3,1.3,1.3,-3.0,-3.7,-3.7,-3.7,3.7,3.7,-0.7,0.0,0.0,0.0,-0.7,BND,True,True,False,calculation_derivation,True,True,model_avg,model_avg_score,0.4714,0.78,0.8,0.25,0.8,0.616667,0.383333,reject_lower
CO_4,ANS,11.0,5.0,4.7,4.7,4.7,-6.0,-6.3,-6.3,-6.3,6.3,6.3,-0.3,0.0,0.0,0.0,-0.3,BND,True,True,False,calculation_derivation,True,True,model_avg,model_avg_score,0.4714,0.0,0.025,0.25,0.025,0.1,0.9,reject_lower
CO_4,ANS,9.0,15.0,15.0,15.0,15.0,6.0,6.0,6.0,6.0,6.0,6.0,0.0,0.0,0.0,0.0,0.0,BND,True,True,False,calculation_derivation,True,True,model_avg,model_avg_score,0.0,0.33,0.25,0.0,0.25,0.166667,0.833333,keep_minor_change
CO_4,ANS,16.0,16.0,16.0,16.0,16.0,0.0,0.0,0.0,0.0,0.0,0.0,0.0,0.0,0.0,0.0,0.0,BND,False,False,False,calculation_derivation,True,True,model_avg,model_avg_score,0.0,0.0,0.0,0.0,0.0,0.0,1.0,keep_minor_change
CO_4,ANS,18.0,17.0,17.8,17.8,17.8,-1.0,-0.2,-0.2,-0.2,0.2,0.2,0.8,0.0,0.0,0.0,0.8,POS,False,False,True,calculation_derivation,True,True,model_avg,model_avg_score,0.6236,0.0,0.0,0.375,0.0,0.125,0.875,
CO_4,ANS,20.0,17.5,17.8,17.8,17.8,-2.5,-2.2,-2.2,-2.2,2.2,2.2,0.3,0.0,0.0,0.0,0.3,POS,True,False,False,calculation_derivation,True,True,model_avg,model_avg_score,0.4714,0.0,0.0,0.25,0.0,0.083333,0.916667,
CO_4,ANS,15.0,16.4,17.0,17.0,17.0,1.4,2.0,2.0,2.0,2.0,2.0,-0.6,0.0,0.0,0.0,-0.6,POS,False,False,True,calculation_derivation,True,True,model_avg,model_avg_score,0.4497,0.11,0.05,0.275,0.05,0.125,0.875,
CO_4,ANS,15.0,12.5,12.3,12.3,9.3,-2.5,-2.7,-2.7,-5.7,2.7,5.7,-0.2,0.0,-3.0,-3.0,-3.2,BND,True,True,False,calculation_derivation,True,True,model_avg,model_avg_score,0.6236,0.22,0.25,0.375,0.25,0.291667,0.708333,auto_small_lower
CO_4,ANS,20.0,16.5,17.2,17.2,17.2,-3.5,-2.8,-2.8,-2.8,2.8,2.8,0.7,0.0,0.0,0.0,0.7,BND,True,True,False,calculation_derivation,True,True,model_avg,model_avg_score,0.4714,0.0,0.0,0.25,0.0,0.083333,0.916667,keep_minor_change
CO_4,ANS,15.0,15.0,14.7,14.7,14.7,0.0,-0.3,-0.3,-0.3,0.3,0.3,-0.3,0.0,0.0,0.0,-0.3,BND,False,False,False,calculation_derivation,True,True,model_avg,model_avg_score,0.4714,0.11,0.05,0.25,0.05,0.116667,0.883333,keep_minor_change
CO_4,ANS,16.0,15.0,14.7,14.7,14.7,-1.0,-1.3,-1.3,-1.3,1.3,1.3,-0.3,0.0,0.0,0.0,-0.3,BND,False,False,False,calculation_derivation,True,True,model_avg,model_avg_score,0.4714,0.0,0.0,0.25,0.0,0.083333,0.916667,reject_raise
CO_4,ANS,16.0,15.5,15.3,15.3,15.3,-0.5,-0.7,-0.7,-0.7,0.7,0.7,-0.2,0.0,0.0,0.0,-0.2,BND,False,False,False,calculation_derivation,True,True,model_avg,model_avg_score,0.2357,0.0,0.1,0.125,0.1,0.108333,0.891667,keep_minor_change
CO_4,ANS,7.0,7.0,7.0,7.0,7.0,0.0,0.0,0.0,0.0,0.0,0.0,0.0,0.0,0.0,0.0,0.0,BND,False,False,False,calculation_derivation,True,True,model_avg,model_avg_score,0.0,0.56,0.5,0.0,0.5,0.333333,0.666667,keep_minor_change
CO_4,ANS,12.0,10.0,11.3,11.3,11.3,-2.0,-0.7,-0.7,-0.7,0.7,0.7,1.3,0.0,0.0,0.0,1.3,BND,False,False,False,calculation_derivation,True,True,model_avg,model_avg_score,1.8856,0.33,0.35,1.0,0.35,0.566667,0.433333,keep_minor_change
CO_4,ANS,12.0,15.5,16.0,16.0,16.0,3.5,4.0,4.0,4.0,4.0,4.0,-0.5,0.0,0.0,0.0,-0.5,BND,True,True,False,calculation_derivation,True,True,model_avg,model_avg_score,0.4082,0.11,0.1,0.25,0.1,0.15,0.85,keep_minor_change
CO_4,ANS,17.0,19.0,18.0,18.0,18.0,2.0,1.0,1.0,1.0,1.0,1.0,1.0,0.0,0.0,0.0,1.0,BND,False,False,False,calculation_derivation,True,True,model_avg,model_avg_score,0.7071,0.0,0.125,0.375,0.125,0.208333,0.791667,keep_minor_change
CO_4,ANS,8.0,15.0,14.8,14.8,16.2,7.0,6.8,6.8,8.2,6.8,8.2,0.2,0.0,-1.4,-1.4,-1.2,BND,True,True,False,calculation_derivation,True,True,model_avg,model_avg_score,0.2828,0.0,0.0,0.15,0.0,0.05,0.95,auto_small_raise
CO_4,ANS,17.0,18.7,18.5,18.5,18.5,1.7,1.5,1.5,1.5,1.5,1.5,0.2,0.0,0.0,0.0,0.2,POS,False,False,True,calculation_derivation,True,True,model_avg,model_avg_score,0.33,0.0,0.025,0.175,0.025,0.075,0.925,
CO_4,ANS,16.0,16.0,16.3,16.3,15.3,0.0,0.3,0.3,-0.7,0.3,0.7,-0.3,0.0,-0.4,-0.4,-0.7,BND,False,False,False,calculation_derivation,True,True,model_avg,model_avg_score,0.4714,0.0,0.0,0.25,0.0,0.083333,0.916667,small_lower
CO_4,ANS,3.0,3.0,3.0,3.0,3.0,0.0,0.0,0.0,0.0,0.0,0.0,0.0,0.0,0.0,0.0,0.0,BND,False,False,False,calculation_derivation,True,True,model_avg,model_avg_score,0.0,0.56,0.5,0.0,0.5,0.333333,0.666667,keep_minor_change
CO_4,ANS,8.0,8.0,8.7,8.7,8.7,0.0,0.7,0.7,0.7,0.7,0.7,-0.7,0.0,0.0,0.0,-0.7,BND,False,False,False,calculation_derivation,True,True,model_avg,model_avg_score,0.4714,0.33,0.3,0.25,0.3,0.283333,0.716667,keep_minor_change
CO_4,ANS,2.0,0.0,0.0,0.0,0.0,-2.0,-2.0,-2.0,-2.0,2.0,2.0,0.0,0.0,0.0,0.0,0.0,BND,False,False,False,calculation_derivation,True,True,model_avg,model_avg_score,0.0,0.89,0.85,0.0,0.85,0.566667,0.433333,keep_minor_change
CO_4,ANS,8.0,0.0,0.0,0.0,0.0,-8.0,-8.0,-8.0,-8.0,8.0,8.0,0.0,0.0,0.0,0.0,0.0,BND,True,True,False,calculation_derivation,True,True,model_avg,model_avg_score,0.0,0.11,0.15,0.0,0.15,0.1,0.9,keep_minor_change
CO_4,ANS,15.0,14.0,14.8,14.8,16.2,-1.0,-0.2,-0.2,1.2,0.2,1.2,0.8,0.0,-1.0,-1.0,-0.2,BND,False,False,False,calculation_derivation,True,True,model_avg,model_avg_score,0.6236,0.0,0.075,0.375,0.075,0.175,0.825,auto_small_raise
CO_4,ANS,6.0,9.3,9.3,9.3,9.3,3.3,3.3,3.3,3.3,3.3,3.3,0.0,0.0,0.0,0.0,0.0,BND,True,True,False,calculation_derivation,True,True,model_avg,model_avg_score,0.2055,0.22,0.2,0.125,0.2,0.175,0.825,keep_minor_change
CO_4,ANS,14.0,10.0,9.8,9.8,9.8,-4.0,-4.2,-4.2,-4.2,4.2,4.2,-0.2,0.0,0.0,0.0,-0.2,BND,True,True,False,calculation_derivation,True,True,model_avg,model_avg_score,1.0274,0.11,0.15,0.625,0.15,0.308333,0.691667,reject_raise
CO_4,ANS,9.0,10.0,10.0,10.0,10.0,1.0,1.0,1.0,1.0,1.0,1.0,0.0,0.0,0.0,0.0,0.0,BND,False,False,False,calculation_derivation,True,True,model_avg,model_avg_score,0.0,0.33,0.35,0.0,0.35,0.233333,0.766667,keep_minor_change
CO_4,ANS,15.0,15.5,15.5,15.5,15.5,0.5,0.5,0.5,0.5,0.5,0.5,0.0,0.0,0.0,0.0,0.0,BND,False,False,False,calculation_derivation,True,True,model_avg,model_avg_score,0.4082,0.0,0.025,0.25,0.025,0.1,0.9,keep_minor_change
CO_4,ANS,20.0,20.0,20.0,20.0,20.0,0.0,0.0,0.0,0.0,0.0,0.0,0.0,0.0,0.0,0.0,0.0,POS,False,False,True,calculation_derivation,True,True,model_avg,model_avg_score,0.0,0.0,0.0,0.0,0.0,0.0,1.0,
CO_4,ANS,17.0,15.0,14.8,14.8,16.2,-2.0,-2.2,-2.2,-0.8,2.2,0.8,-0.2,0.0,1.4,1.4,1.2,BND,True,True,False,calculation_derivation,True,True,model_avg,model_avg_score,0.2357,0.11,0.05,0.125,0.05,0.075,0.925,auto_small_raise
CO_4,ANS,0.0,0.0,0.0,0.0,0.0,0.0,0.0,0.0,0.0,0.0,0.0,0.0,0.0,0.0,0.0,0.0,BND,False,False,False,calculation_derivation,True,True,model_avg,model_avg_score,0.0,1.0,1.0,0.0,1.0,0.666667,0.333333,keep_minor_change
CO_4,ANS,9.0,7.0,7.5,7.5,7.5,-2.0,-1.5,-1.5,-1.5,1.5,1.5,0.5,0.0,0.0,0.0,0.5,BND,False,False,False,calculation_derivation,True,True,model_avg,model_avg_score,0.4082,0.11,0.15,0.25,0.15,0.183333,0.816667,keep_minor_change
CO_4,ANS,15.0,12.5,12.8,12.8,12.8,-2.5,-2.2,-2.2,-2.2,2.2,2.2,0.3,0.0,0.0,0.0,0.3,POS,True,False,False,calculation_derivation,True,True,model_avg,model_avg_score,0.216,0.22,0.2,0.125,0.2,0.175,0.825,
CO_4,ANS,20.0,18.0,18.3,18.3,18.3,-2.0,-1.7,-1.7,-1.7,1.7,1.7,0.3,0.0,0.0,0.0,0.3,POS,False,False,True,calculation_derivation,True,True,model_avg,model_avg_score,0.4714,0.0,0.0,0.25,0.0,0.083333,0.916667,
CO_5,ANS,8.0,0.0,0.0,0.0,0.0,-8.0,-8.0,-8.0,-8.0,8.0,8.0,0.0,0.0,0.0,0.0,0.0,BND,True,True,False,calculation_derivation,True,True,model_avg,model_avg_score,0.0,0.0,0.0,0.0,0.0,0.0,1.0,keep_minor_change
CO_5,ANS,10.0,12.0,12.0,12.0,12.0,2.0,2.0,2.0,2.0,2.0,2.0,0.0,0.0,0.0,0.0,0.0,BND,False,False,False,calculation_derivation,True,True,model_avg,model_avg_score,0.0,0.0,0.0,0.0,0.0,0.0,1.0,keep_minor_change
CO_5,ANS,8.0,2.0,1.3,1.3,1.3,-6.0,-6.7,-6.7,-6.7,6.7,6.7,-0.7,0.0,0.0,0.0,-0.7,BND,True,True,False,calculation_derivation,True,True,model_avg,model_avg_score,0.4714,0.33,0.333333,0.333333,0.333333,0.333333,0.666667,keep_minor_change
CO_5,ANS,15.0,15.0,15.0,15.0,12.75,0.0,0.0,0.0,-2.25,0.0,2.25,0.0,0.0,-2.25,-2.25,-2.25,BND,False,False,False,calculation_derivation,True,True,model_avg,model_avg_score,0.0,0.0,0.0,0.0,0.0,0.0,1.0,auto_small_lower
CO_5,ANS,8.0,15.0,15.0,15.0,15.0,7.0,7.0,7.0,7.0,7.0,7.0,0.0,0.0,0.0,0.0,0.0,POS,True,False,False,calculation_derivation,True,True,model_avg,model_avg_score,0.0,0.0,0.0,0.0,0.0,0.0,1.0,
CO_5,ANS,15.0,15.0,15.0,15.0,15.0,0.0,0.0,0.0,0.0,0.0,0.0,0.0,0.0,0.0,0.0,0.0,POS,False,False,True,calculation_derivation,True,True,model_avg,model_avg_score,0.0,0.0,0.0,0.0,0.0,0.0,1.0,
CO_5,ANS,15.0,15.0,15.0,15.0,15.0,0.0,0.0,0.0,0.0,0.0,0.0,0.0,0.0,0.0,0.0,0.0,POS,False,False,True,calculation_derivation,True,True,model_avg,model_avg_score,0.0,0.0,0.0,0.0,0.0,0.0,1.0,
CO_5,ANS,15.0,15.0,15.0,15.0,15.0,0.0,0.0,0.0,0.0,0.0,0.0,0.0,0.0,0.0,0.0,0.0,POS,False,False,True,calculation_derivation,True,True,model_avg,model_avg_score,0.0,0.0,0.0,0.0,0.0,0.0,1.0,
CO_5,ANS,10.0,2.5,2.5,2.5,2.5,-7.5,-7.5,-7.5,-7.5,7.5,7.5,0.0,0.0,0.0,0.0,0.0,BND,True,True,False,calculation_derivation,True,True,model_avg,model_avg_score,0.4082,0.0,0.0,0.333333,0.0,0.111111,0.888889,keep_minor_change
CO_5,ANS,12.0,10.0,10.0,10.0,10.0,-2.0,-2.0,-2.0,-2.0,2.0,2.0,0.0,0.0,0.0,0.0,0.0,BND,False,False,False,calculation_derivation,True,True,model_avg,model_avg_score,0.0,0.0,0.0,0.0,0.0,0.0,1.0,keep_minor_change
CO_5,ANS,15.0,15.0,15.0,15.0,15.0,0.0,0.0,0.0,0.0,0.0,0.0,0.0,0.0,0.0,0.0,0.0,POS,False,False,True,calculation_derivation,True,True,model_avg,model_avg_score,0.0,0.0,0.0,0.0,0.0,0.0,1.0,
CO_5,ANS,8.0,0.0,0.0,0.0,0.0,-8.0,-8.0,-8.0,-8.0,8.0,8.0,0.0,0.0,0.0,0.0,0.0,BND,True,True,False,calculation_derivation,True,True,model_avg,model_avg_score,0.0,0.0,0.0,0.0,0.0,0.0,1.0,keep_minor_change
CO_5,ANS,8.0,0.0,0.0,0.0,0.0,-8.0,-8.0,-8.0,-8.0,8.0,8.0,0.0,0.0,0.0,0.0,0.0,BND,True,True,False,calculation_derivation,True,True,model_avg,model_avg_score,0.0,0.0,0.0,0.0,0.0,0.0,1.0,keep_minor_change
CO_5,ANS,8.0,2.0,1.3,1.3,1.3,-6.0,-6.7,-6.7,-6.7,6.7,6.7,-0.7,0.0,0.0,0.0,-0.7,BND,True,True,False,calculation_derivation,True,True,model_avg,model_avg_score,0.9428,0.0,0.0,0.666667,0.0,0.222222,0.777778,keep_minor_change
CO_5,ANS,15.0,13.0,13.0,13.0,13.0,-2.0,-2.0,-2.0,-2.0,2.0,2.0,0.0,0.0,0.0,0.0,0.0,POS,False,False,True,calculation_derivation,True,True,model_avg,model_avg_score,0.0,0.0,0.0,0.0,0.0,0.0,1.0,
CO_5,ANS,8.0,0.0,0.0,0.0,0.0,-8.0,-8.0,-8.0,-8.0,8.0,8.0,0.0,0.0,0.0,0.0,0.0,BND,True,True,False,calculation_derivation,True,True,model_avg,model_avg_score,0.0,0.0,0.0,0.0,0.0,0.0,1.0,keep_minor_change
CO_5,ANS,10.0,10.0,8.5,10.0,10.0,0.0,-1.5,0.0,0.0,0.0,0.0,-1.5,1.5,0.0,1.5,0.0,BND,False,False,False,calculation_derivation,True,True,upper_consensus_undercredit,guarded_max_of_three,1.0801,0.0,0.0,0.833333,0.0,0.277778,0.722222,reject_lower
CO_5,ANS,15.0,13.0,13.0,13.0,13.0,-2.0,-2.0,-2.0,-2.0,2.0,2.0,0.0,0.0,0.0,0.0,0.0,POS,False,False,True,calculation_derivation,True,True,model_avg,model_avg_score,0.0,0.0,0.0,0.0,0.0,0.0,1.0,
CO_5,ANS,15.0,8.0,9.7,9.7,9.7,-7.0,-5.3,-5.3,-5.3,5.3,5.3,1.7,0.0,0.0,0.0,1.7,BND,True,True,False,calculation_derivation,True,True,model_avg,model_avg_score,1.2472,0.0,0.0,1.0,0.0,0.333333,0.666667,keep_minor_change
CO_5,ANS,8.0,0.0,0.0,0.0,0.0,-8.0,-8.0,-8.0,-8.0,8.0,8.0,0.0,0.0,0.0,0.0,0.0,BND,True,True,False,calculation_derivation,True,True,model_avg,model_avg_score,0.0,0.0,0.0,0.0,0.0,0.0,1.0,keep_minor_change
CO_5,ANS,15.0,15.0,15.0,15.0,15.0,0.0,0.0,0.0,0.0,0.0,0.0,0.0,0.0,0.0,0.0,0.0,POS,False,False,True,calculation_derivation,True,True,model_avg,model_avg_score,0.0,0.0,0.0,0.0,0.0,0.0,1.0,
CO_5,ANS,15.0,15.0,15.0,15.0,15.0,0.0,0.0,0.0,0.0,0.0,0.0,0.0,0.0,0.0,0.0,0.0,POS,False,False,True,calculation_derivation,True,True,model_avg,model_avg_score,0.0,0.0,0.0,0.0,0.0,0.0,1.0,
CO_5,ANS,15.0,15.0,15.0,15.0,15.0,0.0,0.0,0.0,0.0,0.0,0.0,0.0,0.0,0.0,0.0,0.0,POS,False,False,True,calculation_derivation,True,True,model_avg,model_avg_score,0.0,0.0,0.0,0.0,0.0,0.0,1.0,
CO_5,ANS,15.0,15.0,15.0,15.0,15.0,0.0,0.0,0.0,0.0,0.0,0.0,0.0,0.0,0.0,0.0,0.0,POS,False,False,True,calculation_derivation,True,True,model_avg,model_avg_score,0.0,0.0,0.0,0.0,0.0,0.0,1.0,
CO_5,ANS,8.0,0.0,0.0,0.0,0.0,-8.0,-8.0,-8.0,-8.0,8.0,8.0,0.0,0.0,0.0,0.0,0.0,BND,True,True,False,calculation_derivation,True,True,model_avg,model_avg_score,0.0,0.33,0.333333,0.0,0.333333,0.222222,0.777778,keep_minor_change
CO_5,ANS,15.0,13.0,13.0,13.0,13.0,-2.0,-2.0,-2.0,-2.0,2.0,2.0,0.0,0.0,0.0,0.0,0.0,POS,False,False,True,calculation_derivation,True,True,model_avg,model_avg_score,0.0,0.0,0.0,0.0,0.0,0.0,1.0,
CO_5,ANS,15.0,15.0,15.0,15.0,15.0,0.0,0.0,0.0,0.0,0.0,0.0,0.0,0.0,0.0,0.0,0.0,POS,False,False,True,calculation_derivation,True,True,model_avg,model_avg_score,0.0,0.0,0.0,0.0,0.0,0.0,1.0,
CO_5,ANS,15.0,15.0,12.0,12.0,12.0,0.0,-3.0,-3.0,-3.0,3.0,3.0,-3.0,0.0,0.0,0.0,-3.0,BND,True,True,False,calculation_derivation,True,True,model_avg,model_avg_score,2.1602,0.0,0.0,1.0,0.0,0.333333,0.666667,reject_raise
CO_5,ANS,0.0,0.0,0.0,0.0,0.0,0.0,0.0,0.0,0.0,0.0,0.0,0.0,0.0,0.0,0.0,0.0,BND,False,False,False,calculation_derivation,True,True,model_avg,model_avg_score,0.0,1.0,1.0,0.0,1.0,0.666667,0.333333,keep_minor_change
CO_5,ANS,8.0,0.0,0.0,0.0,0.0,-8.0,-8.0,-8.0,-8.0,8.0,8.0,0.0,0.0,0.0,0.0,0.0,BND,True,True,False,calculation_derivation,True,True,model_avg,model_avg_score,0.0,0.0,0.0,0.0,0.0,0.0,1.0,keep_minor_change
CO_5,ANS,8.0,0.0,0.0,0.0,0.0,-8.0,-8.0,-8.0,-8.0,8.0,8.0,0.0,0.0,0.0,0.0,0.0,BND,True,True,False,calculation_derivation,True,True,model_avg,model_avg_score,0.0,0.0,0.0,0.0,0.0,0.0,1.0,keep_minor_change
CO_5,ANS,10.0,4.5,4.5,5.0,5.0,-5.5,-5.5,-5.0,-5.0,5.0,5.0,0.0,0.5,0.0,0.5,0.5,BND,True,True,False,calculation_derivation,True,True,upper_consensus_undercredit,guarded_max_of_three,0.4082,0.0,0.0,0.333333,0.0,0.111111,0.888889,keep_minor_change
CO_5,ANS,3.0,0.0,0.0,0.0,0.0,-3.0,-3.0,-3.0,-3.0,3.0,3.0,0.0,0.0,0.0,0.0,0.0,BND,True,True,False,calculation_derivation,True,True,model_avg,model_avg_score,0.0,0.33,0.333333,0.0,0.333333,0.222222,0.777778,keep_minor_change
CO_5,ANS,10.0,5.0,7.0,8.0,9.05,-5.0,-3.0,-2.0,-0.95,2.0,0.95,2.0,1.0,1.05,2.05,4.05,BND,False,False,False,calculation_derivation,True,True,upper_consensus_undercredit,guarded_max_of_three,1.4142,0.0,0.0,1.0,0.0,0.333333,0.666667,auto_medium_raise
CO_5,ANS,8.0,0.0,0.0,0.0,0.0,-8.0,-8.0,-8.0,-8.0,8.0,8.0,0.0,0.0,0.0,0.0,0.0,BND,True,True,False,calculation_derivation,True,True,model_avg,model_avg_score,0.0,0.0,0.0,0.0,0.0,0.0,1.0,keep_minor_change
CO_5,ANS,2.0,0.0,0.0,0.0,0.0,-2.0,-2.0,-2.0,-2.0,2.0,2.0,0.0,0.0,0.0,0.0,0.0,BND,False,False,False,calculation_derivation,True,True,model_avg,model_avg_score,0.0,0.33,0.333333,0.0,0.333333,0.222222,0.777778,keep_minor_change
CO_5,ANS,8.0,0.0,0.0,0.0,0.0,-8.0,-8.0,-8.0,-8.0,8.0,8.0,0.0,0.0,0.0,0.0,0.0,BND,True,True,False,calculation_derivation,True,True,model_avg,model_avg_score,0.0,0.0,0.0,0.0,0.0,0.0,1.0,keep_minor_change
CO_5,ANS,15.0,15.0,15.0,15.0,15.0,0.0,0.0,0.0,0.0,0.0,0.0,0.0,0.0,0.0,0.0,0.0,POS,False,False,True,calculation_derivation,True,True,model_avg,model_avg_score,0.0,0.0,0.0,0.0,0.0,0.0,1.0,
CO_5,ANS,15.0,15.0,15.0,15.0,15.0,0.0,0.0,0.0,0.0,0.0,0.0,0.0,0.0,0.0,0.0,0.0,POS,False,False,True,calculation_derivation,True,True,model_avg,model_avg_score,0.0,0.0,0.0,0.0,0.0,0.0,1.0,
CO_5,ANS,0.0,0.0,0.0,0.0,0.0,0.0,0.0,0.0,0.0,0.0,0.0,0.0,0.0,0.0,0.0,0.0,BND,False,False,False,calculation_derivation,True,True,model_avg,model_avg_score,0.0,1.0,1.0,0.0,1.0,0.666667,0.333333,keep_minor_change
CO_5,ANS,15.0,15.0,15.0,15.0,15.0,0.0,0.0,0.0,0.0,0.0,0.0,0.0,0.0,0.0,0.0,0.0,POS,False,False,True,calculation_derivation,True,True,model_avg,model_avg_score,0.0,0.0,0.0,0.0,0.0,0.0,1.0,
CO_5,ANS,10.0,4.0,4.0,5.0,5.0,-6.0,-6.0,-5.0,-5.0,5.0,5.0,0.0,1.0,0.0,1.0,1.0,BND,True,True,False,calculation_derivation,True,True,upper_consensus_undercredit,guarded_max_of_three,0.8165,0.0,0.0,0.666667,0.0,0.222222,0.777778,reject_lower
CO_5,ANS,15.0,15.0,15.0,15.0,15.0,0.0,0.0,0.0,0.0,0.0,0.0,0.0,0.0,0.0,0.0,0.0,POS,False,False,True,calculation_derivation,True,True,model_avg,model_avg_score,0.0,0.0,0.0,0.0,0.0,0.0,1.0,
CO_5,ANS,15.0,13.0,14.3,14.3,14.3,-2.0,-0.7,-0.7,-0.7,0.7,0.7,1.3,0.0,0.0,0.0,1.3,BND,False,False,False,calculation_derivation,True,True,model_avg,model_avg_score,0.9428,0.0,0.0,0.666667,0.0,0.222222,0.777778,reject_raise
CO_5,ANS,8.0,0.0,1.0,1.0,1.0,-8.0,-7.0,-7.0,-7.0,7.0,7.0,1.0,0.0,0.0,0.0,1.0,BND,True,True,False,calculation_derivation,True,True,model_avg,model_avg_score,1.4142,0.0,0.0,1.0,0.0,0.333333,0.666667,keep_minor_change
CO_5,ANS,15.0,15.0,15.0,15.0,15.0,0.0,0.0,0.0,0.0,0.0,0.0,0.0,0.0,0.0,0.0,0.0,POS,False,False,True,calculation_derivation,True,True,model_avg,model_avg_score,0.0,0.0,0.0,0.0,0.0,0.0,1.0,
CO_5,ANS,15.0,12.5,12.2,12.2,12.2,-2.5,-2.8,-2.8,-2.8,2.8,2.8,-0.3,0.0,0.0,0.0,-0.3,BND,True,True,False,calculation_derivation,True,True,model_avg,model_avg_score,0.2357,0.0,0.0,0.166667,0.0,0.055556,0.944444,keep_minor_change
CO_5,ANS,15.0,12.0,12.0,12.0,12.0,-3.0,-3.0,-3.0,-3.0,3.0,3.0,0.0,0.0,0.0,0.0,0.0,BND,True,True,False,calculation_derivation,True,True,model_avg,model_avg_score,0.0,0.0,0.0,0.0,0.0,0.0,1.0,keep_minor_change
CO_5,ANS,15.0,15.0,15.0,15.0,15.0,0.0,0.0,0.0,0.0,0.0,0.0,0.0,0.0,0.0,0.0,0.0,POS,False,False,True,calculation_derivation,True,True,model_avg,model_avg_score,0.0,0.0,0.0,0.0,0.0,0.0,1.0,
CO_5,ANS,15.0,15.0,15.0,15.0,15.0,0.0,0.0,0.0,0.0,0.0,0.0,0.0,0.0,0.0,0.0,0.0,POS,False,False,True,calculation_derivation,True,True,model_avg,model_avg_score,0.0,0.0,0.0,0.0,0.0,0.0,1.0,
CO_5,ANS,15.0,15.0,15.0,15.0,15.0,0.0,0.0,0.0,0.0,0.0,0.0,0.0,0.0,0.0,0.0,0.0,POS,False,False,True,calculation_derivation,True,True,model_avg,model_avg_score,0.0,0.0,0.0,0.0,0.0,0.0,1.0,
CO_5,ANS,15.0,15.0,15.0,15.0,15.0,0.0,0.0,0.0,0.0,0.0,0.0,0.0,0.0,0.0,0.0,0.0,POS,False,False,True,calculation_derivation,True,True,model_avg,model_avg_score,0.0,0.0,0.0,0.0,0.0,0.0,1.0,
CO_5,ANS,15.0,15.0,15.0,15.0,15.0,0.0,0.0,0.0,0.0,0.0,0.0,0.0,0.0,0.0,0.0,0.0,POS,False,False,True,calculation_derivation,True,True,model_avg,model_avg_score,0.0,0.0,0.0,0.0,0.0,0.0,1.0,
CO_5,ANS,15.0,13.5,14.5,14.5,14.5,-1.5,-0.5,-0.5,-0.5,0.5,0.5,1.0,0.0,0.0,0.0,1.0,BND,False,False,False,calculation_derivation,True,True,model_avg,model_avg_score,0.7071,0.0,0.0,0.5,0.0,0.166667,0.833333,reject_raise
CO_5,ANS,15.0,15.0,15.0,15.0,15.0,0.0,0.0,0.0,0.0,0.0,0.0,0.0,0.0,0.0,0.0,0.0,POS,False,False,True,calculation_derivation,True,True,model_avg,model_avg_score,0.0,0.0,0.0,0.0,0.0,0.0,1.0,
CO_5,ANS,15.0,15.0,15.0,15.0,15.0,0.0,0.0,0.0,0.0,0.0,0.0,0.0,0.0,0.0,0.0,0.0,POS,False,False,True,calculation_derivation,True,True,model_avg,model_avg_score,0.0,0.0,0.0,0.0,0.0,0.0,1.0,
CO_5,ANS,15.0,8.5,11.2,11.2,12.25,-6.5,-3.8,-3.8,-2.75,3.8,2.75,2.7,0.0,1.05,1.05,3.75,BND,True,True,False,calculation_derivation,True,True,model_avg,model_avg_score,1.9293,0.0,0.0,1.0,0.0,0.333333,0.666667,small_raise
CO_5,ANS,8.0,0.0,0.0,0.0,0.0,-8.0,-8.0,-8.0,-8.0,8.0,8.0,0.0,0.0,0.0,0.0,0.0,BND,True,True,False,calculation_derivation,True,True,model_avg,model_avg_score,0.0,0.0,0.0,0.0,0.0,0.0,1.0,keep_minor_change
CO_5,ANS,8.0,3.0,2.3,2.3,2.3,-5.0,-5.7,-5.7,-5.7,5.7,5.7,-0.7,0.0,0.0,0.0,-0.7,BND,True,True,False,calculation_derivation,True,True,model_avg,model_avg_score,0.4714,0.0,0.0,0.333333,0.0,0.111111,0.888889,reject_lower
CO_5,ANS,0.0,0.0,0.0,0.0,0.0,0.0,0.0,0.0,0.0,0.0,0.0,0.0,0.0,0.0,0.0,0.0,BND,False,False,False,calculation_derivation,True,True,model_avg,model_avg_score,0.0,1.0,1.0,0.0,1.0,0.666667,0.333333,keep_minor_change
CO_5,ANS,15.0,15.0,15.0,15.0,15.0,0.0,0.0,0.0,0.0,0.0,0.0,0.0,0.0,0.0,0.0,0.0,POS,False,False,True,calculation_derivation,True,True,model_avg,model_avg_score,0.0,0.0,0.0,0.0,0.0,0.0,1.0,
CO_5,ANS,15.0,15.0,15.0,15.0,15.0,0.0,0.0,0.0,0.0,0.0,0.0,0.0,0.0,0.0,0.0,0.0,POS,False,False,True,calculation_derivation,True,True,model_avg,model_avg_score,0.0,0.0,0.0,0.0,0.0,0.0,1.0,
CO_5,ANS,15.0,15.0,15.0,15.0,15.0,0.0,0.0,0.0,0.0,0.0,0.0,0.0,0.0,0.0,0.0,0.0,POS,False,False,True,calculation_derivation,True,True,model_avg,model_avg_score,0.0,0.0,0.0,0.0,0.0,0.0,1.0,
CO_5,ANS,10.0,8.0,10.2,10.2,10.2,-2.0,0.2,0.2,0.2,0.2,0.2,1.8,0.0,0.0,0.0,1.8,BND,False,False,False,calculation_derivation,True,True,model_avg,model_avg_score,1.8409,0.0,0.0,1.0,0.0,0.333333,0.666667,reject_raise
CO_5,ANS,8.0,1.0,0.7,0.7,0.7,-7.0,-7.3,-7.3,-7.3,7.3,7.3,-0.3,0.0,0.0,0.0,-0.3,BND,True,True,False,calculation_derivation,True,True,model_avg,model_avg_score,0.4714,0.0,0.0,0.333333,0.0,0.111111,0.888889,keep_minor_change
CO_5,ANS,8.0,0.0,0.0,0.0,0.0,-8.0,-8.0,-8.0,-8.0,8.0,8.0,0.0,0.0,0.0,0.0,0.0,BND,True,True,False,calculation_derivation,True,True,model_avg,model_avg_score,0.0,0.0,0.0,0.0,0.0,0.0,1.0,keep_minor_change
CO_5,ANS,15.0,15.0,15.0,15.0,15.0,0.0,0.0,0.0,0.0,0.0,0.0,0.0,0.0,0.0,0.0,0.0,POS,False,False,True,calculation_derivation,True,True,model_avg,model_avg_score,0.0,0.0,0.0,0.0,0.0,0.0,1.0,
CO_5,ANS,15.0,15.0,15.0,15.0,15.0,0.0,0.0,0.0,0.0,0.0,0.0,0.0,0.0,0.0,0.0,0.0,POS,False,False,True,calculation_derivation,True,True,model_avg,model_avg_score,0.0,0.0,0.0,0.0,0.0,0.0,1.0,
CO_5,ANS,15.0,15.0,15.0,15.0,15.0,0.0,0.0,0.0,0.0,0.0,0.0,0.0,0.0,0.0,0.0,0.0,POS,False,False,True,calculation_derivation,True,True,model_avg,model_avg_score,0.0,0.0,0.0,0.0,0.0,0.0,1.0,
CO_5,ANS,10.0,11.0,10.8,10.8,10.8,1.0,0.8,0.8,0.8,0.8,0.8,0.2,0.0,0.0,0.0,0.2,BND,False,False,False,calculation_derivation,True,True,model_avg,model_avg_score,0.2357,0.0,0.0,0.166667,0.0,0.055556,0.944444,keep_minor_change
CO_5,ANS,15.0,15.0,15.0,15.0,15.0,0.0,0.0,0.0,0.0,0.0,0.0,0.0,0.0,0.0,0.0,0.0,POS,False,False,True,calculation_derivation,True,True,model_avg,model_avg_score,0.0,0.0,0.0,0.0,0.0,0.0,1.0,
CO_5,ANS,15.0,15.0,15.0,15.0,15.0,0.0,0.0,0.0,0.0,0.0,0.0,0.0,0.0,0.0,0.0,0.0,POS,False,False,True,calculation_derivation,True,True,model_avg,model_avg_score,0.0,0.0,0.0,0.0,0.0,0.0,1.0,
CO_5,ANS,15.0,13.5,14.5,14.5,14.5,-1.5,-0.5,-0.5,-0.5,0.5,0.5,1.0,0.0,0.0,0.0,1.0,BND,False,False,False,calculation_derivation,True,True,model_avg,model_avg_score,0.7071,0.0,0.0,0.5,0.0,0.166667,0.833333,reject_raise
CO_5,ANS,10.0,5.0,5.0,5.0,6.05,-5.0,-5.0,-5.0,-3.95,5.0,3.95,0.0,0.0,1.05,1.05,1.05,BND,True,True,False,calculation_derivation,True,True,model_avg,model_avg_score,0.0,0.0,0.0,0.0,0.0,0.0,1.0,auto_small_raise
CO_5,ANS,15.0,15.0,15.0,15.0,15.0,0.0,0.0,0.0,0.0,0.0,0.0,0.0,0.0,0.0,0.0,0.0,POS,False,False,True,calculation_derivation,True,True,model_avg,model_avg_score,0.0,0.0,0.0,0.0,0.0,0.0,1.0,
CO_5,ANS,15.0,15.0,15.0,15.0,15.0,0.0,0.0,0.0,0.0,0.0,0.0,0.0,0.0,0.0,0.0,0.0,POS,False,False,True,calculation_derivation,True,True,model_avg,model_avg_score,0.0,0.0,0.0,0.0,0.0,0.0,1.0,
CO_5,ANS,15.0,15.0,15.0,15.0,15.0,0.0,0.0,0.0,0.0,0.0,0.0,0.0,0.0,0.0,0.0,0.0,POS,False,False,True,calculation_derivation,True,True,model_avg,model_avg_score,0.0,0.0,0.0,0.0,0.0,0.0,1.0,
CO_5,ANS,15.0,15.0,15.0,15.0,15.0,0.0,0.0,0.0,0.0,0.0,0.0,0.0,0.0,0.0,0.0,0.0,POS,False,False,True,calculation_derivation,True,True,model_avg,model_avg_score,0.0,0.0,0.0,0.0,0.0,0.0,1.0,
CO_5,ANS,10.0,12.0,11.3,11.3,11.3,2.0,1.3,1.3,1.3,1.3,1.3,0.7,0.0,0.0,0.0,0.7,BND,False,False,False,calculation_derivation,True,True,model_avg,model_avg_score,0.9428,0.0,0.0,0.666667,0.0,0.222222,0.777778,keep_minor_change
CO_5,ANS,15.0,15.0,15.0,15.0,15.0,0.0,0.0,0.0,0.0,0.0,0.0,0.0,0.0,0.0,0.0,0.0,POS,False,False,True,calculation_derivation,True,True,model_avg,model_avg_score,0.0,0.0,0.0,0.0,0.0,0.0,1.0,
CO_5,ANS,8.0,2.5,2.3,2.3,2.3,-5.5,-5.7,-5.7,-5.7,5.7,5.7,-0.2,0.0,0.0,0.0,-0.2,BND,True,True,False,calculation_derivation,True,True,model_avg,model_avg_score,0.2357,0.67,0.666667,0.166667,0.666667,0.5,0.5,keep_minor_change
CO_5,ANS,15.0,15.0,15.0,15.0,15.0,0.0,0.0,0.0,0.0,0.0,0.0,0.0,0.0,0.0,0.0,0.0,POS,False,False,True,calculation_derivation,True,True,model_avg,model_avg_score,0.0,0.0,0.0,0.0,0.0,0.0,1.0,
CO_5,ANS,8.0,0.0,0.0,0.0,0.0,-8.0,-8.0,-8.0,-8.0,8.0,8.0,0.0,0.0,0.0,0.0,0.0,BND,True,True,False,calculation_derivation,True,True,model_avg,model_avg_score,0.0,0.33,0.333333,0.0,0.333333,0.222222,0.777778,keep_minor_change
CO_5,ANS,15.0,15.0,15.0,15.0,15.0,0.0,0.0,0.0,0.0,0.0,0.0,0.0,0.0,0.0,0.0,0.0,POS,False,False,True,calculation_derivation,True,True,model_avg,model_avg_score,0.0,0.0,0.0,0.0,0.0,0.0,1.0,
CO_5,ANS,10.0,9.5,10.5,10.5,10.5,-0.5,0.5,0.5,0.5,0.5,0.5,0.0,0.0,0.0,0.0,0.0,BND,False,False,False,calculation_derivation,True,True,model_avg,model_avg_score,1.0801,0.0,0.0,0.833333,0.0,0.277778,0.722222,keep_minor_change
CO_6,ANS,20.0,20.0,20.0,20.0,20.0,0.0,0.0,0.0,0.0,0.0,0.0,0.0,0.0,0.0,0.0,0.0,BND,False,False,False,calculation_derivation,True,True,model_avg,model_avg_score,0.0,0.0,0.0,0.0,0.0,0.0,1.0,keep_minor_change
CO_6,ANS,10.0,7.5,8.0,8.0,9.4,-2.5,-2.0,-2.0,-0.6,2.0,0.6,0.5,0.0,1.4,1.4,1.9,BND,False,False,False,calculation_derivation,True,True,model_avg,model_avg_score,0.4082,0.22,0.2,0.25,0.2,0.216667,0.783333,auto_small_raise
CO_6,ANS,5.0,4.0,4.3,4.3,4.3,-1.0,-0.7,-0.7,-0.7,0.7,0.7,0.3,0.0,0.0,0.0,0.3,BND,False,False,False,calculation_derivation,True,True,model_avg,model_avg_score,0.4714,0.33,0.25,0.25,0.25,0.25,0.75,keep_minor_change
CO_6,ANS,10.0,6.0,6.3,6.3,6.3,-4.0,-3.7,-3.7,-3.7,3.7,3.7,0.3,0.0,0.0,0.0,0.3,POS,True,False,False,calculation_derivation,True,True,model_avg,model_avg_score,0.4714,0.11,0.1,0.25,0.1,0.15,0.85,
CO_6,ANS,16.0,10.0,11.0,11.0,11.0,-6.0,-5.0,-5.0,-5.0,5.0,5.0,1.0,0.0,0.0,0.0,1.0,BND,True,True,False,calculation_derivation,True,True,model_avg,model_avg_score,1.0801,0.22,0.15,0.625,0.15,0.308333,0.691667,reject_raise
CO_6,ANS,16.0,14.0,13.8,13.8,13.8,-2.0,-2.2,-2.2,-2.2,2.2,2.2,-0.2,0.0,0.0,0.0,-0.2,BND,True,True,False,calculation_derivation,True,True,model_avg,model_avg_score,0.2357,0.44,0.35,0.125,0.35,0.275,0.725,keep_minor_change
CO_6,ANS,10.0,4.5,6.0,6.0,6.0,-5.5,-4.0,-4.0,-4.0,4.0,4.0,1.5,0.0,0.0,0.0,1.5,BND,True,True,False,calculation_derivation,True,True,model_avg,model_avg_score,1.472,0.22,0.15,0.875,0.15,0.391667,0.608333,reject_lower
CO_6,ANS,13.0,9.0,9.2,9.2,9.2,-4.0,-3.8,-3.8,-3.8,3.8,3.8,0.2,0.0,0.0,0.0,0.2,BND,True,True,False,calculation_derivation,True,True,model_avg,model_avg_score,0.2357,0.0,0.0,0.125,0.0,0.041667,0.958333,keep_minor_change
CO_6,ANS,16.0,10.5,9.5,9.5,9.5,-5.5,-6.5,-6.5,-6.5,6.5,6.5,-1.0,0.0,0.0,0.0,-1.0,BND,True,True,False,calculation_derivation,True,True,model_avg,model_avg_score,0.7071,0.0,0.0,0.375,0.0,0.125,0.875,reject_lower
CO_6,ANS,4.0,7.5,6.8,6.8,6.8,3.5,2.8,2.8,2.8,2.8,2.8,0.7,0.0,0.0,0.0,0.7,BND,True,True,False,calculation_derivation,True,True,model_avg,model_avg_score,0.4714,0.0,0.0,0.25,0.0,0.083333,0.916667,reject_raise
CO_6,ANS,18.0,12.0,11.8,11.8,13.2,-6.0,-6.2,-6.2,-4.8,6.2,4.8,-0.2,0.0,1.4,1.4,1.2,BND,True,True,False,calculation_derivation,True,True,model_avg,model_avg_score,0.6236,0.11,0.1,0.375,0.1,0.191667,0.808333,auto_small_raise
CO_6,ANS,20.0,18.5,18.8,18.8,18.8,-1.5,-1.2,-1.2,-1.2,1.2,1.2,0.3,0.0,0.0,0.0,0.3,BND,False,False,False,calculation_derivation,True,True,model_avg,model_avg_score,0.2357,0.11,0.05,0.125,0.05,0.075,0.925,keep_minor_change
CO_6,ANS,16.0,14.5,14.5,14.5,11.5,-1.5,-1.5,-1.5,-4.5,1.5,4.5,0.0,0.0,-3.0,-3.0,-3.0,BND,False,False,False,calculation_derivation,True,True,model_avg,model_avg_score,0.0,0.11,0.05,0.0,0.05,0.033333,0.966667,auto_small_lower
CO_6,ANS,14.0,10.0,9.0,9.0,9.0,-4.0,-5.0,-5.0,-5.0,5.0,5.0,-1.0,0.0,0.0,0.0,-1.0,BND,True,True,False,calculation_derivation,True,True,model_avg,model_avg_score,0.8165,0.11,0.1,0.5,0.1,0.233333,0.766667,keep_minor_change
CO_6,ANS,2.0,4.0,3.8,3.8,3.8,2.0,1.8,1.8,1.8,1.8,1.8,0.2,0.0,0.0,0.0,0.2,BND,False,False,False,calculation_derivation,True,True,model_avg,model_avg_score,0.2828,0.56,0.5,0.15,0.5,0.383333,0.616667,keep_minor_change
CO_6,ANS,15.0,11.0,11.0,11.0,11.0,-4.0,-4.0,-4.0,-4.0,4.0,4.0,0.0,0.0,0.0,0.0,0.0,BND,True,True,False,calculation_derivation,True,True,model_avg,model_avg_score,0.0,0.11,0.05,0.0,0.05,0.033333,0.966667,keep_minor_change
CO_6,ANS,10.0,4.0,4.7,4.7,4.7,-6.0,-5.3,-5.3,-5.3,5.3,5.3,0.7,0.0,0.0,0.0,0.7,BND,True,True,False,calculation_derivation,True,True,model_avg,model_avg_score,0.6236,0.22,0.15,0.375,0.15,0.225,0.775,reject_raise
CO_6,ANS,4.0,1.0,1.7,1.7,1.7,-3.0,-2.3,-2.3,-2.3,2.3,2.3,0.7,0.0,0.0,0.0,0.7,BND,True,True,False,calculation_derivation,True,True,model_avg,model_avg_score,0.4714,0.0,0.0,0.25,0.0,0.083333,0.916667,keep_minor_change
CO_6,ANS,10.0,4.0,4.7,4.7,4.7,-6.0,-5.3,-5.3,-5.3,5.3,5.3,0.7,0.0,0.0,0.0,0.7,BND,True,True,False,calculation_derivation,True,True,model_avg,model_avg_score,0.9428,0.11,0.1,0.5,0.1,0.233333,0.766667,keep_minor_change
CO_6,ANS,4.0,4.0,3.6,3.6,3.6,0.0,-0.4,-0.4,-0.4,0.4,0.4,-0.4,0.0,0.0,0.0,-0.4,BND,False,False,False,calculation_derivation,True,True,model_avg,model_avg_score,0.5657,0.78,0.7,0.3,0.7,0.566667,0.433333,keep_minor_change
CO_6,ANS,17.0,14.0,13.0,13.0,13.0,-3.0,-4.0,-4.0,-4.0,4.0,4.0,-1.0,0.0,0.0,0.0,-1.0,BND,True,True,False,calculation_derivation,True,True,model_avg,model_avg_score,0.8165,0.0,0.0,0.5,0.0,0.166667,0.833333,reject_raise
CO_6,ANS,2.0,0.0,0.0,0.0,0.0,-2.0,-2.0,-2.0,-2.0,2.0,2.0,0.0,0.0,0.0,0.0,0.0,BND,False,False,False,calculation_derivation,True,True,model_avg,model_avg_score,0.0,0.22,0.15,0.0,0.15,0.1,0.9,keep_minor_change
CO_6,ANS,20.0,20.0,20.0,20.0,17.0,0.0,0.0,0.0,-3.0,0.0,3.0,0.0,0.0,-3.0,-3.0,-3.0,BND,False,False,False,calculation_derivation,True,True,model_avg,model_avg_score,0.0,0.0,0.0,0.0,0.0,0.0,1.0,auto_small_lower
CO_6,ANS,12.0,7.5,7.5,7.5,7.5,-4.5,-4.5,-4.5,-4.5,4.5,4.5,0.0,0.0,0.0,0.0,0.0,BND,True,True,False,calculation_derivation,True,True,model_avg,model_avg_score,0.0,0.22,0.15,0.0,0.15,0.1,0.9,keep_minor_change
CO_6,ANS,6.0,3.0,3.0,3.0,3.0,-3.0,-3.0,-3.0,-3.0,3.0,3.0,0.0,0.0,0.0,0.0,0.0,BND,True,True,False,calculation_derivation,True,True,model_avg,model_avg_score,0.0,0.22,0.3,0.0,0.3,0.2,0.8,keep_minor_change
CO_6,ANS,4.0,2.0,2.3,2.3,2.3,-2.0,-1.7,-1.7,-1.7,1.7,1.7,0.3,0.0,0.0,0.0,0.3,BND,False,False,False,calculation_derivation,True,True,model_avg,model_avg_score,0.4714,0.44,0.4,0.25,0.4,0.35,0.65,reject_raise
CO_6,ANS,0.0,0.0,0.0,0.0,0.0,0.0,0.0,0.0,0.0,0.0,0.0,0.0,0.0,0.0,0.0,0.0,BND,False,False,False,calculation_derivation,True,True,model_avg,model_avg_score,0.0,0.44,0.4,0.0,0.4,0.266667,0.733333,keep_minor_change
CO_6,ANS,20.0,20.0,20.0,20.0,17.0,0.0,0.0,0.0,-3.0,0.0,3.0,0.0,0.0,-3.0,-3.0,-3.0,BND,False,False,False,calculation_derivation,True,True,model_avg,model_avg_score,0.0,0.0,0.0,0.0,0.0,0.0,1.0,auto_small_lower
CO_6,ANS,4.0,7.0,7.0,7.0,7.0,3.0,3.0,3.0,3.0,3.0,3.0,0.0,0.0,0.0,0.0,0.0,BND,True,True,False,calculation_derivation,True,True,model_avg,model_avg_score,0.0,0.22,0.2,0.0,0.2,0.133333,0.866667,keep_minor_change
CO_6,ANS,12.0,8.5,7.8,7.8,7.8,-3.5,-4.2,-4.2,-4.2,4.2,4.2,-0.7,0.0,0.0,0.0,-0.7,BND,True,True,False,calculation_derivation,True,True,model_avg,model_avg_score,0.6236,0.11,0.1,0.375,0.1,0.191667,0.808333,keep_minor_change
CO_6,ANS,14.0,10.0,10.0,10.0,10.0,-4.0,-4.0,-4.0,-4.0,4.0,4.0,0.0,0.0,0.0,0.0,0.0,BND,True,True,False,calculation_derivation,True,True,model_avg,model_avg_score,0.0,0.11,0.1,0.0,0.1,0.066667,0.933333,keep_minor_change
CO_6,ANS,14.0,12.0,10.3,10.3,10.3,-2.0,-3.7,-3.7,-3.7,3.7,3.7,-1.7,0.0,0.0,0.0,-1.7,BND,True,True,False,calculation_derivation,True,True,model_avg,model_avg_score,1.2472,0.11,0.1,0.75,0.1,0.316667,0.683333,reject_lower
CO_6,ANS,12.0,7.0,7.7,7.7,7.7,-5.0,-4.3,-4.3,-4.3,4.3,4.3,0.7,0.0,0.0,0.0,0.7,BND,True,True,False,calculation_derivation,True,True,model_avg,model_avg_score,0.9428,0.11,0.1,0.5,0.1,0.233333,0.766667,reject_lower
CO_6,ANS,14.0,10.0,10.7,10.7,10.7,-4.0,-3.3,-3.3,-3.3,3.3,3.3,0.7,0.0,0.0,0.0,0.7,BND,True,True,False,calculation_derivation,True,True,model_avg,model_avg_score,0.9428,0.11,0.1,0.5,0.1,0.233333,0.766667,keep_minor_change
CO_6,ANS,16.0,12.0,10.7,10.7,10.7,-4.0,-5.3,-5.3,-5.3,5.3,5.3,-1.3,0.0,0.0,0.0,-1.3,BND,True,True,False,calculation_derivation,True,True,model_avg,model_avg_score,1.2472,0.11,0.1,0.75,0.1,0.316667,0.683333,keep_minor_change
CO_6,ANS,14.0,9.5,10.2,10.2,10.2,-4.5,-3.8,-3.8,-3.8,3.8,3.8,0.7,0.0,0.0,0.0,0.7,BND,True,True,False,calculation_derivation,True,True,model_avg,model_avg_score,0.9428,0.0,0.0,0.5,0.0,0.166667,0.833333,reject_raise
CO_6,ANS,2.0,2.0,2.3,2.3,2.3,0.0,0.3,0.3,0.3,0.3,0.3,-0.3,0.0,0.0,0.0,-0.3,BND,False,False,False,calculation_derivation,True,True,model_avg,model_avg_score,0.4714,0.0,0.0,0.25,0.0,0.083333,0.916667,reject_raise
CO_6,ANS,12.0,9.0,9.3,9.3,10.7,-3.0,-2.7,-2.7,-1.3,2.7,1.3,0.3,0.0,1.4,1.4,1.7,BND,True,True,False,calculation_derivation,True,True,model_avg,model_avg_score,0.4714,0.11,0.1,0.25,0.1,0.15,0.85,auto_small_raise
CO_6,ANS,4.0,4.0,4.0,4.0,4.0,0.0,0.0,0.0,0.0,0.0,0.0,0.0,0.0,0.0,0.0,0.0,BND,False,False,False,calculation_derivation,True,True,model_avg,model_avg_score,0.0,0.44,0.4,0.0,0.4,0.266667,0.733333,keep_minor_change
CO_6,ANS,0.0,0.0,0.0,0.0,0.0,0.0,0.0,0.0,0.0,0.0,0.0,0.0,0.0,0.0,0.0,0.0,BND,False,False,False,calculation_derivation,True,True,model_avg,model_avg_score,0.0,1.0,1.0,0.0,1.0,0.666667,0.333333,keep_minor_change
CO_6,ANS,6.0,4.0,4.0,4.0,4.0,-2.0,-2.0,-2.0,-2.0,2.0,2.0,0.0,0.0,0.0,0.0,0.0,BND,False,False,False,calculation_derivation,True,True,model_avg,model_avg_score,0.0,0.44,0.4,0.0,0.4,0.266667,0.733333,keep_minor_change
CO_6,ANS,14.0,8.5,8.7,8.7,8.7,-5.5,-5.3,-5.3,-5.3,5.3,5.3,0.2,0.0,0.0,0.0,0.2,BND,True,True,False,calculation_derivation,True,True,model_avg,model_avg_score,0.2357,0.33,0.25,0.125,0.25,0.208333,0.791667,keep_minor_change
CO_6,ANS,6.0,7.0,6.0,6.0,6.0,1.0,0.0,0.0,0.0,0.0,0.0,1.0,0.0,0.0,0.0,1.0,BND,False,False,False,calculation_derivation,True,True,model_avg,model_avg_score,1.4142,0.44,0.4,0.75,0.4,0.516667,0.483333,reject_raise
CO_6,ANS,12.0,11.0,10.7,10.7,10.7,-1.0,-1.3,-1.3,-1.3,1.3,1.3,-0.3,0.0,0.0,0.0,-0.3,BND,False,False,False,calculation_derivation,True,True,model_avg,model_avg_score,0.4714,0.0,0.0,0.25,0.0,0.083333,0.916667,reject_raise
CO_6,ANS,8.0,4.0,4.0,4.0,4.0,-4.0,-4.0,-4.0,-4.0,4.0,4.0,0.0,0.0,0.0,0.0,0.0,BND,True,True,False,calculation_derivation,True,True,model_avg,model_avg_score,0.0,0.56,0.5,0.0,0.5,0.333333,0.666667,keep_minor_change
CO_6,ANS,0.0,0.0,0.0,0.0,0.0,0.0,0.0,0.0,0.0,0.0,0.0,0.0,0.0,0.0,0.0,0.0,BND,False,False,False,calculation_derivation,True,True,model_avg,model_avg_score,0.0,0.56,0.5,0.0,0.5,0.333333,0.666667,keep_minor_change
CO_6,ANS,5.0,4.0,4.0,4.0,4.0,-1.0,-1.0,-1.0,-1.0,1.0,1.0,0.0,0.0,0.0,0.0,0.0,BND,False,False,False,calculation_derivation,True,True,model_avg,model_avg_score,0.0,0.56,0.5,0.0,0.5,0.333333,0.666667,keep_minor_change
CO_7,ANS,10.0,10.0,10.0,10.0,8.5,0.0,0.0,0.0,-1.5,0.0,1.5,0.0,0.0,-1.5,-1.5,-1.5,BND,False,False,False,calculation_derivation,True,True,model_avg,model_avg_score,0.0,0.0,0.0,0.0,0.0,0.0,1.0,auto_small_lower
CO_7,ANS,10.0,10.0,9.7,9.7,8.2,0.0,-0.3,-0.3,-1.8,0.3,1.8,-0.3,0.0,-1.5,-1.5,-1.8,BND,False,False,False,calculation_derivation,True,True,model_avg,model_avg_score,0.4714,0.0,0.0,0.5,0.0,0.166667,0.833333,auto_small_lower
CO_7,ANS,8.0,3.0,2.7,2.7,2.7,-5.0,-5.3,-5.3,-5.3,5.3,5.3,-0.3,0.0,0.0,0.0,-0.3,BND,True,True,False,calculation_derivation,True,True,model_avg,model_avg_score,0.4714,0.0,0.0,0.5,0.0,0.166667,0.833333,keep_minor_change
CO_7,ANS,10.0,10.0,10.0,10.0,8.5,0.0,0.0,0.0,-1.5,0.0,1.5,0.0,0.0,-1.5,-1.5,-1.5,BND,False,False,False,calculation_derivation,True,True,model_avg,model_avg_score,0.0,0.0,0.0,0.0,0.0,0.0,1.0,auto_small_lower
CO_7,ANS,6.0,4.0,3.8,3.8,3.8,-2.0,-2.2,-2.2,-2.2,2.2,2.2,-0.2,0.0,0.0,0.0,-0.2,BND,True,True,False,calculation_derivation,True,True,model_avg,model_avg_score,0.2357,0.0,0.0,0.25,0.0,0.083333,0.916667,reject_lower
CO_7,ANS,10.0,10.0,10.0,10.0,8.5,0.0,0.0,0.0,-1.5,0.0,1.5,0.0,0.0,-1.5,-1.5,-1.5,BND,False,False,False,calculation_derivation,True,True,model_avg,model_avg_score,0.0,0.0,0.0,0.0,0.0,0.0,1.0,auto_small_lower
CO_7,ANS,8.0,4.0,3.7,3.7,3.7,-4.0,-4.3,-4.3,-4.3,4.3,4.3,-0.3,0.0,0.0,0.0,-0.3,BND,True,True,False,calculation_derivation,True,True,model_avg,model_avg_score,0.4714,0.0,0.0,0.5,0.0,0.166667,0.833333,keep_minor_change
CO_7,ANS,10.0,10.0,10.0,10.0,8.5,0.0,0.0,0.0,-1.5,0.0,1.5,0.0,0.0,-1.5,-1.5,-1.5,BND,False,False,False,calculation_derivation,True,True,model_avg,model_avg_score,0.0,0.0,0.0,0.0,0.0,0.0,1.0,auto_small_lower
CO_7,ANS,10.0,10.0,10.0,10.0,8.5,0.0,0.0,0.0,-1.5,0.0,1.5,0.0,0.0,-1.5,-1.5,-1.5,BND,False,False,False,calculation_derivation,True,True,model_avg,model_avg_score,0.0,0.0,0.0,0.0,0.0,0.0,1.0,auto_small_lower
CO_7,ANS,5.0,3.0,3.0,3.0,3.0,-2.0,-2.0,-2.0,-2.0,2.0,2.0,0.0,0.0,0.0,0.0,0.0,BND,False,False,False,calculation_derivation,True,True,model_avg,model_avg_score,0.0,0.0,0.0,0.0,0.0,0.0,1.0,keep_minor_change
CO_7,ANS,10.0,9.0,9.0,9.0,7.5,-1.0,-1.0,-1.0,-2.5,1.0,2.5,0.0,0.0,-1.5,-1.5,-1.5,BND,False,False,False,calculation_derivation,True,True,model_avg,model_avg_score,0.0,0.0,0.0,0.0,0.0,0.0,1.0,auto_small_lower
CO_7,ANS,10.0,10.0,10.0,10.0,10.0,0.0,0.0,0.0,0.0,0.0,0.0,0.0,0.0,0.0,0.0,0.0,POS,False,False,True,calculation_derivation,True,True,model_avg,model_avg_score,0.0,0.0,0.0,0.0,0.0,0.0,1.0,
CO_7,ANS,10.0,10.0,10.0,10.0,8.5,0.0,0.0,0.0,-1.5,0.0,1.5,0.0,0.0,-1.5,-1.5,-1.5,BND,False,False,False,calculation_derivation,True,True,model_avg,model_avg_score,0.0,0.0,0.0,0.0,0.0,0.0,1.0,auto_small_lower
CO_7,ANS,10.0,9.0,8.0,8.0,8.0,-1.0,-2.0,-2.0,-2.0,2.0,2.0,-1.0,0.0,0.0,0.0,-1.0,BND,False,False,False,calculation_derivation,True,True,model_avg,model_avg_score,1.0656,0.0,0.0,1.0,0.0,0.333333,0.666667,reject_raise
CO_7,ANS,8.0,8.0,8.3,8.3,8.3,0.0,0.3,0.3,0.3,0.3,0.3,-0.3,0.0,0.0,0.0,-0.3,BND,False,False,False,calculation_derivation,True,True,model_avg,model_avg_score,0.3771,0.0,0.0,0.4,0.0,0.133333,0.866667,keep_minor_change
CO_7,ANS,10.0,10.0,10.0,10.0,10.0,0.0,0.0,0.0,0.0,0.0,0.0,0.0,0.0,0.0,0.0,0.0,BND,False,False,False,calculation_derivation,True,True,model_avg,model_avg_score,0.0,0.0,0.0,0.0,0.0,0.0,1.0,keep_minor_change
CO_7,ANS,10.0,10.0,10.0,10.0,10.0,0.0,0.0,0.0,0.0,0.0,0.0,0.0,0.0,0.0,0.0,0.0,POS,False,False,True,calculation_derivation,True,True,model_avg,model_avg_score,0.0,0.0,0.0,0.0,0.0,0.0,1.0,
CO_7,ANS,10.0,10.0,10.0,10.0,8.5,0.0,0.0,0.0,-1.5,0.0,1.5,0.0,0.0,-1.5,-1.5,-1.5,BND,False,False,False,calculation_derivation,True,True,model_avg,model_avg_score,0.0,0.0,0.0,0.0,0.0,0.0,1.0,auto_small_lower
CO_7,ANS,10.0,10.0,10.0,10.0,8.5,0.0,0.0,0.0,-1.5,0.0,1.5,0.0,0.0,-1.5,-1.5,-1.5,BND,False,False,False,calculation_derivation,True,True,model_avg,model_avg_score,0.0,0.0,0.0,0.0,0.0,0.0,1.0,auto_small_lower
CO_7,ANS,8.0,3.0,3.3,3.3,3.3,-5.0,-4.7,-4.7,-4.7,4.7,4.7,0.3,0.0,0.0,0.0,0.3,BND,True,True,False,calculation_derivation,True,True,model_avg,model_avg_score,0.4714,0.0,0.0,0.5,0.0,0.166667,0.833333,reject_lower
CO_7,ANS,8.0,3.5,3.2,3.2,3.2,-4.5,-4.8,-4.8,-4.8,4.8,4.8,-0.3,0.0,0.0,0.0,-0.3,BND,True,True,False,calculation_derivation,True,True,model_avg,model_avg_score,0.4714,0.0,0.0,0.5,0.0,0.166667,0.833333,keep_minor_change
CO_7,ANS,8.0,3.0,3.3,3.3,3.3,-5.0,-4.7,-4.7,-4.7,4.7,4.7,0.3,0.0,0.0,0.0,0.3,BND,True,True,False,calculation_derivation,True,True,model_avg,model_avg_score,0.4714,0.0,0.0,0.5,0.0,0.166667,0.833333,reject_lower
CO_7,ANS,8.0,4.0,3.7,3.7,3.7,-4.0,-4.3,-4.3,-4.3,4.3,4.3,-0.3,0.0,0.0,0.0,-0.3,BND,True,True,False,calculation_derivation,True,True,model_avg,model_avg_score,0.4714,0.0,0.0,0.5,0.0,0.166667,0.833333,keep_minor_change
CO_7,ANS,0.0,0.0,0.0,0.0,0.0,0.0,0.0,0.0,0.0,0.0,0.0,0.0,0.0,0.0,0.0,0.0,BND,False,False,False,calculation_derivation,True,True,model_avg,model_avg_score,0.0,1.0,1.0,0.0,1.0,0.666667,0.333333,keep_minor_change
CO_7,ANS,8.0,3.0,4.3,4.3,4.3,-5.0,-3.7,-3.7,-3.7,3.7,3.7,1.3,0.0,0.0,0.0,1.3,BND,True,True,False,calculation_derivation,True,True,model_avg,model_avg_score,1.2472,0.0,0.0,1.0,0.0,0.333333,0.666667,keep_minor_change
CO_7,ANS,8.0,2.0,3.0,3.0,3.0,-6.0,-5.0,-5.0,-5.0,5.0,5.0,1.0,0.0,0.0,0.0,1.0,BND,True,True,False,calculation_derivation,True,True,model_avg,model_avg_score,0.8165,0.0,0.0,1.0,0.0,0.333333,0.666667,keep_minor_change
CO_7,ANS,10.0,10.0,10.0,10.0,8.5,0.0,0.0,0.0,-1.5,0.0,1.5,0.0,0.0,-1.5,-1.5,-1.5,BND,False,False,False,calculation_derivation,True,True,model_avg,model_avg_score,0.0,0.0,0.0,0.0,0.0,0.0,1.0,auto_small_lower
CO_7,ANS,8.0,0.0,1.7,1.7,1.7,-8.0,-6.3,-6.3,-6.3,6.3,6.3,1.7,0.0,0.0,0.0,1.7,BND,True,True,False,calculation_derivation,True,True,model_avg,model_avg_score,1.2472,0.0,0.0,1.0,0.0,0.333333,0.666667,reject_raise
CO_7,ANS,10.0,10.0,10.0,10.0,8.5,0.0,0.0,0.0,-1.5,0.0,1.5,0.0,0.0,-1.5,-1.5,-1.5,BND,False,False,False,calculation_derivation,True,True,model_avg,model_avg_score,0.0,0.0,0.0,0.0,0.0,0.0,1.0,auto_small_lower
CO_7,ANS,8.0,4.0,3.7,3.7,3.7,-4.0,-4.3,-4.3,-4.3,4.3,4.3,-0.3,0.0,0.0,0.0,-0.3,BND,True,True,False,calculation_derivation,True,True,model_avg,model_avg_score,0.4714,0.0,0.0,0.5,0.0,0.166667,0.833333,keep_minor_change
CO_7,ANS,10.0,10.0,10.0,10.0,8.5,0.0,0.0,0.0,-1.5,0.0,1.5,0.0,0.0,-1.5,-1.5,-1.5,BND,False,False,False,calculation_derivation,True,True,model_avg,model_avg_score,0.0,0.0,0.0,0.0,0.0,0.0,1.0,auto_small_lower
CO_7,ANS,10.0,10.0,10.0,10.0,8.5,0.0,0.0,0.0,-1.5,0.0,1.5,0.0,0.0,-1.5,-1.5,-1.5,BND,False,False,False,calculation_derivation,True,True,model_avg,model_avg_score,0.0,0.0,0.0,0.0,0.0,0.0,1.0,auto_small_lower
CO_7,ANS,10.0,10.0,10.0,10.0,8.5,0.0,0.0,0.0,-1.5,0.0,1.5,0.0,0.0,-1.5,-1.5,-1.5,BND,False,False,False,calculation_derivation,True,True,model_avg,model_avg_score,0.0,0.0,0.0,0.0,0.0,0.0,1.0,auto_small_lower
CO_7,ANS,10.0,10.0,10.0,10.0,8.5,0.0,0.0,0.0,-1.5,0.0,1.5,0.0,0.0,-1.5,-1.5,-1.5,BND,False,False,False,calculation_derivation,True,True,model_avg,model_avg_score,0.0,0.0,0.0,0.0,0.0,0.0,1.0,auto_small_lower
CO_7,ANS,7.0,6.5,6.0,6.0,6.0,-0.5,-1.0,-1.0,-1.0,1.0,1.0,-0.5,0.0,0.0,0.0,-0.5,BND,False,False,False,calculation_derivation,True,True,model_avg,model_avg_score,0.7071,0.0,0.0,0.75,0.0,0.25,0.75,reject_lower
CO_7,ANS,10.0,10.0,10.0,10.0,10.0,0.0,0.0,0.0,0.0,0.0,0.0,0.0,0.0,0.0,0.0,0.0,BND,False,False,False,calculation_derivation,True,True,model_avg,model_avg_score,0.0,0.0,0.0,0.0,0.0,0.0,1.0,keep_minor_change
CO_7,ANS,10.0,10.0,10.0,10.0,10.0,0.0,0.0,0.0,0.0,0.0,0.0,0.0,0.0,0.0,0.0,0.0,POS,False,False,True,calculation_derivation,True,True,model_avg,model_avg_score,0.0,0.0,0.0,0.0,0.0,0.0,1.0,
CO_7,ANS,2.0,0.0,1.3,1.3,1.3,-2.0,-0.7,-0.7,-0.7,0.7,0.7,1.3,0.0,0.0,0.0,1.3,BND,False,False,False,calculation_derivation,True,True,model_avg,model_avg_score,0.9428,0.0,0.0,1.0,0.0,0.333333,0.666667,keep_minor_change
CO_7,ANS,10.0,10.0,10.0,10.0,8.5,0.0,0.0,0.0,-1.5,0.0,1.5,0.0,0.0,-1.5,-1.5,-1.5,BND,False,False,False,calculation_derivation,True,True,model_avg,model_avg_score,0.0,0.0,0.0,0.0,0.0,0.0,1.0,auto_small_lower
CO_7,ANS,10.0,10.0,10.0,10.0,8.5,0.0,0.0,0.0,-1.5,0.0,1.5,0.0,0.0,-1.5,-1.5,-1.5,BND,False,False,False,calculation_derivation,True,True,model_avg,model_avg_score,0.0,0.0,0.0,0.0,0.0,0.0,1.0,auto_small_lower
CO_7,ANS,10.0,10.0,10.0,10.0,8.5,0.0,0.0,0.0,-1.5,0.0,1.5,0.0,0.0,-1.5,-1.5,-1.5,BND,False,False,False,calculation_derivation,True,True,model_avg,model_avg_score,0.0,0.0,0.0,0.0,0.0,0.0,1.0,auto_small_lower
CO_7,ANS,8.0,3.0,3.3,3.3,3.3,-5.0,-4.7,-4.7,-4.7,4.7,4.7,0.3,0.0,0.0,0.0,0.3,BND,True,True,False,calculation_derivation,True,True,model_avg,model_avg_score,0.4714,0.0,0.0,0.5,0.0,0.166667,0.833333,keep_minor_change
CO_7,ANS,8.0,3.0,5.0,5.0,5.0,-5.0,-3.0,-3.0,-3.0,3.0,3.0,2.0,0.0,0.0,0.0,2.0,BND,True,True,False,calculation_derivation,True,True,model_avg,model_avg_score,1.4142,0.0,0.0,1.0,0.0,0.333333,0.666667,reject_raise
CO_7,ANS,10.0,10.0,10.0,10.0,8.5,0.0,0.0,0.0,-1.5,0.0,1.5,0.0,0.0,-1.5,-1.5,-1.5,BND,False,False,False,calculation_derivation,True,True,model_avg,model_avg_score,0.0,0.0,0.0,0.0,0.0,0.0,1.0,auto_small_lower
CO_7,ANS,8.0,2.0,2.3,2.3,2.3,-6.0,-5.7,-5.7,-5.7,5.7,5.7,0.3,0.0,0.0,0.0,0.3,BND,True,True,False,calculation_derivation,True,True,model_avg,model_avg_score,0.4714,0.0,0.0,0.5,0.0,0.166667,0.833333,keep_minor_change
CO_7,ANS,10.0,10.0,10.0,10.0,8.5,0.0,0.0,0.0,-1.5,0.0,1.5,0.0,0.0,-1.5,-1.5,-1.5,BND,False,False,False,calculation_derivation,True,True,model_avg,model_avg_score,0.0,0.0,0.0,0.0,0.0,0.0,1.0,auto_small_lower
CO_7,ANS,10.0,10.0,10.0,10.0,8.5,0.0,0.0,0.0,-1.5,0.0,1.5,0.0,0.0,-1.5,-1.5,-1.5,BND,False,False,False,calculation_derivation,True,True,model_avg,model_avg_score,0.0,0.0,0.0,0.0,0.0,0.0,1.0,auto_small_lower
CO_7,ANS,6.0,5.0,5.3,5.3,5.3,-1.0,-0.7,-0.7,-0.7,0.7,0.7,0.3,0.0,0.0,0.0,0.3,BND,False,False,False,calculation_derivation,True,True,model_avg,model_avg_score,0.4714,0.0,0.0,0.5,0.0,0.166667,0.833333,reject_raise
CO_7,ANS,10.0,10.0,10.0,10.0,8.5,0.0,0.0,0.0,-1.5,0.0,1.5,0.0,0.0,-1.5,-1.5,-1.5,BND,False,False,False,calculation_derivation,True,True,model_avg,model_avg_score,0.0,0.0,0.0,0.0,0.0,0.0,1.0,auto_small_lower
CO_7,ANS,8.0,0.0,1.7,1.7,1.7,-8.0,-6.3,-6.3,-6.3,6.3,6.3,1.7,0.0,0.0,0.0,1.7,BND,True,True,False,calculation_derivation,True,True,model_avg,model_avg_score,1.2472,0.0,0.0,1.0,0.0,0.333333,0.666667,keep_minor_change
CO_7,ANS,10.0,10.0,10.0,10.0,8.5,0.0,0.0,0.0,-1.5,0.0,1.5,0.0,0.0,-1.5,-1.5,-1.5,BND,False,False,False,calculation_derivation,True,True,model_avg,model_avg_score,0.0,0.0,0.0,0.0,0.0,0.0,1.0,auto_small_lower
CO_7,ANS,10.0,10.0,10.0,10.0,8.5,0.0,0.0,0.0,-1.5,0.0,1.5,0.0,0.0,-1.5,-1.5,-1.5,BND,False,False,False,calculation_derivation,True,True,model_avg,model_avg_score,0.0,0.0,0.0,0.0,0.0,0.0,1.0,auto_small_lower
CO_7,ANS,8.0,6.0,6.0,6.0,6.0,-2.0,-2.0,-2.0,-2.0,2.0,2.0,0.0,0.0,0.0,0.0,0.0,POS,False,False,True,calculation_derivation,True,True,model_avg,model_avg_score,0.0,0.0,0.0,0.0,0.0,0.0,1.0,
