"question_id","answer_id","review_priority","candidate_type","teacher_score","reference_score_key","reference_score","teacher_minus_reference","absolute_difference","candidate_threshold","centered_residual","outlier_threshold","candidate_reasons","question_median_residual","question_systematic_bias","max_score","model_avg_score","selected_baseline_score","three_way_core_score","final_calibrated_score","route","std_dev","extraction_quality","U_E","U_S","U_R","confounds","human_decision","corrected_score","review_note","raw_text","student_image"
"CO_1","ANS_CO_03","P2","possible_teacher_over_score","1.0","model_avg_score","0.0","1.0","1.0","1.0","1.0","1.0","absolute_disagreement|within_question_outlier","0.0","False","5.0","0.0","0.0","0.0","0.0","POS","0.0","high","0.0","0.0","0.0","","","","","A=||0||
I=1
OP=0
所求=06","data/csbench/student_images/CO_1/ANS_CO_03.jpg"
"CO_1","ANS_CO_06","P2","possible_teacher_under_score","1.0","model_avg_score","2.0","-1.0","1.0","1.0","-1.0","1.0","absolute_disagreement|within_question_outlier","0.0","False","5.0","2.0","2.0","2.0","2.0","POS","0.0","high","0.0","0.0","0.0","","","","","解：机器码DE 1101 1110 地址字段110111=1 OP=0 易知指令是指向地址为04H的间接寻址。操作数内容为05H","data/csbench/student_images/CO_1/ANS_CO_06.jpg"
"CO_1","ANS_CO_07","P2","possible_teacher_under_score","2.0","model_avg_score","3.0","-1.0","1.0","1.0","-1.0","1.0","absolute_disagreement|within_question_outlier","0.0","False","5.0","3.0","3.0","2.0","2.0","BND","0.7071","high","0.0","1.0","0.333333","a3wa_changed_score_materially|unstable_model_judgements","","","","解: 由机器码(DE)A=(11011110)₂ 可知
A=11011 I=1 OP=0
∴为间接寻址
A=(10111)₂=(37)16
内容为34","data/csbench/student_images/CO_1/ANS_CO_07.jpg"
"CO_1","ANS_CO_118","P2","possible_teacher_under_score","2.0","model_avg_score","3.5","-1.5","1.5","1.0","-1.5","1.0","absolute_disagreement|within_question_outlier","0.0","False","5.0","3.5","3.5","3.5","3.5","BND","0.0","high","0.3","0.0","0.3","","","","","∵ I=1 ∴ A=110111为操作数的储存地址 
∴ 十进制数为 34H","data/csbench/student_images/CO_1/ANS_CO_118.png"
"CO_1","ANS_CO_121","P2","possible_teacher_under_score","1.0","model_avg_score","2.0","-1.0","1.0","1.0","-1.0","1.0","absolute_disagreement|within_question_outlier","0.0","False","5.0","2.0","2.0","2.0","2.0","BND","0.0","high","0.3","0.0","0.3","","","","","地址字段 A: 110 111
I=1, A中为操作数地址.
∴操作数为 38","data/csbench/student_images/CO_1/ANS_CO_121.png"
"CO_1","ANS_CO_126","P2","possible_teacher_over_score","5.0","model_avg_score","1.2","3.8","3.8","1.0","3.8","1.0","absolute_disagreement|within_question_outlier","0.0","False","5.0","1.2","1.5","1.5","1.5","BND","0.2357","high","0.4","0.5","0.6","rubric_mapping_risk","","","","11011110
I=1 间接寻址
故 37→34→37
7到2位为
10111
即37H","data/csbench/student_images/CO_1/ANS_CO_126.png"
"CO_1","ANS_CO_127","P2","possible_teacher_over_score","2.0","model_avg_score","0.7","1.3","1.3","1.0","1.3","1.0","absolute_disagreement|within_question_outlier","0.0","False","5.0","0.7","1.0","0.25","0.25","BND","0.4714","high","0.4","1.0","0.6","rubric_mapping_risk","","","","11011110
11011=37H.
∴内容为34.","data/csbench/student_images/CO_1/ANS_CO_127.png"
"CO_1","ANS_CO_128","P2","possible_teacher_under_score","0.0","model_avg_score","1.7","-1.7","1.7","1.0","-1.7","1.0","absolute_disagreement|within_question_outlier","0.0","False","5.0","1.7","1.7","1.7","1.7","BND","2.357","high","0.0","1.0","0.3","unstable_model_judgements","","","","11011110  I=1为间接地址
地址字段为011110=35.
操作数为36.","data/csbench/student_images/CO_1/ANS_CO_128.png"
"CO_1","ANS_CO_130","P2","possible_teacher_under_score","0.0","model_avg_score","1.7","-1.7","1.7","1.0","-1.7","1.0","absolute_disagreement|within_question_outlier","0.0","False","5.0","1.7","1.7","1.7","1.7","BND","2.357","high","0.3","1.0","0.533333","rubric_mapping_risk|unstable_model_judgements","","","","101111=37(十六进制)]
I=1.
∴内容为58(十六进制)","data/csbench/student_images/CO_1/ANS_CO_130.png"
"CO_1","ANS_CO_132","P1","possible_teacher_under_score","2.0","model_avg_score","5.0","-3.0","3.0","1.0","-3.0","1.0","absolute_disagreement|within_question_outlier","0.0","False","5.0","5.0","5.0","5.0","5.0","POS","0.0","high","0.0","0.0","0.0","","","","","DE = 11011110 
op为0 I为1 所以进行间接寻址 A为0010111 为37H ∴该指令的操作数内容为37H","data/csbench/student_images/CO_1/ANS_CO_132.png"
"CO_1","ANS_CO_134","P1","possible_teacher_over_score","5.0","model_avg_score","2.0","3.0","3.0","1.0","3.0","1.0","absolute_disagreement|within_question_outlier","0.0","False","5.0","2.0","2.0","2.0","2.0","BND","0.0","high","0.3","0.0","0.3","","","","","00110111 = 36(6)
由图可知当地址号为36时内容为37","data/csbench/student_images/CO_1/ANS_CO_134.png"
"CO_1","ANS_CO_15","P2","possible_teacher_over_score","5.0","model_avg_score","3.5","1.5","1.5","1.0","1.5","1.0","absolute_disagreement|within_question_outlier","0.0","False","5.0","3.5","3.5","3.5","3.5","POS","0.0","high","0.0","0.0","0.1","","","","","11011110
I=1  A=110111 = 37(十进制)
内存为 34(十六进制)为真正地址
操作数内容为 37(十进制)","data/csbench/student_images/CO_1/ANS_CO_15.jpg"
"CO_1","ANS_CO_23","P2","possible_teacher_over_score","5.0","model_avg_score","0.0","5.0","5.0","1.0","5.0","1.0","absolute_disagreement|within_question_outlier","0.0","False","5.0","0.0","0.0","0.0","0.0","BND","0.0","low","0.7","0.0","0.7","extraction_risk|rubric_mapping_risk","","","","37 H","data/csbench/student_images/CO_1/ANS_CO_23.jpg"
"CO_1","ANS_CO_24","P2","possible_teacher_under_score","2.0","model_avg_score","3.5","-1.5","1.5","1.0","-1.5","1.0","absolute_disagreement|within_question_outlier","0.0","False","5.0","3.5","3.5","3.5","3.5","POS","0.0","high","0.0","0.0","0.1","","","","","显然，间址位为1，地址字段110111=37H
有其地址内存存储内容为 34H
故访问的操作数内存为 34H","data/csbench/student_images/CO_1/ANS_CO_24.jpg"
"CO_1","ANS_CO_26","P2","possible_teacher_under_score","1.0","model_avg_score","2.0","-1.0","1.0","1.0","-1.0","1.0","absolute_disagreement|within_question_outlier","0.0","False","5.0","2.0","2.0","2.0","2.0","POS","0.0","high","0.0","0.0","0.0","","","","","11011110.
A=00110111，I=1.
∴ A= 37 对应内容为(08)H","data/csbench/student_images/CO_1/ANS_CO_26.jpg"
"CO_1","ANS_CO_28","P2","possible_teacher_over_score","5.0","model_avg_score","3.5","1.5","1.5","1.0","1.5","1.0","absolute_disagreement|within_question_outlier","0.0","False","5.0","3.5","3.5","3.5","3.5","POS","0.0","high","0.0","0.0","0.1","","","","","解. 11011110
I=1为间接寻址.
地址字段为110111对应十六进制37
因为是间接寻址.37地址中存放的是操作数地址34
所以操作数为34","data/csbench/student_images/CO_1/ANS_CO_28.jpg"
"CO_1","ANS_CO_42","P2","possible_teacher_over_score","2.0","model_avg_score","0.7","1.3","1.3","1.0","1.3","1.0","absolute_disagreement|within_question_outlier","0.0","False","5.0","0.7","0.7","0.7","0.7","NEG","0.9428","low","0.6","1.0","0.733333","extraction_risk|rubric_mapping_risk|unstable_model_judgements","","","","34","data/csbench/student_images/CO_1/ANS_CO_42.jpg"
"CO_1","ANS_CO_60","P1","possible_teacher_under_score","1.0","model_avg_score","5.0","-4.0","4.0","1.0","-4.0","1.0","absolute_disagreement|within_question_outlier","0.0","False","5.0","5.0","5.0","5.0","5.0","POS","0.0","high","0.0","0.0","0.0","","","","","答:由题目得: op=J. I=1. 可知为间接寻址 又存储器按字节编址 地址号为(11011)=37 则操作数的内容是37","data/csbench/student_images/CO_1/ANS_CO_60.jpg"
"CO_1","ANS_CO_63","P2","possible_teacher_over_score","2.0","model_avg_score","0.0","2.0","2.0","1.0","2.0","1.0","absolute_disagreement|within_question_outlier","0.0","False","5.0","0.0","0.0","0.0","0.0","BND","0.0","low","0.7","0.0","0.7","extraction_risk|rubric_mapping_risk","","","","解：34","data/csbench/student_images/CO_1/ANS_CO_63.jpg"
"CO_1","ANS_CO_67","P2","possible_teacher_over_score","5.0","model_avg_score","1.0","4.0","4.0","1.0","4.0","1.0","absolute_disagreement|within_question_outlier","0.0","False","5.0","1.0","1.0","1.0","1.0","BND","0.8165","high","0.0","1.0","0.366667","unstable_model_judgements","","","","解：A=110111=37 
 I=1  
OP=0  
37→34→37 
 故而操作数为37A","data/csbench/student_images/CO_1/ANS_CO_67.jpg"
"CO_1","ANS_CO_77","P2","possible_teacher_under_score","2.0","model_avg_score","3.5","-1.5","1.5","1.0","-1.5","1.0","absolute_disagreement|within_question_outlier","0.0","False","5.0","3.5","3.5","3.5","3.5","POS","0.0","high","0.0","0.0","0.1","","","","","I=1. 间址 A=110111 B=37H
指向内存34H
没指定访问操作数地址  34H","data/csbench/student_images/CO_1/ANS_CO_77.png"
"CO_1","ANS_CO_79","P2","possible_teacher_under_score","0.0","model_avg_score","3.0","-3.0","3.0","1.0","-3.0","1.0","absolute_disagreement|within_question_outlier","0.0","False","5.0","3.0","3.0","2.0","2.0","BND","0.7071","high","0.0","1.0","0.3","a3wa_changed_score_materially|unstable_model_judgements","","","","(110111)₂=55
(37)H=55
I=1
内容为38H","data/csbench/student_images/CO_1/ANS_CO_79.png"
"CO_1","ANS_CO_80","P2","possible_teacher_under_score","1.0","model_avg_score","2.0","-1.0","1.0","1.0","-1.0","1.0","absolute_disagreement|within_question_outlier","0.0","False","5.0","2.0","2.0","2.0","2.0","POS","0.0","high","0.0","0.0","0.1","","","","","由题意. 1101111B=36H
OP=0 ∴ 操作数内容 35H
I=1
A:110111","data/csbench/student_images/CO_1/ANS_CO_80.png"
"CO_1","ANS_CO_93","P2","possible_teacher_over_score","1.0","model_avg_score","0.0","1.0","1.0","1.0","1.0","1.0","absolute_disagreement|within_question_outlier","0.0","False","5.0","0.0","0.0","0.0","0.0","BND","0.0","high","0.4","0.0","0.4","rubric_mapping_risk","","","","11011110 去除后两位后得 1101110 . I=1为间接寻址
故 A指定地址内容为05H","data/csbench/student_images/CO_1/ANS_CO_93.png"
"CO_1","ANS_CO_95","P2","possible_teacher_under_score","1.0","model_avg_score","2.0","-1.0","1.0","1.0","-1.0","1.0","absolute_disagreement|within_question_outlier","0.0","False","5.0","2.0","2.0","2.0","2.0","POS","0.0","high","0.0","0.0","0.0","","","","","解：DE(16)=11011110(2)
则I=1.采用间址寻址，A中指定地址110111为真正操作数地址37H
则对应内容为08H","data/csbench/student_images/CO_1/ANS_CO_95.png"
"CO_1","ANS_CO_98","P2","possible_teacher_over_score","5.0","model_avg_score","4.0","1.0","1.0","1.0","1.0","1.0","absolute_disagreement|within_question_outlier","0.0","False","5.0","4.0","4.0","5.0","5.0","BND","0.7071","high","0.0","1.0","0.1","a3wa_changed_score_materially|unstable_model_judgements","","","","解. 由1101 1110得 I=1为间接寻址
则地址字段A所指定的地址中存放的是真正的操作地址
前6位为 110111 对应十六进制. 则真正对象操作地址为34.
根据表得34(地址号)对应 37(内容)
=> 操作数内容为 37(十六进制).","data/csbench/student_images/CO_1/ANS_CO_98.png"
"CO_10","ANS_CO_1083","P2","possible_teacher_over_score","8.0","model_avg_score","2.7","5.3","5.3","3.75","2.6","3.75","absolute_disagreement","2.7","True","15.0","2.7","2.7","2.7","2.7","BND","2.357","high","0.0","1.0","0.222222","unstable_model_judgements","","","","解：(1)字长16位即2B Cache总容量2B×4K=8KB=2¹³ 主存容量2B×64K=128KB=2¹⁷ 块大小为4字，块内地地址位为2位 组位为13-2-2=7位 则标记区有17-7-2=8位 即Cache标记区有2^(8+1)=512B (2)主存tag为16位，Cache tag为9位 2¹⁶⁻⁹=32，由于采用3 4路组相联映射 即需要32/4=8套这样的相等比较电路","data/csbench/student_images/CO_10/ANS_CO_1083.jpg"
"CO_10","ANS_CO_1085","P2","possible_teacher_over_score","6.0","model_avg_score","1.0","5.0","5.0","3.75","2.3","3.75","absolute_disagreement","2.7","True","15.0","1.0","1.0","0.25","0.25","BND","0.8165","low","0.666667","0.666667","0.733333","extraction_risk|rubric_mapping_risk","","","","(1) 4×4×4×8=512字节
(2) 4套，共需4块cache。","data/csbench/student_images/CO_10/ANS_CO_1085.jpg"
"CO_10","ANS_CO_1087","P1","possible_teacher_over_score","12.0","model_avg_score","6.7","5.3","5.3","3.75","2.6","3.75","absolute_disagreement","2.7","True","15.0","6.7","6.7","5.95","5.95","BND","1.1785","high","0.0","0.833333","0.177778","","","","","(1)主存共64kT在储单元，64k=2¹⁶，所以地址线占16 bit.
Cache数据区容量为4k字，4k=2ⁿ，所以Cache地址占12 bit.
Cache块大小为4字，4=2²，所以块内偏移占2 bit.
Cache共分为4k/4=1k个块，1k=2¹⁰，所以块号占10 bit.
Cache标记区包含tag和有效位，其中tag占16-12=4 bit.
所以最终Cache行的格式如下：
tag标记4bit，有效位1bit，数据区64bit.
标记区总容量=(4+1)×1k=5k bit，即5120字节.
(2)需要配置4套.
因为乘用了4路组相联映射，所以每组内包含4个Cache块.
根据组号找到目标地址所在的组后，需要根据tag来找到对应块.
每块需要一套比较电路，共需要4套.","data/csbench/student_images/CO_10/ANS_CO_1087.jpg"
"CO_10","ANS_CO_1088","P1","possible_teacher_over_score","10.0","model_avg_score","3.0","7.0","7.0","3.75","4.3","3.75","absolute_disagreement|within_question_outlier","2.7","True","15.0","3.0","3.0","3.0","3.0","BND","1.0801","high","0.2","0.833333","0.333333","","","","","解：机器字长16位，块大小为4字。
∴块内地址：每2⁶=6位
4KW/4W=2¹⁰=10位
64K/4K=16
∵4路组相联：2¹⁰÷4=2⁸=8位
64K·16=2²⁰=20位
∴标识符：20-6-8=6位
∵有1位有效位
∴6+1=7位
∴cache标记位总宽：64K×7÷8=57344B

由题可知该电路实现了一个cache标记位在有地址tag字段比较后。
该cache存储系统应每行配置一个这样的比较器
∴该cache存储系统用行-列排布。
∴应配置2⁸个这样的比较器","data/csbench/student_images/CO_10/ANS_CO_1088.jpg"
"CO_10","ANS_CO_1091","P2","possible_teacher_over_score","8.0","model_avg_score","1.0","7.0","7.0","3.75","4.3","3.75","absolute_disagreement|within_question_outlier","2.7","True","15.0","1.0","1.0","1.0","1.0","BND","0.0","low","0.6","0.0","0.6","extraction_risk|rubric_mapping_risk","","","","(1)4kW/4w = 1k, 4kw=8kB 8k+2^8=8448 B ∴总容量为8448字节 (2)由于采用四路组相联映像，所以需要每组配置4套电路，共1k/4组，一共需配置1024套这样的相等比较电路. ","data/csbench/student_images/CO_10/ANS_CO_1091.jpg"
"CO_10","ANS_CO_1092","P1","possible_teacher_over_score","8.0","model_avg_score","3.3","4.7","4.7","3.75","2.0","3.75","absolute_disagreement","2.7","True","15.0","3.3","3.3","3.3","3.3","BND","1.2472","high","0.2","1.0","0.311111","","","","","解：(1). 
Cache总容量：4KW=2¹⁶ ⇒ n=13 
Cache 标记字块：4KW/1B=2¹⁰ ⇒ 标记字块10
块大小为4字节，也就是8个字节 
∴ 标记区共有 8×10=80个字节 
(2). 4套
4路组相联有4组，8个Cache行，在进行电路
设计时，V0与V4比较，V1与V5比较，V2与V6
比较，V3与V7比较，有效位为1的符合条件","data/csbench/student_images/CO_10/ANS_CO_1092.jpg"
"CO_10","ANS_CO_1094","P2","possible_teacher_over_score","14.0","model_avg_score","7.0","7.0","7.0","3.75","4.3","3.75","absolute_disagreement|within_question_outlier","2.7","True","15.0","7.0","7.0","10.0","10.0","BND","1.4142","high","0.266667","1.0","0.4","rubric_mapping_risk|a3wa_changed_score_materially","","","","解：(1)
cache: 组地址 8 组块地址 2 块内编号 2
主存： 主存标记字段 6 组地址 8 块内编号 2
Cache 行数：2^(8+2)=2^10. 
tag 标记位数:6 有效位:1 
Cache 数据区容量 4kW=2^12·2^4 
∴ Cache 标记区总容量为 2^10×(6+1+2^12·2^4) =2^10×(7+2^16) b. 
∴字节数= (2^10×(7+2^16)b)/2^3 =2^7×(7+2^16)B ≈2^23 B =8MB. 
(2) 4套比较电路.","data/csbench/student_images/CO_10/ANS_CO_1094.jpg"
"CO_10","ANS_CO_1101","P2","possible_teacher_over_score","12.0","model_avg_score","5.5","6.5","6.5","3.75","3.8","3.75","absolute_disagreement|within_question_outlier","2.7","True","15.0","5.5","5.5","3.5","3.5","BND","2.1602","high","0.033333","1.0","0.3","a3wa_changed_score_materially|unstable_model_judgements","","","","1）64K个存储单元 16条总线地址线 
块大小4个字 4×16=64位 log₂64=6位 
cache存储容量为4kW 块划为4个字 
4k×16位 cache共12位 6×4×2⁸=6K 
2¹²/4=2¹⁰=1k 又∵cache区间包含tag标与1位有效
标记区容量：6k/8=768B 
2）4套 4路组相联，用4套判断是否为目标地址的tag标
记。","data/csbench/student_images/CO_10/ANS_CO_1101.jpg"
"CO_10","ANS_CO_1102","P2","possible_teacher_under_score","11.0","model_avg_score","13.3","-2.3","2.3","3.75","-5.0","3.75","within_question_outlier","2.7","True","15.0","13.3","13.3","10.55","10.55","BND","1.2472","high","0.0","1.0","0.2","a3wa_changed_score_materially","","","","1) cache的块：4k/4=2^10块，地址位:10+6=16位
cache的组：2^10/4=2^8组
2) 块内编号：2位，组号:8位,tag:6位
=> cache标记区总容量：6×4×2^8=6×2^10=6k位,
=> 总容量有6k/8= 6×2^7B=768B
2) 需要两配置4套。
因为cache选出数据是选择组号，两者行的块数+tag是否相同，
因为cache是4路组相连，所以需并行的与4个块的tag比较，
故而需要配置4套。","data/csbench/student_images/CO_10/ANS_CO_1102.jpg"
"CO_10","ANS_CO_1104","P1","possible_teacher_over_score","9.0","model_avg_score","5.2","3.8","3.8","3.75","1.1","3.75","absolute_disagreement","2.7","True","15.0","5.2","5.2","5.2","5.2","POS","0.6236","high","0.0","0.5","0.088889","","","","","(1)64k=2¹⁶ t=16
16=2B b=1
4路 r=2
4kW/16=4k=2¹²  c=12
主存 b 10 1
Cache 10 2 1
组号 组块 块内地址
=2¹³=8k个字节
(2) 4套，因为该Cache为4路组相联映射 需要4次比较，才能确定是哪一处。","data/csbench/student_images/CO_10/ANS_CO_1104.jpg"
"CO_10","ANS_CO_1106","P1","possible_teacher_over_score","12.0","model_avg_score","6.7","5.3","5.3","3.75","2.6","3.75","absolute_disagreement","2.7","True","15.0","6.7","6.7","6.7","6.7","POS","0.2357","high","0.0","0.166667","0.133333","","","","","(1)主存容量:64k×16
Cache容量:4k×16
块大小为4个字,块内有4×16=64位
4kW/64 = (4×2¹⁰×16)/64 =2¹⁰
Cache有2¹⁰块.
2¹⁰/2²=2⁸ 有2⁸组
64k=2¹⁶
主存字块标记 Cache组号 字块内地址：0位. 8位. 2位
∴ 标记区有[(6+1)×2¹⁰]/8 = 896B
(2) 配置3套
①比较有效位是否为1
②比较主存地址的Tag字段是否相等.
③比较段内偏移地址的偏移量.
若三个相等,则选中.","data/csbench/student_images/CO_10/ANS_CO_1106.jpg"
"CO_10","ANS_CO_1108","P1","possible_teacher_over_score","10.0","model_avg_score","3.5","6.5","6.5","3.75","3.8","3.75","absolute_disagreement|within_question_outlier","2.7","True","15.0","3.5","3.5","3.5","3.5","POS","0.0","high","0.0","0.0","0.188889","","","","","解、64k=2¹⁶个存储单元
(1)采用4路多组相联映像
一个字为16位=2⁴位
块大小为4×16=2⁶位
∴2¹⁶/2⁶=2¹⁰
∴标记有10位
主存
10   6
标记 块内
标记区有4kW 11/16=11/4 kW字节
(2).4套，该Cache存储系统采用4路组相联映像，即每组有4块，只需判断是否在组内再判断是否记位即可，需4套。","data/csbench/student_images/CO_10/ANS_CO_1108.jpg"
"CO_10","ANS_CO_1111","P1","possible_teacher_over_score","8.0","model_avg_score","2.7","5.3","5.3","3.75","2.6","3.75","absolute_disagreement","2.7","True","15.0","2.7","2.7","2.7","2.7","BND","0.2357","high","0.266667","0.166667","0.266667","","","","","主存有64k/4=16k块 2^14块 
Cache有4k×16/4×16= 2^10块 
cache每组有1k 2^10/4=2^8块 
14+1=5位 
总容量有2^5字节 
(2)需要配置4套这样的相等比较电路 因为主存因为主存还需要4位不同的数来定位","data/csbench/student_images/CO_10/ANS_CO_1111.jpg"
"CO_10","ANS_CO_1119","P2","possible_teacher_over_score","12.0","model_avg_score","6.8","5.2","5.2","3.75","2.5","3.75","absolute_disagreement","2.7","True","15.0","6.8","6.8","7.8","7.8","BND","1.6499","high","0.233333","1.0","0.433333","rubric_mapping_risk|unstable_model_judgements","","","","3.
1）cache数据区容量为4k字=2^12字，地址有12位，其中因四路组相联，组号占2位，因此tag位=12-2-2=8（位）
cache行数：4k/4w=1k（行）
∴cache标记区总容量：1k×（8+1）/8=1152（字节）

2）因cache采用四路组相联，每组有4块，组内采用全相联方式，因此在判断是否命中时，需要对一组内的4块都进行比较，因此需要配置四套这样的相等比较电路。","data/csbench/student_images/CO_10/ANS_CO_1119.jpg"
"CO_10","ANS_CO_1123","P2","possible_teacher_over_score","14.0","model_avg_score","9.5","4.5","4.5","3.75","1.8","3.75","absolute_disagreement","2.7","True","15.0","9.5","9.5","6.75","6.75","BND","1.0801","high","0.033333","0.833333","0.1","a3wa_changed_score_materially","","","","解:(1)∵Cache大小为2¹²B. 
∴2¹²/2³=2⁹(块)，2¹⁰/4=2⁸(组). 
∴Cache 组数 组内 块内地址 
        8位 2位 2位 
主存  tag 组数 块内地址 
          8位  2位 
∴tag位数，16-8-2=6位.
∴Cache标记区有6+1=7(位) 
∴总容量 7×2⁸×1/8=224(字节). 
(2). 因为组相联映射是按映射到的组数=主存块号mod Cache组数
所以会在某一块只会映射到Cache的固定组中.
又因为该电路采用回路组相联.
即一组中有10个块，所以最多要比较四次才能得出是否相同的结论. 故需要四套这样的相等比较电路.","data/csbench/student_images/CO_10/ANS_CO_1123.jpg"
"CO_10","ANS_CO_1128","P2","possible_teacher_over_score","7.0","model_avg_score","0.2","6.8","6.8","3.75","4.1","3.75","absolute_disagreement|within_question_outlier","2.7","True","15.0","0.2","0.2","0.2","0.2","BND","0.2357","low","0.733333","0.166667","0.755556","extraction_risk|rubric_mapping_risk","","","","解：
(1) 由题意：Cache分为2¹⁰块，按组相联映象分为2^8组，主存分为2¹⁴块
∴tag为10位，加上有效位为11位
∴Cache标记区的总容量为2¹¹bit = 2⁸B
(2) 11套，因为每tag的每一位和有效位均需要1套该电路，
而 tag位和有效位共11位。","data/csbench/student_images/CO_10/ANS_CO_1128.jpg"
"CO_10","ANS_CO_1135","P2","possible_teacher_over_score","6.0","model_avg_score","0.7","5.3","5.3","3.75","2.6","3.75","absolute_disagreement","2.7","True","15.0","0.7","0.7","0.0","0.0","BND","0.4714","high","0.333333","0.333333","0.466667","rubric_mapping_risk","","","","主存地址总长 
64k×16=2^20 即20位 
Cache行号 
4kW/16=4k×16/16=2^12 
K=4=2^2 r=2
2^12/2^2=2^10 Cache行号为10位 
字块内地址：
4×16/16=4=2^2 即2位 因此Cache标记区位数为20-10-2=8(位) 总容量为 2^8/8=32(字节)
(2)答 因为Cache标记有8位 tag标记占7位 优先位占1位","data/csbench/student_images/CO_10/ANS_CO_1135.jpg"
"CO_10","ANS_CO_1138","P2","possible_teacher_over_score","10.0","model_avg_score","5.8","4.2","4.2","3.75","1.5","3.75","absolute_disagreement","2.7","True","15.0","5.8","5.8","5.8","5.8","BND","0.2357","high","0.266667","0.166667","0.422222","rubric_mapping_risk","","","","解(1)cache的行数 = 4KW/4W = 1k
(cache的)组数 = 1K/4 = 2^8
块大小 = 2^2W = 2^5
Tag位 = 16-8-5 = 3
标记区的总容量 = (1+3)×1k = 4K

(2) 需要配置4套
依据：进行读写时，根据主存地址可找到对应的cache组号，在cache各组的内部，由于数据是随意存放的(也就是全相联的映射)，需要和组内的每个cache块的标志位进行并发比较，故需要4套相等比较电路。","data/csbench/student_images/CO_10/ANS_CO_1138.jpg"
"CO_10","ANS_CO_1140","P2","possible_teacher_over_score","11.0","model_avg_score","4.8","6.2","6.2","3.75","3.5","3.75","absolute_disagreement","2.7","True","15.0","4.8","4.8","4.8","4.8","BND","0.6236","high","0.333333","0.5","0.4","rubric_mapping_risk","","","","(1) 16=2B=1W
4kW/1W=2^12
64K=2^16
∵采用四路组相联
∴组内块数为4=2^2
块内字数4=2^2
组号数:12-2-2=8
∴tag组数:16-8-2=6
标记区:6+1=7位(字)
∴共256个字节
(2) ∵采用四路组相联
2^12/2^2=2^10(块)
∴Cache共分2^10块
而从主存中取到Cache
一次取一块,该组tag位与有效位
均相同;
即每组仅需验证一次标记
∴需要2^10套","data/csbench/student_images/CO_10/ANS_CO_1140.jpg"
"CO_10","ANS_CO_1141","P1","possible_teacher_over_score","10.0","model_avg_score","4.2","5.8","5.8","3.75","3.1","3.75","absolute_disagreement","2.7","True","15.0","4.2","4.2","4.2","4.2","BND","0.6236","high","0.0","0.5","0.222222","","","","","解：1)
由题Cache存储器数据区
容量为4KW=2¹² W
∴共有12位二进制数据
∵按字编址，块大小为4字
∴块内地址为4位。
∵采用4路组相联映像
∴组内块号为2位
∴组号部分为12-4-2=6位。
主存中块内地址为4位，组号6位。
⇒标记字段为16-4-6=6位
(64K=2¹⁶)
∴Cache标记区总容量有
6×16=96个字节
2）需要配置2⁶个
因为Cache组号地址有6位
只有2⁶个组
每组对应需要配置一套这样的
相等比较电路。","data/csbench/student_images/CO_10/ANS_CO_1141.jpg"
"CO_10","ANS_CO_1145","P1","possible_teacher_over_score","10.0","model_avg_score","5.1","4.9","4.9","3.75","2.2","3.75","absolute_disagreement","2.7","True","15.0","5.1","5.1","6.35","6.35","BND","0.7169","high","0.0","0.583333","0.222222","","","","","主存标记位：64K=2^16
Tag标记16位。
Cache行数：4KW/4W=1K=2^10；Cache块 2^10/2^2=2^8
一个标记区的位数：8+16+1=25
Cache标记区的总容量：25×2^10=25×2^7B
标记区字段：[有效位1][主存标记位16][Cache块标记位8][块内地址2]

要在Cache行中遍历查找CacheTag=AddrTag与Valid=1的Cache块，若找到则命中，没有则缺失
Cache块数为：2^10/4=2^8块。则该Cache在存储系统需要配置4套这样的相等比较电路，查块内4个Cache行中遍历所以需要4套
先找到对应Cache块，再行块中找对应的Cache行","data/csbench/student_images/CO_10/ANS_CO_1145.jpg"
"CO_10","ANS_CO_1146","P2","possible_teacher_under_score","4.0","model_avg_score","5.3","-1.3","1.3","3.75","-4.0","3.75","within_question_outlier","2.7","True","15.0","5.3","5.3","4.55","4.55","BND","1.2472","low","0.466667","1.0","0.644444","extraction_risk|rubric_mapping_risk","","","","(1)主存：64K个存储单元
即有2^6×2^10个字.
即可分为2^14块
Cache:4K个字
即2^12个字.可分为2^10块
又为四路组相联.
故可分为2^10/4=2^8组.
①故Cache组标记为8位
②Cache组内标记为2位.
又主存共2^14块.是Cache组数的2^6倍.
③故主存标记为6位.
Cache标记区一共8+2+6=16位.
8+6=14位
容量有2^11字节
(2)
2^14×4=2^16","data/csbench/student_images/CO_10/ANS_CO_1146.jpg"
"CO_10","ANS_CO_1147","P2","possible_teacher_under_score","5.0","model_avg_score","7.2","-2.2","2.2","3.75","-4.9","3.75","within_question_outlier","2.7","True","15.0","7.2","7.2","6.45","6.45","BND","0.6236","high","0.0","0.5","0.2","","","","","(a) 主存:64k=2¹⁶ Cache:4kw=8kB=2^13B 4个字为8个字节为2^3B
又因为采用4路组相联 ∴r=2 ∴13-3-2=8 16-8-3=5 ∴ 主存字块标记 组地址 块内地址 5位 8位 3位 ∴标记区的总容量为[2¹⁰×(2⁵×8+5+1)]/8=8960 个字节 (c):Cache有4k/4=1k个块 ∴有1k/4=250个组 ∴需要250个这样相同的组","data/csbench/student_images/CO_10/ANS_CO_1147.jpg"
"CO_10","ANS_CO_1149","P1","possible_teacher_over_score","15.0","model_avg_score","9.7","5.3","5.3","3.75","2.6","3.75","absolute_disagreement","2.7","True","15.0","9.7","9.7","9.7","9.7","BND","0.9428","high","0.0","0.666667","0.133333","","","","","(1)Cache存储器数据区容量为4KW=2^12W  
∴Cache地址有12位
块大小为4字节  且按字编址 4=2^2
∴字块内地址为2位
Cache有 2^12/2^2=2^10块  Cache
采用4路组相联映射  ∴Cache有 2^10/2^2=2^8组  组地址为8位
主存存储单元为64K=2^16  主存地址有16位  字块内地址2位，组地址8位.
∵Cache标记区包含组标记和1位有效位
∴Cache标记区的总容量有 2^10×(6+1)/8=896 字节.
(2) 需要两位置 2^8+2^2=260套  这样的比较相等电路.
因为Cache被分成2^8组  每组2^2个Cache
∴需要2^8套电路比较主存存放在  哪一组
再需要2^2套电路比较存放  在组的哪个Cache上.","data/csbench/student_images/CO_10/ANS_CO_1149.jpg"
"CO_10","ANS_CO_1153","P2","possible_teacher_over_score","10.0","model_avg_score","5.7","4.3","4.3","3.75","1.6","3.75","absolute_disagreement","2.7","True","15.0","5.7","5.7","3.95","3.95","BND","1.2472","high","0.4","1.0","0.533333","rubric_mapping_risk|a3wa_changed_score_materially","","","","答：(1)由题意得字块标记位为2位。
4k/4x4 = 2^8. 故组字块标记为8位.
64k = 2^16. 主存共16位.
得tag标记有16-8-2 = 6位.
可得cache标记区的总容量有16x(6+1)=112字节.
(2) 4k/4.= 2^10. 故cache共有10块. 64k/4 = 2^14. 主存有14块.
故该cache有储系统需配置14套这样的相等电路.","data/csbench/student_images/CO_10/ANS_CO_1153.jpg"
"CO_10","ANS_CO_1156","P1","possible_teacher_over_score","6.0","model_avg_score","2.2","3.8","3.8","3.75","1.1","3.75","absolute_disagreement","2.7","True","15.0","2.2","2.2","2.2","2.2","BND","0.8498","high","0.0","0.666667","0.111111","","","","","1)4k/4 = 2^10 块 ∴Cache有2^b块 c=10.
2^10/4 = 2^8组 ∴Cache有2^8组.
Cache容量为4kw 即2^12w 则cache有12位.
每块内地址为2位. 组地址为8位
Cache标记位为12-8-2=2位.
∴Cache标记区总容量有2^2×2=8个字节
(2) 主存有64k/4=2^14块.
2^14/2^8=2^6 
∴需要2^6套这样的相联比较电路.","data/csbench/student_images/CO_10/ANS_CO_1156.jpg"
"CO_10","ANS_CO_1158","P1","possible_teacher_over_score","9.0","model_avg_score","1.3","7.7","7.7","3.75","5.0","3.75","absolute_disagreement|within_question_outlier","2.7","True","15.0","1.3","1.3","1.3","1.3","BND","0.4714","high","0.133333","0.333333","0.333333","","","","","3.(1) Cache存储器数据容量为4KW，4KW=2^12
一个字16位，4个字一块，∴每块容量为2B×4=8B
4路组相联映像，R=4=2^2
计算机M共有存储块数，64KB/8B=2^13，4KB/8B=2^9
块内地址2，组地址9-2为7，主存字块标记13-7-2=4
[主存块标记4][组地址7][块内地址2]
∴Cache存储区的总容量有2^12字节

(2) 需要16套这样的相等比较电路
需要一个cache标记与主存地址tag字段比较，以有效位是否为1的比较
该Cache需要2^9块，而主存需要2^13块，2^13/2^9=2^4=16
∴需要16套像这样的相等比较电路","data/csbench/student_images/CO_10/ANS_CO_1158.jpg"
"CO_10","ANS_CO_1159","P2","possible_teacher_under_score","10.0","model_avg_score","12.2","-2.2","2.2","3.75","-4.9","3.75","within_question_outlier","2.7","True","15.0","12.2","12.2","9.45","9.45","BND","1.6499","high","0.0","1.0","0.2","a3wa_changed_score_materially|unstable_model_judgements","","","","1) 由题知Cache共有4K/4=2^10个块。
用4路组相联映像，共Q=2^8组，每组r=2^2块
则cache多路 8 2 2 
主存多路 6 8 2
cache标记位容量： (6×4+1×4)×2^8×2 = 14336字节 
2)由1)知该cache共2^10个块
每个块都要实现这样的比较功能，采用4路组相联映像,
每组4块，以组为单位，需配置4套这样的比较电路。","data/csbench/student_images/CO_10/ANS_CO_1159.jpg"
"CO_10","ANS_CO_1161","P2","possible_teacher_over_score","15.0","model_avg_score","10.3","4.7","4.7","3.75","2.0","3.75","absolute_disagreement","2.7","True","15.0","10.3","10.3","10.3","10.3","BND","1.6997","high","0.2","1.0","0.4","rubric_mapping_risk|unstable_model_judgements","","","","1) Cache 块数：2 = 4kw / 4w = 1k = 2^10 c=10 组数为2^10/4=2^8  64k = 2^16 故 m + b = 16 b = 2 标记位数为 m - 8 = 6 t:6 
故Cache标记区总容量为 2^c x (6 + 1) = 7x2^10 = 7k = 7x2^B 即7x2^7字节
2)需要配置 4 套这样的相等电路，因为主存中的每一块只可能映像到 Cache 某一组中的某一块，故仅用与这一组的 4 个 Cache 块进行比较即可，根据主存 m 位可判断其可能映射到的 Cache 组，选出其 4 个 Cache 块的 Cache Tag 与之进行比较. 即可得到是否映射。","data/csbench/student_images/CO_10/ANS_CO_1161.jpg"
"CO_10","ANS_CO_1162","P2","possible_teacher_over_score","8.0","model_avg_score","4.2","3.8","3.8","3.75","1.1","3.75","absolute_disagreement","2.7","True","15.0","4.2","4.2","1.95","1.95","BND","1.0274","high","0.4","0.833333","0.511111","rubric_mapping_risk|a3wa_changed_score_materially","","","","(1)Cache标记区储存了数据区的地址多一个有效位
Cache块数为 4k bit / (4×2B×8) = 64 = 2^6
由于其采用4路组相联映像，
∴其组数有64/4=16=2^4组
∴其组地址有4位；每组有4块，块地址有2位，
再加一位有效位，共有7位，
∴Cache标记区容量为2^7=128位
(2) 需要配置4套，理由如下：
因为Cache采用4路组相联映像，每组含有4个块，
其中主存块对应的Cache组号是可以直接确定的，
对于组内的块号需要逐一尝试，因此需配置4套。","data/csbench/student_images/CO_10/ANS_CO_1162.jpg"
"CO_10","ANS_CO_1165","P1","possible_teacher_over_score","12.0","model_avg_score","8.2","3.8","3.8","3.75","1.1","3.75","absolute_disagreement","2.7","True","15.0","8.2","8.2","8.2","8.2","BND","1.0274","high","0.0","0.833333","0.044444","","","","","(1)64K=2^16 16根数据线，16根地址线 
主存容量为64k×16  Cache: 4k×16/(4×16)=2^10块.
64k×16/(4×16)=16k=2^14 2^10÷2^2=2^8组. 14-2=12. 
主存标记  Cache组号  字块内地址
  6           8         2  
标记区总容量 =(标记记录+有效位)×Cache块数.
标记区总容量=(12+1)×2^10=1664Byte. (6+1)×2^10=896 Byte 
(2).
Cache一共有2^10块. 但是每4块为一组. 主存可以从Cache同一组内的4块任意命中其一，若其有效位为1.则找到
所需访问的主存块. 
2^10/2^2=2^8套. 
Cache块号标记 组号 块内地址 
   8          2      2 
若使用直接相联. 
主存块 Cache块标记 块内地址 
   4     10          2","data/csbench/student_images/CO_10/ANS_CO_1165.jpg"
"CO_10","ANS_CO_1181","P2","possible_teacher_over_score","6.0","model_avg_score","2.0","4.0","4.0","3.75","1.3","3.75","absolute_disagreement","2.7","True","15.0","2.0","2.0","2.0","2.0","BND","0.0","low","0.9","0.0","0.9","extraction_risk|rubric_mapping_risk","","","","解：(1)机器字长为16位，主存共用64K个存储单元
64K=2¹⁶  每组有4块，块大小为4个字，故4×4=16 
每组16个字 
(2)需要配 4套这样的相等的比较电路","data/csbench/student_images/CO_10/ANS_CO_1181.jpg"
"CO_10","ANS_CO_1182","P2","possible_teacher_over_score","11.0","model_avg_score","6.8","4.2","4.2","3.75","1.5","3.75","absolute_disagreement","2.7","True","15.0","6.8","6.8","3.8","3.8","BND","2.5927","high","0.066667","1.0","0.333333","a3wa_changed_score_materially|unstable_model_judgements","","","","(1)64k=2^16
4k=2^12
4=2^2
4=2^2
R=4，r=2
∴ 2^10/2^2=2^8 14-8=6
主存块标记 6 组地址 8 块内地址2
2^8/8=2^5 有32字节
2^16/2^2=2^14
2^12/2^2=2^10
(2) 4套
主存2^16个存储单元
Cache中数据容量为2^12
2^16/2^12=2^4
每次比较 输出为1或0.
4套比较电路可以实现2^4次比较","data/csbench/student_images/CO_10/ANS_CO_1182.jpg"
"CO_10","ANS_CO_1188","P2","possible_teacher_under_score","3.0","model_avg_score","4.2","-1.2","1.2","3.75","-3.9","3.75","within_question_outlier","2.7","True","15.0","4.2","4.2","4.2","4.2","BND","2.3921","high","0.266667","1.0","0.355556","unstable_model_judgements","","","","解(1)主存块数=64K×16/4×16=2^14；
Cache块数=4KW/4=2^10；
组数=2^10/4=2^8；
主存字块标记 6 组号 8 块内地址 2
cache：cache字块标记 10位 2位
Cache标记区共有2^10×2=2^11位节；
(2)共需2^8套，由于组号共8位。","data/csbench/student_images/CO_10/ANS_CO_1188.jpg"
"CO_10","ANS_CO_1191","P1","possible_teacher_over_score","12.0","model_avg_score","6.0","6.0","6.0","3.75","3.3","3.75","absolute_disagreement","2.7","True","15.0","6.0","6.0","6.0","6.0","POS","0.4082","high","0.066667","0.333333","0.066667","","","","","解(1)块内地址 4×16=64=2⁶ 6位 
cache 关 4×16=1k 块 =2¹⁰  
组号 2¹⁰/4=2⁸ 8位 
标记 64k×16=2²⁰ 20-6-8=6位 
标记号 6 组号 8 块内地址 6
cache标记区总容量 2¹⁰×(6+1)=7k 位=896字节
 (2) 需配置2套 主存地址 tag字段共6位，
需进行2⁶次比较 ","data/csbench/student_images/CO_10/ANS_CO_1191.jpg"
"CO_10","ANS_CO_1192","P2","possible_teacher_over_score","6.0","model_avg_score","1.2","4.8","4.8","3.75","2.1","3.75","absolute_disagreement","2.7","True","15.0","1.2","1.2","2.7","2.7","BND","0.8498","high","0.0","0.666667","0.222222","a3wa_changed_score_materially","","","","解(1)主存字块标记，64K=2^16，16bit=2B
每组：4x4=16字=2^4字
4K=2^12
2^12/2^4=2^8
∴要8tag位
∴标记区：2^(8+1)bit=2^9bit=2^6B
∴标记区容量2^6B
(2)需要8套这样的电路
按Cache块标记的基准，总个8个tag位，共需8个","data/csbench/student_images/CO_10/ANS_CO_1192.jpg"
"CO_10","ANS_CO_1199","P1","possible_teacher_over_score","7.0","model_avg_score","3.0","4.0","4.0","3.75","1.3","3.75","absolute_disagreement","2.7","True","15.0","3.0","3.0","2.25","2.25","BND","1.472","high","0.266667","1.0","0.355556","","","","","(1)Cache标志位需要为 
主存字块标记 组地址 存储块地址 块内地址 4 9 3 1 1 有2^6个字节
(2)Cache存储系统需要配置4路组相联比较电路 因为采用的是4路组相联映射 每组有4块 不用比较 所有块内即可.","data/csbench/student_images/CO_10/ANS_CO_1199.jpg"
"CO_11","ANS_CO_1202","P2","possible_teacher_over_score","7.0","model_avg_score","1.8","5.2","5.2","3.75","4.25","3.75","absolute_disagreement|within_question_outlier","0.95","False","15.0","1.8","1.8","0.55","0.55","BND","1.6708","high","0.3","1.0","0.411111","rubric_mapping_risk|unstable_model_judgements","","","","
① R型最多时，J型最少为4条，设R型为m条，则I型为2⁵-1-M-1=30-M条
∵30-M>M ⇒M<15条 ∴R型最多为14条
② I型最多时，R型为1条，J型为4条，I型最多为2⁵-1-1=29条
③ J型最多时，R型最少为1条，设I型为M条，则J型为(2⁵-2-M)×4条
∵M>(2⁵-2-M)×4 ⇒M>24条 ∴J型最多为(32-25-1-1)×4=20条","data/csbench/student_images/CO_11/ANS_CO_1202.jpg"
"CO_11","ANS_CO_1207","P2","possible_teacher_under_score","15.0","model_avg_score","24.2","-9.2","9.2","3.75","-10.15","3.75","absolute_disagreement|within_question_outlier","0.95","False","15.0","24.2","15.0","15.0","15.0","BND","8.2496","high","0.0","1.0","0.222222","a3wa_changed_score_materially|unstable_model_judgements","","","","(1)R型指令中，高5位固定为00000，占用1种情况，依靠低5位进行区分指令，所以R型指令最多可有2^5=32条。
I型指令中，高5位为opcode，且R型指令占用00000，还需要预留11111扩展J型指令，所以I型指令最多有2^5 - 2 = 30条。
J型指令中，高7位为opcode，为保证I型指令最多，J型指令opcode的高5位只能为11111，仅余2位用于编码，所以J型指令最多有2^2=4条。
各指令编码范围如下：
R型：00000 xx xx xx 00000 ~ 00000 xx xxxx11111，共32条。
I型：00001xx xx xx xxxxx ~ 11110 xx xxxx xxxxx，共30条。
J型：1111100 xxxx xxxxx ~ 1111111 xxxx xxxxx，共4条。","data/csbench/student_images/CO_11/ANS_CO_1207.jpg"
"CO_11","ANS_CO_1211","P2","possible_teacher_over_score","8.0","model_avg_score","0.0","8.0","8.0","3.75","7.05","3.75","absolute_disagreement|within_question_outlier","0.95","False","15.0","0.0","0.0","0.0","0.0","BND","0.0","low","0.6","0.0","0.6","extraction_risk|rubric_mapping_risk","","","","1:最多时，且J型只有1条
此时工最多为30条
2:由于I最多，所以R型最多29条.
J:设J型有a条，I型有x条
4(32-1-x)=a
a<x
解得a<24.8
∴J型最多24条.","data/csbench/student_images/CO_11/ANS_CO_1211.jpg"
"CO_11","ANS_CO_1217","P2","possible_teacher_under_score","15.0","model_avg_score","22.0","-7.0","7.0","3.75","-7.95","3.75","absolute_disagreement|within_question_outlier","0.95","False","15.0","22.0","15.0","15.0","15.0","BND","5.099","high","0.2","1.0","0.233333","a3wa_changed_score_materially|unstable_model_judgements","","","","考察R型 任何位Opcode可为任意值 与I、J冲突，因此
其前缀00000不可覆盖。
同理考察J型Opcode中后两位也给R、I冲突，因此
其前缀不可覆盖。
要I型指令最多，则
R型指令1×2⁵=32条
I型指令2⁵-2=30条
J型指令1×2²=4条","data/csbench/student_images/CO_11/ANS_CO_1217.jpg"
"CO_11","ANS_CO_1221","P2","possible_teacher_over_score","9.0","model_avg_score","1.7","7.3","7.3","3.75","6.35","3.75","absolute_disagreement|within_question_outlier","0.95","False","15.0","1.7","1.7","1.7","1.7","NEG","0.6236","low","0.866667","0.5","0.866667","extraction_risk|rubric_mapping_risk","","","","设I型a个 J型b个 J型c个 
I型最多 
(2^5 -1 -a)·2^2 = b <a
=>5a>124 =>a>24.8 

a最小取25时 使得J型最多取到24个 
因为至少有一个
所有a<=30
a取30时 使得工型最多取30，R型最多取29个","data/csbench/student_images/CO_11/ANS_CO_1221.jpg"
"CO_11","ANS_CO_1223","P2","possible_teacher_over_score","15.0","model_avg_score","8.5","6.5","6.5","3.75","5.55","3.75","absolute_disagreement|within_question_outlier","0.95","False","15.0","8.5","8.5","10.5","10.5","BND","2.1213","high","0.533333","1.0","0.533333","rubric_mapping_risk|a3wa_changed_score_materially|unstable_model_judgements","","","","I型指令的OPcode字段为五位，最多可表示2^5条指令。由于00000为R型指令，
且需要留扩展编码以表示J型指令，所以I型指令最多有2^5-2条。
其编码从00001～11110，编码11111用作扩展编码。
则J型指令的编码字段为11111 00～11111 11，故J型指令只有4条。
则在I型指令最多的情况下，I型指令有30条，J型指令有4条。
由于R型指令的OPcode字段写在末尾，则R型指令有32条。","data/csbench/student_images/CO_11/ANS_CO_1223.jpg"
"CO_11","ANS_CO_1225","P2","possible_teacher_under_score","11.0","model_avg_score","15.2","-4.2","4.2","3.75","-5.15","3.75","absolute_disagreement|within_question_outlier","0.95","False","15.0","15.2","15.0","13.5","13.5","BND","5.4823","high","0.2","1.0","0.255556","a3wa_changed_score_materially|unstable_model_judgements","","","","解：R型最多2^5=32条，R型有不受I1但要保证I最多，最多30条.
ⅡI型最多2^5-2=30条，因为夹主操作码共5位，最多可取2^5=32
条，但不能与R型00000前缀重复小，要减一。同时需为J型中留下至少
一条作为前缀码，再减一，所以最多30条
J型最多(2^5-2)×2^2=120条，因为J型前5位与I型重合
设工型a条，J型b条，则 
(2^5-1-a)×2^2=b
需使a>b且b最多.
则可取a=25 得b=24.
此时，I型指令最多，条数大于J型
和R型，且J型指令最多
为24条.","data/csbench/student_images/CO_11/ANS_CO_1225.jpg"
"CO_11","ANS_CO_1233","P2","possible_teacher_under_score","15.0","model_avg_score","19.3","-4.3","4.3","3.75","-5.25","3.75","absolute_disagreement|within_question_outlier","0.95","False","15.0","19.3","15.0","15.0","15.0","BND","6.1283","high","0.083333","1.0","0.172222","a3wa_changed_score_materially|unstable_model_judgements","","","","解：对I型指令有2⁵=32种可能，其中00000已用占用，且必须预留条用于扩展T型 故最多有30条T型， R型最多有2⁵=32条 J型有1×2⁷⁻⁵=4条","data/csbench/student_images/CO_11/ANS_CO_1233.jpg"
"CO_11","ANS_CO_1236","P2","possible_teacher_under_score","15.0","model_avg_score","20.0","-5.0","5.0","3.75","-5.95","3.75","absolute_disagreement|within_question_outlier","0.95","False","15.0","20.0","15.0","15.0","15.0","BND","7.0711","high","0.0","1.0","0.0","a3wa_changed_score_materially|unstable_model_judgements","","","","R型指令操作码有5位
所以最多有2^5=32条指令。
I型、J型指令操作码有扩展关系，由图已知00000留给R型指令作区分。
I型指令又应给J型指令留至少一个扩展码。
∴I型指令最多有2^5-1-1=30条。
J型指令相应有(2^5-30-1)×2^2=4条。
∴R型、I型、J型指令分别最多有32、30、4条。","data/csbench/student_images/CO_11/ANS_CO_1236.jpg"
"CO_11","ANS_CO_1240","P2","possible_teacher_over_score","15.0","model_avg_score","6.5","8.5","8.5","3.75","7.55","3.75","absolute_disagreement|within_question_outlier","0.95","False","15.0","6.5","6.5","6.5","6.5","NEG","1.4142","low","0.633333","1.0","0.633333","extraction_risk|rubric_mapping_risk","","","","设I型指令有N条. 则 2⁵ - N ≥ 2. N最大取30条. I型指令有30条，R型指令有2⁵=32条，J型指令有2⁵=4条.","data/csbench/student_images/CO_11/ANS_CO_1240.jpg"
"CO_11","ANS_CO_1241","P2","possible_teacher_over_score","14.0","model_avg_score","9.1","4.9","4.9","3.75","3.95","3.75","absolute_disagreement|within_question_outlier","0.95","False","15.0","9.1","9.1","6.1","6.1","BND","4.185","high","0.1","1.0","0.288889","a3wa_changed_score_materially|unstable_model_judgements","","","","R型指令的操作码与Opcode与I与J型不重叠 故R型指令数n_R=2^5=32条 又要保证I最多且J存在 故I的Opcode范围为00001~11110 共29条 J型指令的Opcode范围为1111100~1111111 共4条 ∴在满足题目的条件下 
R型指令最多32条 
I型指令最多29条 
J型指令最多4条","data/csbench/student_images/CO_11/ANS_CO_1241.jpg"
"CO_11","ANS_CO_1243","P1","possible_teacher_over_score","10.0","model_avg_score","5.2","4.8","4.8","3.75","3.85","3.75","absolute_disagreement|within_question_outlier","0.95","False","15.0","5.2","5.2","5.2","5.2","BND","1.2416","high","0.2","0.916667","0.311111","","","","","解：①. J型指令集最少情况下，R型最多
此时J型指令条数=R型（最少情况下）.
设I、R型为a、b条，
2^5 -1 = a + b ⇒ ∵ I > R ∴ a=16，b=15
∵ I型指令多 ∴ I型指令应为16条，
∴ R型指令为15条.

②. I型最多，且有R、J型指令，
∴ 2^5 -2 = 30(条).

③. J型最多.
∵在I型最多条件下，∴设J、I指令条数相同，均为a条.
(2^5 -1 -a)×2^2 = a ⇒ a=24. 余4.
此时I条数略大于J，∴ I指令应为25条.
∴ J指令：(32 -1 -25)×4 = 24(条).

∴ R型、I型、J型指令最多分别为15，30，24条.","data/csbench/student_images/CO_11/ANS_CO_1243.jpg"
"CO_11","ANS_CO_1245","P1","possible_teacher_over_score","15.0","model_avg_score","10.8","4.2","4.2","3.75","3.25","3.75","absolute_disagreement","0.95","False","15.0","10.8","10.8","10.8","10.8","POS","0.5401","high","0.0","0.416667","0.155556","","","","","解:保证I型指令最多.最多情况即I型前5位Opcode均编码 但编码00000是R型的开始.同时I型和J型共用前5位编码. I型需要改第1位作为J型的开始: 
I型: 2^5 -2 =30(条) 
J型: 2^1 =4.条. 
R型:最后5位给35操作码: 2^5 =32条.","data/csbench/student_images/CO_11/ANS_CO_1245.jpg"
"CO_11","ANS_CO_1251","P2","possible_teacher_over_score","15.0","model_avg_score","11.1","3.9","3.9","3.75","2.95","3.75","absolute_disagreement","0.95","False","15.0","11.1","11.1","11.1","11.1","BND","3.8315","high","0.366667","1.0","0.366667","unstable_model_judgements","","","","设I型指令n条
则I型指令有2^5 -n-1条
而操作码00000是R型指令
故I型最多有2^5 -2条=30条
I型4条
R型2^5=32条.","data/csbench/student_images/CO_11/ANS_CO_1251.jpg"
"CO_11","ANS_CO_1254","P1","possible_teacher_over_score","15.0","model_avg_score","5.2","9.8","9.8","3.75","8.85","3.75","absolute_disagreement|within_question_outlier","0.95","False","15.0","5.2","5.2","6.2","6.2","BND","0.5401","high","0.3","0.416667","0.322222","","","","","R型 ：2^3条指令
I型：从00001 到11110 共2⁵-2条指令 
J型：从1111100 到1111111 共2²=4条指令","data/csbench/student_images/CO_11/ANS_CO_1254.jpg"
"CO_11","ANS_CO_1255","P2","possible_teacher_over_score","8.0","model_avg_score","2.5","5.5","5.5","3.75","4.55","3.75","absolute_disagreement|within_question_outlier","0.95","False","15.0","2.5","2.5","2.5","2.5","BND","0.0","high","0.466667","0.0","0.466667","rubric_mapping_risk","","","","解：各R型指令有 2^5=32(条)
I型指令有 2^5=32(条)
J型指令有 2^7=128(条)
保证I型最多 即R型31条","data/csbench/student_images/CO_11/ANS_CO_1255.jpg"
"CO_11","ANS_CO_1263","P2","possible_teacher_over_score","14.0","model_avg_score","2.7","11.3","11.3","3.75","10.35","3.75","absolute_disagreement|within_question_outlier","0.95","False","15.0","2.7","2.7","2.7","2.7","NEG","0.9428","low","0.8","0.666667","0.8","extraction_risk|rubric_mapping_risk","","","","需要I型指令最多
又因为R型功能为将rs、rt的东西移入rd.
J型功能为将PC中的数据加入新的imm.
∴在主存地址为16位的情况下且采用16位定长指令

R型应有32条.
I型应有31条.
J型应有4条.

R: 32
I: 31
J: 4.","data/csbench/student_images/CO_11/ANS_CO_1263.jpg"
"CO_11","ANS_CO_1273","P2","possible_teacher_over_score","5.0","model_avg_score","0.7","4.3","4.3","3.75","3.35","3.75","absolute_disagreement","0.95","False","15.0","0.7","0.7","0.7","0.7","BND","0.9428","high","0.466667","0.666667","0.522222","rubric_mapping_risk","","","","答:当I型指令最多时，I型的Opcode范围为00001～11110. I型指令的imm范围为0000001～1111111 此时I型指令的条数为(2⁵-2)×2²×(2⁵-1)=3720条. 此时R型最多有1条 
J型最多有2²×2⁴×(2⁵-1)=7936条.","data/csbench/student_images/CO_11/ANS_CO_1273.jpg"
"CO_11","ANS_CO_1277","P2","possible_teacher_over_score","13.0","model_avg_score","2.9","10.1","10.1","3.75","9.15","3.75","absolute_disagreement|within_question_outlier","0.95","False","15.0","2.9","2.9","2.9","2.9","BND","0.5893","low","0.5","0.416667","0.555556","extraction_risk|rubric_mapping_risk","","","","在R、I、J型指令均存在且保证I型指令最多。
R型有2^5-3  条 
I型：有2^5 -2条 
J型：有2^2条","data/csbench/student_images/CO_11/ANS_CO_1277.jpg"
"CO_11","ANS_CO_1280","P2","possible_teacher_under_score","1.0","model_avg_score","5.7","-4.7","4.7","3.75","-5.65","3.75","absolute_disagreement|within_question_outlier","0.95","False","15.0","5.7","5.7","5.7","5.7","BND","1.6997","high","0.283333","1.0","0.316667","unstable_model_judgements","","","","设R型，I型，J型指令分别有x,y,z条
x≥1
(2⁵ -x)×2⁶ -y ≥1
[(2⁵ -x)×2⁶ -y]2⁵ -z ≥1
I型指令最多，则全x=1为最少
y≤(2⁵ -1)×2⁶ -1=1983
[(2⁵ -1)×2⁶ -1983]2⁵ -z ≥1
32 -z ≥1
z≤31
保证I型指令最多情况下R型最多1条，J型最多31条，I为1983条","data/csbench/student_images/CO_11/ANS_CO_1280.jpg"
"CO_11","ANS_CO_1297","P2","possible_teacher_under_score","15.0","model_avg_score","28.0","-13.0","13.0","3.75","-13.95","3.75","absolute_disagreement|within_question_outlier","0.95","False","15.0","28.0","15.0","15.0","15.0","BND","1.4142","high","0.2","1.0","0.233333","a3wa_changed_score_materially","","","","解：2⁵=32 
设I型指令X条，J型指令Y条。(31-X)×2²=Y ∴I型指令最多有32-2=30条 此时Y=4. J型指令最多4条 ∴R型:2⁵=32条 I型:30条 J型:4条","data/csbench/student_images/CO_11/ANS_CO_1297.jpg"
"CO_11","ANS_CO_1299","P2","possible_teacher_under_score","15.0","model_avg_score","23.2","-8.2","8.2","3.75","-9.15","3.75","absolute_disagreement|within_question_outlier","0.95","False","15.0","23.2","15.0","15.0","15.0","BND","4.9385","high","0.3","1.0","0.355556","a3wa_changed_score_materially|unstable_model_judgements","","","","解:2⁵=32 
设I型指令有x条，J型指令有y条
 (31 -x)×2² = y 
I型指令最多有32 - 2 = 30条（留出00000与11111） 此时y=4，J型指令最多有4条 
R型：2⁵=32条 
I型：30条 
J型：4条","data/csbench/student_images/CO_11/ANS_CO_1299.jpg"
"CO_11","ANS_CO_1300","P2","possible_teacher_over_score","5.0","model_avg_score","1.0","4.0","4.0","3.75","3.05","3.75","absolute_disagreement","0.95","False","15.0","1.0","1.0","1.0","1.0","BND","0.0","low","0.8","0.0","0.8","extraction_risk|rubric_mapping_risk","","","","R型：32位；I型：32位，J型：16位。
∴R型最多3条，I型最多6条，J型最多4条","data/csbench/student_images/CO_11/ANS_CO_1300.jpg"
"CO_11","ANS_CO_1304","P2","possible_teacher_over_score","14.0","model_avg_score","7.9","6.1","6.1","3.75","5.15","3.75","absolute_disagreement|within_question_outlier","0.95","False","15.0","7.9","7.9","4.9","4.9","BND","1.1961","high","0.333333","0.916667","0.422222","rubric_mapping_risk|a3wa_changed_score_materially","","","","J型指令有5位. 为与R型I型区别，最多有2^5 -2条即30条 R型有5位的opcode；为保证I型指令最多，R型指令最多占2^5 -2条，即30条. J型最多为2^2即4条.","data/csbench/student_images/CO_11/ANS_CO_1304.jpg"
"CO_11","ANS_CO_1308","P2","possible_teacher_over_score","9.0","model_avg_score","3.9","5.1","5.1","3.75","4.15","3.75","absolute_disagreement|within_question_outlier","0.95","False","15.0","3.9","3.9","2.4","2.4","BND","1.8966","high","0.066667","1.0","0.438889","rubric_mapping_risk|unstable_model_judgements","","","","解：R型为变地址指令
I型三地址指令，故共有N条
RIJ型指令格式如图所示
(25 - N)×2² = J型指令条数
要使N最多，则N=2⁵ -1=31条
故J型指令有4条","data/csbench/student_images/CO_11/ANS_CO_1308.jpg"
"CO_11","ANS_CO_1311","P2","possible_teacher_under_score","0.0","model_avg_score","10.5","-10.5","10.5","3.75","-11.45","3.75","absolute_disagreement|within_question_outlier","0.95","False","15.0","10.5","10.5","7.5","7.5","BND","3.4881","high","0.0","1.0","0.344444","a3wa_changed_score_materially|unstable_model_judgements","","","","解：设
R型x条 11位 
I型y条 9位 
J型z条 7位 
R型x=[(2^7 -z)*2^(9 -7) -y]*2^（11 -9）
 2^7 -z>0，(2^7 -z)*2^(9 -7) -y >0 0<z<2^7，0<y<2^9 -4z 要求I型指令最多，则y最大，z最大 
z=1，y=507，x=4 
∴R型4条 
I型507条 
J型1条","data/csbench/student_images/CO_11/ANS_CO_1311.jpg"
"CO_11","ANS_CO_1318","P2","possible_teacher_over_score","11.0","model_avg_score","6.3","4.7","4.7","3.75","3.75","3.75","absolute_disagreement|within_question_outlier","0.95","False","15.0","6.3","6.3","3.92","3.92","BND","4.9216","high","0.1","1.0","0.411111","rubric_mapping_risk|a3wa_changed_score_materially|unstable_model_judgements","","","","解：
R型：2^5-3，比I型少．
I型：除了00000和J型像．2^5-2条．⇒30条．
J型：设I型有2^5-k条．(k-1)×2^2＜2^5-k．
               			 k≤7
∴J型：(7-1)×2^2=24条．最多．
答：R：29条．I：30条．J：24条．","data/csbench/student_images/CO_11/ANS_CO_1318.jpg"
"CO_11","ANS_CO_1320","P2","possible_teacher_under_score","15.0","model_avg_score","26.0","-11.0","11.0","3.75","-11.95","3.75","absolute_disagreement|within_question_outlier","0.95","False","15.0","26.0","15.0","15.0","15.0","BND","2.8284","high","0.2","1.0","0.2","a3wa_changed_score_materially|unstable_model_judgements","","","","解：由于R型前5位为00000，因此I型指令Opcode不能为00000，且J型指令存在，所以I型指令最多有：2^5 -1 -1 =30条。
此时，J型指令有一条，目前5位已固定，最多有2^2 = 4条。R型指令Opcode不受限制，最多有2^5 = 32条。","data/csbench/student_images/CO_11/ANS_CO_1320.jpg"
"CO_12","ANS_CO_1327","P1","possible_teacher_over_score","16.0","model_avg_score","8.7","7.3","7.3","6.25","5.0","6.25","absolute_disagreement","2.3","False","25.0","8.7","8.7","8.7","8.7","POS","0.4714","high","0.08","0.2","0.213333","","","","","(1). a:数据缓冲寄存器DR b:指令寄存器IR c微指令寄存器 d计数寄存器PC
(2). 主存储器M→数据缓冲寄存器→指令寄存器→操作控制器
(3). 存：主存储器M→数据缓冲寄存器→ALU→累加寄存器AC 取：ALU→数据缓冲寄存器→主存储器M
(4). 主存储器M→数据缓冲寄存器→指令寄存器→操作控制器
(5). 24×30=720 <1K 容量应为1K
(6). 微指令字段 判别测试字段 下址字段","data/csbench/student_images/CO_12/ANS_CO_1327.jpg"
"CO_12","ANS_CO_1333","P1","possible_teacher_over_score","25.0","model_avg_score","4.0","21.0","21.0","6.25","18.7","6.25","absolute_disagreement|within_question_outlier","2.3","False","25.0","4.0","4.0","4.0","4.0","BND","2.1602","high","0.2","1.0","0.306667","","","","","(1) a AR
b IR
c DR
D TC
(2) M→AR 指令通过总线传给数据寄存器
AR→IR 将数据传给指令缓冲器
指令缓冲器将数据传给操作控制器
(3) M→AR 数据通过总指传给数据寄存器
AR→ALU 
存 ALU→AC
AC→AR
AR→M
(4) OD→AR
AR→ALU 
GR→ALU 
ALU→AC
AC→AR
AR→AB
AB→M
(5) 控制器寄存器容量为
AR→ALU 32片,8位
(6)
","data/csbench/student_images/CO_12/ANS_CO_1333.jpg"
"CO_12","ANS_CO_1334","P1","possible_teacher_over_score","16.0","model_avg_score","9.7","6.3","6.3","6.25","4.0","6.25","absolute_disagreement","2.3","False","25.0","9.7","9.7","9.7","9.7","BND","1.5456","high","0.16","0.7","0.333333","","","","","(1) a:DB b:IR c:DB d:PL 
(2) 主存经过A寄存器,再经过B寄存器到字制器 
(3) 主存经过A寄存器到ALU,再经AC回到a寄存器. 
(4) 
(5) m=2^n -1 
3+4+4+2=13位 
微指令：位数 
5：3 
8：4 
14：4 
3：2  
外部部件了个采用直接控制 
故有3位
下地址:24-3-13=8位  
控制：13 判别：3 下地址：8","data/csbench/student_images/CO_12/ANS_CO_1334.jpg"
"CO_12","ANS_CO_1336","P2","possible_teacher_under_score","14.0","model_avg_score","19.5","-5.5","5.5","6.25","-7.8","6.25","within_question_outlier","2.3","False","25.0","19.5","19.5","16.75","16.75","BND","4.1433","high","0.0","1.0","0.266667","a3wa_changed_score_materially|unstable_model_judgements","","","","(1) a:数据缓冲寄存器
b：指令寄存器
c：地址寄存器
d：程序计数器

(2) PC→AR→AB，ADS，M/IO#=1，W/R#=0
M→DB→IR→程序控制器

(3) 存：ALU→AC→DR→DB，ADS，M/IO#=1，W/R#=1
取：ADS，M/IO#=1，W/R#=0，M→DB→DR→ALU

(4) ①PC→AR→AB，ADS，M/IO#=1，W/R#=0，M→DB→IR，PC+1
②IR.OD→AR→AB，M/IO#=1，ADS，W/R#=0，M→DB→DR
③DR→ALU，AX→ALU，+，ALU→AC→DR，DR→AX

(5) 下址字段：3+3+4+2+3=15位
∴存储器容量：(15+24)×2¹⁵=39×2¹⁵ bit

(6) 字段示意图如图所示。","data/csbench/student_images/CO_12/ANS_CO_1336.jpg"
"CO_12","ANS_CO_1340","P2","possible_teacher_under_score","19.0","model_avg_score","24.0","-5.0","5.0","6.25","-7.3","6.25","within_question_outlier","2.3","False","25.0","24.0","24.0","25.0","25.0","BND","1.4142","high","0.0","0.6","0.106667","","","","","(1). a是数据寄存器DR；b是指令寄存器IR；c是地址寄存器AR；d是程序计数器PC
(2).取指时数据通路：PC→AR，AR→AB：送指令地址；ADS=1，M/IO=1，W/R=0：控制主存读操作；DB→DR，DR→IR：指令送指令寄存器；IR再送控制器，对OPC译码。
(3).假设直接寻址：存数：IR.OD2→AR，AR→AB：送地址；ADS=1，M/IO=1，W/R=1：主存写命令；IR.OD1→DR，DR→DB：送写入内容。
取数据：IR.OD2→AR，AR→AB：送地址给数据总线；ADS=1，M/IO=1，W/R=0：发出主存读命令；DB→DR：数据取到DR寄存器
(4).该指令有3个机器周期：一：取指：PC→AB；ADS，M/IO，W/R=110；DB→DR，DR→IR。取出指令送IR寄存器，对指令分析自动进行。二：取数：IR.OD→AR，AR→AB；ADS，M/IO，W/R=110；DB→DR。取出OD地址中数据送DR。三：运算：AX→ALU；DR→ALU；+；ALU→AX：2个运算数送ALU，控制器生成+信号，结果再送AX寄存器。
(5).因字长24位，水平型，由m=2^n-1知，互斥类各占3，4，4，2位，外部条件占3位，所以下址字段=24-(3+4+4+2+3)=8位。共2^8个单元/微指令，每个长24位，所以控存CM容量=2^8×24位
(6).微指令格式图如图所示","data/csbench/student_images/CO_12/ANS_CO_1340.jpg"
"CO_12","ANS_CO_1341","P1","possible_teacher_over_score","24.0","model_avg_score","15.3","8.7","8.7","6.25","6.4","6.25","absolute_disagreement|within_question_outlier","2.3","False","25.0","15.3","15.3","15.3","15.3","BND","1.2472","high","0.1","0.6","0.186667","","","","","(1) a是DR数据寄存器
b是IR指令寄存器
c是AR地址寄存器
d是PC程序计数器

(2) 主存→DR→IR→控制器
先根据地址寄存器内容找到指令位置，在主存对应地址中取出，放入DR数据寄存器中，再送入IR指令寄存器进行保存，然后送入控制器中解析指令。

(3) 取：主存储器M→DR→ALU→AC
存：AC→DR→主存储器M
数据根据地址寄存器指向的地址从主存中取出送入DR数据寄存器，由DR数据寄存器送入运算器ALU中进行计算，将结果保存在X累加器AC中。
将累加器的内容送入数据寄存器DR，由DR将数据存入主存M中。

(4) PC+1得指令地址，存入AR中，根据AR中地址在主存中找到指令送入DR，DR送入IR，IR送入控制器分析指令，指令中OD送入AR，根据AR从主存取出操作数到DR，DR送入ALU，再将AX送入ALU，执行加法计算结果送入AC，再由AC送入AX中。

(5) 要求存需要：2^8×24位<1KB，则可取2^8×32位，即1KB

(16) 字段图如图所示","data/csbench/student_images/CO_12/ANS_CO_1341.jpg"
"CO_12","ANS_CO_1344","P1","possible_teacher_over_score","22.0","model_avg_score","11.0","11.0","11.0","6.25","8.7","6.25","absolute_disagreement|within_question_outlier","2.3","False","25.0","11.0","11.0","11.0","11.0","BND","1.633","high","0.0","0.8","0.066667","","","","","(1) a:GR  b:LR  c:AR  d:PC
(2) PC接收到信号后将指令在主存储器中的地址送到AR，AR通过地址在主存储器中找到指令送入通用寄存器GR，GR将指令送入指令寄存器IR，IR将指令送入控制器
(3) 操作控制器发出信号，使主存储器将数据通过数据总线传送到GR，GR将数据送到运算器。运算器将数据送入累加寄存器AC，AC将数据送入GR，GR将数据送入主存储器
(4) AX将数据送入ALU，主存储器将存放在OD中的数据通过数据总线送到GR，GR将数据送入ALU，ALU完成加法运算后，将结果送入累加寄存器AC，AC将数据送到AX.
(5) 容量为30×24=90B
(6) 30个微命令构成4个互斥类，互斥的5个微命令可用3位字段表示，8个微命令和14个微命令可用4位字段表示，3个微命令可用2位字段表示，3个外部条件用1位表示，剩下8位是下址字段
字段图如图所示","data/csbench/student_images/CO_12/ANS_CO_1344.jpg"
"CO_12","ANS_CO_1346","P2","possible_teacher_under_score","2.0","model_avg_score","6.5","-4.5","4.5","6.25","-6.8","6.25","within_question_outlier","2.3","False","25.0","6.5","6.5","1.75","1.75","BND","1.7613","low","0.56","0.8","0.733333","extraction_risk|rubric_mapping_risk|a3wa_changed_score_materially","","","","（1）
（5）
外部零件3个，控制位2位
互斥类 命令表 控制
1 5 3
2 8 4
3 14 4
4 3 2
24 - 2 - 3 - 4 - 4 - 2 = 9
存储器容量为2^9 ×24位
6). 结构如图所示","data/csbench/student_images/CO_12/ANS_CO_1346.jpg"
"CO_12","ANS_CO_1349","P1","possible_teacher_under_score","17.0","model_avg_score","23.3","-6.3","6.3","6.25","-8.6","6.25","absolute_disagreement|within_question_outlier","2.3","False","25.0","23.3","23.3","24.3","24.3","BND","0.9428","high","0.08","0.4","0.306667","","","","","（1）
a: MDR
b: IR
c: MAR
d: PC

(2) M(MAR)→MDR→IR→CU

(3) 取: M(MAR)→MDR→ALU.
右: ALU→AC→MDR→M(MAR)
ADD AX,0D
(4) 
取指: M(MAR)→MDR→IR→CU
间址: A(IR)→MAR, M(MAR)→MDR→ALU,（Ad(IR)=0D）
执行:
MDR=M(OD)→ALU
AC=AX→ALU
ALU→AC

(5)(6): 控制字段长度为⌈log(5+1)⌉+…+⌈log(3+1)⌉=13b, 外部条件字段为3b.
下址字段为24-13-3=8b. 寻址空间2^8=256存容量2^8×24=6kb
格式: [13 | 3 | 8] 依次为控制、外部条件、下址字段","data/csbench/student_images/CO_12/ANS_CO_1349.jpg"
"CO_12","ANS_CO_1351","P1","possible_teacher_over_score","20.0","model_avg_score","12.8","7.2","7.2","6.25","4.9","6.25","absolute_disagreement","2.3","False","25.0","12.8","12.8","14.8","14.8","BND","0.6236","high","0.16","0.3","0.226667","","","","","a是数据缓冲寄存器DR
b是指令寄存器 IR
c是地址寄存器 AR
D是程序计数器 PC
(2)主存储器M→数据缓冲寄存器DR→指令寄存器IR→操作控制器
(3)存：累加寄存器Ac→数据缓冲寄存器DR→主存储器M
取：主存储器M→数据缓冲寄存器DR→ALU→累加寄存器Ac
(4)译M→DR→IR→PC→AR→M.
(5)由题微命令30×字长24 =30×3B =90B
(6)由4个互联 将分为四类,分别用 3、3、4、2个数据位表示
2³=8","data/csbench/student_images/CO_12/ANS_CO_1351.jpg"
"CO_12","ANS_CO_1357","P1","possible_teacher_over_score","21.0","model_avg_score","12.7","8.3","8.3","6.25","6.0","6.25","absolute_disagreement","2.3","False","25.0","12.7","12.7","12.7","12.7","POS","1.2472","high","0.0","0.6","0.0","","","","","解：(1)a.数据寄存器 b.标志寄存器
C.地址寄存器 d.程序寄存器
(2) 程序寄存器 向地址寄存器发出命令使地址寄存器发出地址到主存
中寻找到目标指令，然后主存将目标指令传输到数据寄存器中，
数据寄存器再将该指令传输到b，再由b传输到操作控制器中。
(3) 数据从寄存器到数据寄存器(a)再由a传输给运算器，运算器的运
算结果由ALU传给AC 由AC传给a，再由a传输给主存。
(4) OD由d (PC)传输到C，再由C传输到主存，取出OD对应的操作数，
放到a中，由a传给ALU，将a中AX中对应的数取出放到ALU中进行
无进位加法操作，ALU的结果放入AC再由AC放入a中对应的AX寄存器。
(5) 采用字段直接编码，每个互斥类中00…0代表不操作，故这4个互斥类的
操作码位数分别为3位、4位、4位、2位，所以字段直接编码法的操作码
四位数共为13位，直接控制操作码位数共为3位，所以下址字段共8位，
∴控制存储器容量应为2^8也就是256个。
(6) 微命令操作码字段 13位 | 外部条件 3位 |下址字段 8位。","data/csbench/student_images/CO_12/ANS_CO_1357.jpg"
"CO_12","ANS_CO_1358","P1","possible_teacher_over_score","11.0","model_avg_score","2.8","8.2","8.2","6.25","5.9","6.25","absolute_disagreement","2.3","False","25.0","2.8","2.8","2.8","2.8","POS","0.8498","high","0.0","0.4","0.16","","","","","(1)a: MAR地址寄存器
c: MDR数据寄存器
b: 译码器
d: 外设控制器
2)指令从主存中取出CPU经过.地址寄存器后找出相应地址地址 将相应t地址信息传给译码器 译码后到控制器
3)当进行访问时主存将数据传入CPU中 经过MAR和AC.后进入ALU进行存
3)续当进行取访问时 从ALU中借正确的数据 传入状态寄存器及译码器然后经过数据寄存器传入定存.
4) ADDAX,OD指 将OD的单元地址存入到通AX中.
5)①采用字段直接编译法 3+4+4+2=13.
②采用直接控制式:
容量为5+8+14+3=30 :
6) 微指令全字长24位
微操作码位为13外部条件3个(2种)
∴下址24-13-2=9.
","data/csbench/student_images/CO_12/ANS_CO_1358.jpg"
"CO_12","ANS_CO_1361","P1","possible_teacher_over_score","21.0","model_avg_score","12.5","8.5","8.5","6.25","6.2","6.25","absolute_disagreement","2.3","False","25.0","12.5","12.5","12.5","12.5","POS","0.4082","high","0.0","0.2","0.053333","","","","","(1) 指令从主存到控制器.
主存M→数据缓冲寄存器→指令寄存器
然后pc+1. 再由指令寄存器IR→操作控制器
(2) 读: M→a→ALU→IR→操作控制器
写: a数据缓冲寄存器→IR→(PC)→c主存地址寄存器→M
(4) 从主存M中.根据OD得到其值,送入数据缓冲寄存器,通过AX得到AX内值.
将AXSOD的值送入ALU中,同时调用IR并行相关操作，PC+1.
ALU计算的数据送入状态寄存器.
(5) 控制存储器容量至少为：30×24 = 720位
(6) 外部条件直接4控制:3位.微命令直接编译:分别片3位,4位,4位,2位
故微命令共3+4+4+2=13位. 下址字段:24-13-3=8位
控制条件3位 微指令格式13位 下址字段8位","data/csbench/student_images/CO_12/ANS_CO_1361.jpg"
"CO_12","ANS_CO_1381","P2","possible_teacher_over_score","17.0","model_avg_score","9.3","7.7","7.7","6.25","5.4","6.25","absolute_disagreement","2.3","False","25.0","9.3","9.3","5.3","5.3","BND","1.2472","high","0.0","0.6","0.12","a3wa_changed_score_materially","","","","(2) 主存储器M → 数据缓冲寄存器 → 指令寄存器→ 操作控制器
(3) 存访问： AC → 数据缓冲寄存器 → 拥主存储器M.
取访问：主存储器M → 数据寄存器 → ALU → AC
取取数到AC. 主存储器M → 数据缓冲寄存器 → ALU → AC.
① 取 OD 到 ALU: 主存储器M → 数据缓冲寄存器 → ALU
② AC → ALU
③ 执行加法操作 ALU→AC → 数据缓冲寄存器 → 主存储器M.
(5) 由 2²>5. 2⁴>14 2³>3 可得 4个互斥的50条微指令化为14条微指令 控制存储器的容量：112位+ 246= 458位×2=916位. 14×24=336位.
(6) 8个微命令 3个微命令 4个微命令 4个微命令
3位 微命令 4位 2位 余下 外部控制条件及其他
5个微命令 14个微命令","data/csbench/student_images/CO_12/ANS_CO_1381.jpg"
"CO_12","ANS_CO_1386","P1","possible_teacher_over_score","16.0","model_avg_score","9.1","6.9","6.9","6.25","4.6","6.25","absolute_disagreement","2.3","False","25.0","9.1","9.1","11.6","11.6","BND","1.7988","high","0.0","0.88","0.106667","","","","","（1）
a：DR 寄存器
b：IR 寄存器
c：DR 寄存器
d：AR 寄存器

（2）
指令从主存取出送入IR寄存器中暂存，
再被传送至b寄存器中翻译为微指令格式，最后
被送入控制器中。

（3）
首先数据从主存中被读出（读状态）被送入
a寄存器，进而被送入运算器进行相关运算，
算出结果后运算器向状态寄存器发出写指令，将
运算结果通过AC写入主存中。

（4）
数据从主存中依据OD位置被取出，进而被送入ALU中
与AX中的数据作运算，得出结果后改变AX中的值
为运算结果。

（5）
5  3
8  4
14 4
3  2
3+4+4+2=13      外部条件3个=>2位。
24-13-2=9       控制器的容量=2^9×24位。
（6）
控制字段 | 外部条件 | 下址字段
13位 | 2位 | 9位","data/csbench/student_images/CO_12/ANS_CO_1386.jpg"
"CO_12","ANS_CO_1394","P2","possible_teacher_under_score","19.0","model_avg_score","24.7","-5.7","5.7","6.25","-8.0","6.25","within_question_outlier","2.3","False","25.0","24.7","24.7","24.7","24.7","POS","0.4714","high","0.0","0.2","0.133333","","","","","（1）a：DR 数据缓冲寄存器
b：IR 指令寄存器
c：AR 地址寄存器
d：PC 程序计数器

（2）PC→AR 下一条指令地址送AR
AR→AB 送地址总线
ADS，M/IO=1，R/W=1，内存读控制信号
DB→DR 指令送DR
DR→IR 指令送IR
PC+1 IR，OPC 操作控制器

（3）AC→DR 数据送DR
DR→DB 送数据总线（左）
IR，OD→AR 存/取地址送AR
AR→AB 送地址总线
ADS，M/IO=1，R/W=110，内存存/取控制信号
DB→DR
DR→ALU→AC（取） 控制信号

（4）OD→AR 地址送AR
AR→AB 送地址总线
ADS，M/IO=1，R/W=1，内存读控制信号
DB→DR 数据送DR
DR→ALU，AC→ALU，两个加数送ALU
+ ALU相加
ALU→AC 结果送AC

（5）分段直接编译，控制位数 n=[log₂(m+1)]，5，8，14，3个微命令分别要3、4、4、2位编码，控制字段共3+4+4+2+3=16位，∴下址字段24-16=8位，控制存储器容量 2^8×24位

（6）微指令格式图如图所示。","data/csbench/student_images/CO_12/ANS_CO_1394.jpg"
"CO_12","ANS_CO_1400","P2","possible_teacher_over_score","18.0","model_avg_score","9.5","8.5","8.5","6.25","6.2","6.25","absolute_disagreement","2.3","False","25.0","9.5","9.5","10.5","10.5","BND","2.6771","high","0.1","1.0","0.22","unstable_model_judgements","","","","(1)a:通用寄存器GR b:数据寄存器DR c:地址寄存器AR d:程序计数器pc
(2)程序计数器将指令地址送地址总线AB PC→AB 
地址总线数据有效 ADS, M/非IO=1, W/非R=0 
存储器返回指令 AB→AR 
程序计数器加一 PC+1 
(3)地址码送地址总线 OD→AB AB→IR GR→DB DB→DR 总线有效 ADS, M/非IO=1, W/R=0 
(4) GR→ALU 
DR→ALU 
ALU执行加法运算 + 
ALU→GR 
(5)构成4个互斥类，包含5个、8个、14个、3个微命令 分别有6个、9个、15个、4个命令 
需3位、4位、4位、2位 
外部命令2位 
下地址字段=24-3-4-4-2-2=9位 
容量2^9×24位=12K位 
(6) 格式如图所示","data/csbench/student_images/CO_12/ANS_CO_1400.jpg"
"CO_12","ANS_CO_1401","P2","possible_teacher_over_score","21.0","model_avg_score","14.5","6.5","6.5","6.25","4.2","6.25","absolute_disagreement","2.3","False","25.0","14.5","14.5","11.75","11.75","BND","1.8355","high","0.18","0.88","0.266667","a3wa_changed_score_materially","","","","(1). a:数据缓冲寄存器DR b:指令寄存器IR. c:地址寄存器IR. d:计数器PC
(2). 主存循器M→DR→IR→操作控制器.
(3). M→DR→ALU→AC. 
ALU→AC→DR→M
(4).  DR→IR. IR→PC AC→ALU. DR→AW. IR→CM 
 M→DR IR→AC. PC+1. PC→AR.
(5). 4个互斥类. 5个微命令:3位. 8个微命令:4位. 14个互斥微命令:4位. 3个微命令:2位. 一共 3+4+4+2=13位. 外部条件占3位. 下址字段:24−3−13=8位. 2^8×24−128×24.为控制存储器容量.
(6). 其结构如图所示","data/csbench/student_images/CO_12/ANS_CO_1401.jpg"
"CO_12","ANS_CO_1417","P2","possible_teacher_over_score","25.0","model_avg_score","11.3","13.7","13.7","6.25","11.4","6.25","absolute_disagreement|within_question_outlier","2.3","False","25.0","11.3","11.3","12.3","12.3","BND","0.9428","high","0.52","0.4","0.653333","rubric_mapping_risk","","","","(1)a数据缓冲器DR b:指令寄存器IR c:主存地址寄存器AR d:程序计数器
(2) 主存→数据缓冲寄存器→指令寄存器→控制器
(3) 存：AC→DR→M
取：M→DR→ALU→AC
(4) ADD AX,0D
(5)
数据从通用寄存器AX输入.
进入数据缓冲器.","data/csbench/student_images/CO_12/ANS_CO_1417.jpg"
"CO_12","ANS_CO_1419","P1","possible_teacher_over_score","14.0","model_avg_score","2.7","11.3","11.3","6.25","9.0","6.25","absolute_disagreement|within_question_outlier","2.3","False","25.0","2.7","2.7","2.7","2.7","BND","1.6997","high","0.0","0.8","0.28","","","","","(1)图中4个寄存器的名称：a:AX, b：BX, c：CX， d：DX a：数据缓冲寄存器 bcd：通用寄存器
(2)指令从主存储器M -> a-> b ->操作控制器，此为数据通路
(3) 数据在运算器和主存之间进行存/取访问的数据通路：
1.存：ALU(运算器)→ AC(累加寄存器) → a → 主存储器M 2.
2.取：主存储器M → a → ALU(运算器) 
(4) ADD AX,0D ：主存储器M 取出数据0D→ a(通用寄存器AX)→ ALU运算器→ AC(累加)→ a(通用寄存器)→ 主存储器M 
(5) 控制存储器的容量应为 24/8 = 3B 
(6) 格式如图所示
2个互斥类：包含5个和3个微命令用2条微指令表示，其余22个微命令用22条微指令表示。30个微命令正好被24位表示","data/csbench/student_images/CO_12/ANS_CO_1419.jpg"
"CO_12","ANS_CO_1422","P2","possible_teacher_over_score","25.0","model_avg_score","8.3","16.7","16.7","6.25","14.4","6.25","absolute_disagreement|within_question_outlier","2.3","False","25.0","8.3","8.3","8.3","8.3","BND","4.1899","high","0.0","1.0","0.213333","unstable_model_judgements","","","","a: RGP通用寄存器.
b: DR数据缓冲寄存器.
c: IR指令寄存器
d: PC
(1)主存取到地址，需地址有效传输到地址总线，需地址有效进行读/写操作，然后通过数据总线传回列指令寄存器，
(3)运算器的内容先传到DR数据寄存器中，通过操作控制器将DR中内容传给主存.
(4)先通过PC寄存器进行读操作读出地址，再将其传到指令寄存器完成取指微指令，再通过PC寄存器进行读操作读出OD地址
(5)4个位表包含5个，8个，14个，和3个.
m=⌈log₂ⁿ⌉，各有3,4,4,2.
3+4+4+2=13
∵有3个外部条件 ∴24-13-2=9
∴控制储存器的容量为2⁹×24.
(6)①取指微指令 ②计算微指令.
PC→AB  DR→ALU
ADS,M/IO,R/W=0  + AC取出“+”
CU→DR.
OD→AB
ADS,M/IO=1,R/W=0
DB→PDR","data/csbench/student_images/CO_12/ANS_CO_1422.jpg"
"CO_12","ANS_CO_1424","P2","possible_teacher_over_score","14.0","model_avg_score","3.3","10.7","10.7","6.25","8.4","6.25","absolute_disagreement|within_question_outlier","2.3","False","25.0","3.3","3.3","3.3","3.3","BND","0.4714","high","0.36","0.2","0.413333","rubric_mapping_risk","","","","(1)
a: 数据寄存器
b: 指令寄存器
c: 指令地址寄存器
d: 数据缓冲寄存器

(2)
主存取M→缓冲存储器→
→指令地址寄存器→M→指令寄存器→操作控制器

(3)
M→数据缓冲寄存器→ALU→
累加寄存器→、数据缓冲寄存器→M

4. M→指令地址寄存器→指令寄存器→ADD
→数据缓冲器→AX.

(1) 24 bit × 30: 720 bit.","data/csbench/student_images/CO_12/ANS_CO_1424.jpg"
"CO_12","ANS_CO_1444","P2","possible_teacher_over_score","13.0","model_avg_score","5.8","7.2","7.2","6.25","4.9","6.25","absolute_disagreement","2.3","False","25.0","5.8","5.8","5.8","5.8","BND","1.8409","high","0.32","0.9","0.48","rubric_mapping_risk","","","","(3)①IR送入数据总线DB主存 数据 ②DR送入通用寄存器GR. 
③经CU发出存取命令到DB主存
④在ALU把数据送入GR.
(4)①取数据经DB送入DR. DR送入运算器ALU. ②重取指①PC送入AR. ③控制器发出命令④PC+1. 取数②IR送入主存. ⑤控制器发出命令.③数据送入DR. 执行④DR数据送入ALU. ⑤UR数据送入ALU. ⑥相加. ⑦结果送入GR. (5)控制存储器容量为2^24 (6)①⌊log₂5⌋=3
②⌊log₂8⌋=3 
③⌊log₂4⌋=4 
④⌊log₂3⌋=2. 
外部条件3个 ⌊log₂30⌋=5 
16 3 5","data/csbench/student_images/CO_12/ANS_CO_1444.jpg"
"CO_12","ANS_CO_1456","P1","possible_teacher_over_score","24.0","model_avg_score","17.7","6.3","6.3","6.25","4.0","6.25","absolute_disagreement","2.3","False","25.0","17.7","17.7","17.7","17.7","BND","1.2472","high","0.0","0.6","0.173333","","","","","(1) a: 数据缓冲寄存器（DR）
b: 指令寄存器（IR）
c: 地址寄存器（AR）
d: 程序计数器（PC）

(2) ① 主存储器M→数据缓冲寄存器DR
把指令从主存中取到数据寄存器中
② DR→IR
再把指令从数据寄存器送到指令寄存器中
③ IR→操作控制器
最后把指令从指令寄存器送到控制器中

(3) 数据存到主存中：① ALU→AC
把ALU中的数据送到累加器中
② AC→DR 把累加器中的数据送到数据寄存器中
③ DR→M 把数据寄存器中的数据送到主存中
从主存中取数据：① M→DR 送到数据寄存器中
② DR→ALU 再从数据寄存器送到ALU中

(4) （一）取指
PC→AR
AR→主存储器M
M→DR
DR→IR
（二）取数
OD→AR
AR→M
M→DR
（三）执行
DR→ALU
AC→ALU
ALU进行加操作
ALU→AC

(5) 包含5个微命令的控制表：5+1=6＜2³
∴占3位
同理，其他3个字段的16个信号，4位、4位
∴3+4+4+2=13位
外部条件3位
∴24-13-3=8位
下址字段8位
∴容量为2^8×16=6144bit

控制字段（6段）图如图所示。","data/csbench/student_images/CO_12/ANS_CO_1456.jpg"
"CO_12","ANS_CO_1460","P1","possible_teacher_over_score","20.0","model_avg_score","7.0","13.0","13.0","6.25","10.7","6.25","absolute_disagreement|within_question_outlier","2.3","False","25.0","7.0","7.0","6.0","6.0","BND","2.1602","high","0.1","1.0","0.293333","","","","","解：(1)a:数据缓存寄存器DR
b:指令寄存器ZR
C:通用寄存器GR
d:程序计数器PC
(2)取指令
PC→AB=1 (AB为地址总线)
ADS=1 I0/M=1 W/非R=0
DB→IR=1 (DB为数据总线)
PC+1
(3)取数据
PC→AB=1
W/非R=0
OD→DB=1
DB→DR=1
(4)执行
DR→ALU=1
AX→ALU=1
ALU+=1
ALU→GR=1
(5)4个互斥类
操作控制字段直接编译法，分别占
3 4 4 2 位
BCF直接控制方式占3位
下址字段BAF占 24-(3+4+4+2)-3=8位
容量为 2^8×2^4 /8 = 768 字节
(6)格式如图所示","data/csbench/student_images/CO_12/ANS_CO_1460.jpg"
"CO_12","ANS_CO_1465","P2","possible_teacher_over_score","22.0","model_avg_score","9.0","13.0","13.0","6.25","10.7","6.25","absolute_disagreement|within_question_outlier","2.3","False","25.0","9.0","9.0","12.0","12.0","BND","2.4495","high","0.0","1.0","0.226667","a3wa_changed_score_materially","","","","(1) a: GR 通用寄存器    c: IR 指令寄存器
b: AR 地址寄存器    d: PC 程序计数器
(2) 指令从主存进入指令寄存器，其地址码进入地址生成部件，其操作码进入指令译码器，将地址生成部件生成的地址和指令译码器的译码内容一同送入控制器。
(3) 数据通过数据线在CPU与主存间运输，数据通过指令写入GR中从而与运算器进行操作。
(4) 取指
PC→IR=1.
W/R=1.
AB→AR=1, DB→DR=1.
PC+1=1.
执行.
OD→GR=1.
ALU(+)=1.
ALU→AX.
(5) 5+1=6. 8+1=9. 14+1=15.
3+1=4. [log₂6]=3
[log₂9]=4. [log₂15]=4
[log₂4]=2.
2⁴-3-4+2-3=8位.
应为2⁸B.
(6) 3位 4位 4位 2位 3位 8位","data/csbench/student_images/CO_12/ANS_CO_1465.jpg"
"CO_12","ANS_CO_1466","P2","possible_teacher_over_score","17.0","model_avg_score","10.7","6.3","6.3","6.25","4.0","6.25","absolute_disagreement","2.3","False","25.0","10.7","10.7","13.7","13.7","BND","1.2472","high","0.08","0.6","0.186667","a3wa_changed_score_materially","","","","(1)
a  DB
b  GB
c  IR
d  PC

(2)
M→DB=1
DB→GB=1
GB→控制器。

(3)
取M→DB=1
  DB→ALU=1
存： ALU→AC=1
    AC→DB=1
    DB→M=1.

(4)
OD→DB=1
DB→ALU=1
ALU→AC=1
AX→DB=1

DB→ALU=1
ALU→AC=1
+=1
AC→DB=1
DB→AX=1

(5)
3+4+4+2=13(位)

(6).
微命令存储：13位
外部条件控制：3位
下址字段 24-13-3=8位.","data/csbench/student_images/CO_12/ANS_CO_1466.jpg"
"CO_12","ANS_CO_1467","P1","possible_teacher_over_score","25.0","model_avg_score","15.8","9.2","9.2","6.25","6.9","6.25","absolute_disagreement|within_question_outlier","2.3","False","25.0","15.8","15.8","15.8","15.8","POS","0.2357","high","0.0","0.1","0.213333","","","","","(1)a:数据寄存器DR b：指令寄存器 c：地址寄存器 d：PC
(2) PC→MAR; MAR→MDR, MDR→DR; PC+1;
(3) M→DR ALU→AC DR→M;
DR→ALU; AC→DR 
(4) PC→MAR;PC→DX; DX→ALU
MAR→MDR; ALU→AC; AC→DR;DR→DX;
MDR→ALU;
(5)根据直接编译法：3+3+4+2=13个
故控制字段为13位
判别位为3位，故下址字段=24-13-3=8(位)
故右主为2^8×24比特
(6)见题(5),存的结构为如图所示:","data/csbench/student_images/CO_12/ANS_CO_1467.jpg"
"CO_12","ANS_CO_1469","P1","possible_teacher_over_score","23.0","model_avg_score","16.0","7.0","7.0","6.25","4.7","6.25","absolute_disagreement","2.3","False","25.0","16.0","16.0","18.5","18.5","BND","1.4142","high","0.08","0.6","0.133333","","","","","解：1) a 数据寄存器 DR
b 地址寄存器 AR
c 指令寄存器 IR
d 程序计数器 PC
2) 主存M→DR
DR→AR
AR→操作控制器
3) 运算器从主存取：M→DR，DR→ALU
运算器存入主存：ALU→AC，AC→DR，DR→M
4) ①取指：PC→AB，W/R=1，ADS，M/IO=1，DB→IR，PC+1
②取数
OD→AR，M→DR，
③执行 DR→ALU，
AX→ALU，‘+’→1，ALU→AX
5) 4个字段类，分别占位数为⌈log₂(5+1)⌉=3，⌈log₂(8+1)⌉=4，⌈log₂(14+1)⌉=4，⌈log₂(3+1)⌉=2，外部条件3个，占3位，则下址字段为24-3-4-4-2-3=8位
则中控存储器容量为2⁸个存储单元，即2⁸×24/8=0.75KB
6) 3 4 4 2 3 8
前13位为微命令，中间3位为外部条件，最后8位为下址字段","data/csbench/student_images/CO_12/ANS_CO_1469.jpg"
"CO_12","ANS_CO_1476","P1","possible_teacher_over_score","31.0","model_avg_score","16.0","15.0","15.0","6.25","12.7","6.25","absolute_disagreement|within_question_outlier","2.3","False","25.0","16.0","16.0","16.0","16.0","POS","0.8165","high","0.08","0.4","0.08","","","","","(1)a:数据寄存器 b:指令寄存器 c:地址寄存器 d:程序计数器
(2) 主存储器M→a→b→操作控制器
(3) ALU→AC→a→主存 主存→a→ALU
(4) GR→ALU a→ALU ALU→AC AC→a a→GR
(5) 2²⁴B = 16MB
(6) 微命令：3位，4位，4位，2位 转移控制：3位
其结构如所示","data/csbench/student_images/CO_12/ANS_CO_1476.jpg"
"CO_13","ANS_CO_1489","P2","possible_teacher_over_score","18.0","model_avg_score","8.7","9.3","9.3","5.0","5.6","5.0","absolute_disagreement|within_question_outlier","3.7","True","20.0","8.7","8.7","12.7","12.7","BND","2.2485","high","0.0","1.0","0.333333","a3wa_changed_score_materially|unstable_model_judgements","","","","（1）CPU 检查是否有中断请求，若有并且 IF=1，允许中断响应
② 保护断点，CS,IP,PSW值入栈
③ 执行中断服务子程序，若有处理优先级更高的
  中断请求，则进入嵌中断子程序处理
④ 处理完毕，返回断点，执行主程序
(2)如图所示","data/csbench/student_images/CO_13/ANS_CO_1489.jpg"
"CO_13","ANS_CO_1490","P1","possible_teacher_over_score","14.0","model_avg_score","6.5","7.5","7.5","5.0","3.8","5.0","absolute_disagreement","3.7","True","20.0","6.5","6.5","6.5","6.5","BND","1.2247","high","0.0","0.75","0.116667","","","","","(1) 关中断，保存断点，引出中断服务程序
(2)如图所示","data/csbench/student_images/CO_13/ANS_CO_1490.jpg"
"CO_13","ANS_CO_1494","P2","possible_teacher_over_score","15.0","model_avg_score","5.7","9.3","9.3","5.0","5.6","5.0","absolute_disagreement|within_question_outlier","3.7","True","20.0","5.7","5.7","5.7","5.7","BND","4.3653","high","0.0","1.0","0.391667","unstable_model_judgements","","","","(1) Cpu运行时，当外设发出中断请求时，判断优先级高低，中断请求优先级低时，CPU先执行完当前先前的命令时后才响应中断；中断优先级高时，CPU停止当前工作立即响应中断；有多个中断源时，判断各个中断源的优先级高低，优先级高的先响应，执行完后再依次响应其他中断请求。
(2)如图所示","data/csbench/student_images/CO_13/ANS_CO_1494.jpg"
"CO_13","ANS_CO_1496","P2","possible_teacher_under_score","14.0","model_avg_score","18.3","-4.3","4.3","5.0","-8.0","5.0","within_question_outlier","3.7","True","20.0","18.3","18.3","18.3","18.3","BND","1.2472","high","0.0","0.75","0.2","","","","","(1)CPU响应中断时要将开中断关闭，否则CPU在执行中断操作时仍会被中断。
CPU响应中断前要记录断点，方便执行完中断后继续返回执行之前未完成的操作。
CPU要先响应中断再置屏蔽字。
(2)如图所示","data/csbench/student_images/CO_13/ANS_CO_1496.jpg"
"CO_13","ANS_CO_1500","P2","possible_teacher_under_score","15.0","model_avg_score","16.3","-1.3","1.3","5.0","-5.0","5.0","within_question_outlier","3.7","True","20.0","16.3","16.3","16.3","16.3","POS","0.2357","high","0.0","0.125","0.0","","","","","(1)CPU中断存在优先级
完成一断路后会向应中断
跳转到中断程序，中断程序执行结束
会返回到中断前的程序，继续执行
(2)如图所示","data/csbench/student_images/CO_13/ANS_CO_1500.jpg"
"CO_13","ANS_CO_1501","P1","possible_teacher_over_score","15.0","model_avg_score","6.7","8.3","8.3","5.0","4.6","5.0","absolute_disagreement","3.7","True","20.0","6.7","6.7","8.7","8.7","BND","1.6997","high","0.0","1.0","0.0","","","","","(1)CPU响应存在响应优先级，先处理响应优先级高的响应，若低优先级A>B则发生响应中断，先要进行中断源A到响应。
(2)如图所示","data/csbench/student_images/CO_13/ANS_CO_1501.jpg"
"CO_13","ANS_CO_1509","P2","possible_teacher_over_score","15.0","model_avg_score","6.3","8.7","8.7","5.0","5.0","5.0","absolute_disagreement|within_question_outlier","3.7","True","20.0","6.3","6.3","10.3","10.3","BND","3.3993","high","0.175","1.0","0.5","rubric_mapping_risk|a3wa_changed_score_materially|unstable_model_judgements","","","","(1)CPU运行周期完成时，外设提出中断请求 CPU判断是否中断请求
确认后实行关中断随后执行中断程序，断程序完成后实行开中断，中断请求完成，CPU继续直到下一中断请求来。
(2)如图所示","data/csbench/student_images/CO_13/ANS_CO_1509.jpg"
"CO_13","ANS_CO_1515","P2","possible_teacher_over_score","16.0","model_avg_score","7.0","9.0","9.0","5.0","5.3","5.0","absolute_disagreement|within_question_outlier","3.7","True","20.0","7.0","7.0","3.0","3.0","BND","4.3205","high","0.0","1.0","0.25","a3wa_changed_score_materially|unstable_model_judgements","","","","（1）cpu在工作中收到中断请求,此时cpu置EINT=1表示可以中断. cpu进行中断服务子程序
(2)如图所示","data/csbench/student_images/CO_13/ANS_CO_1515.jpg"
"CO_13","ANS_CO_1516","P2","possible_teacher_over_score","18.0","model_avg_score","11.7","6.3","6.3","5.0","2.6","5.0","absolute_disagreement","3.7","True","20.0","11.7","11.7","13.7","13.7","BND","1.2472","high","0.0","0.75","0.466667","rubric_mapping_risk","","","","6.
(1)：外部设备发出中断→CPU响应中断→停止程序设置断点→设置屏蔽字(若为多重中断方式)→开中断→执行中断程序(可嵌套中断)→关中断→返回原程序→开中断→执行原程序.

(2)
屏蔽字：
      MD MC MB MA
C     1  1  1  1
B     1  0  1  1
D     1  0  0  1
A     0  0  0  1

题6(2)中断响应及处理过程示意图如图所示。
题6(2)程序运行过程/中断嵌套示意图如图所示。","data/csbench/student_images/CO_13/ANS_CO_1516.jpg"
"CO_13","ANS_CO_1517","P1","possible_teacher_over_score","16.0","model_avg_score","9.5","6.5","6.5","5.0","2.8","5.0","absolute_disagreement","3.7","True","20.0","9.5","9.5","11.0","11.0","BND","0.4082","high","0.0","0.25","0.346429","","","","","（1）外设向接口传送数据满时 向CPU发出中断申请
CPU响应后 进行中断服务子程序处理.

(2)如图所示","data/csbench/student_images/CO_13/ANS_CO_1517.jpg"
"CO_13","ANS_CO_1520","P2","possible_teacher_over_score","20.0","model_avg_score","5.8","14.2","14.2","5.0","10.5","5.0","absolute_disagreement|within_question_outlier","3.7","True","20.0","5.8","5.8","7.3","7.3","BND","2.4608","high","0.0","1.0","0.366667","unstable_model_judgements","","","","(1)先关闭中断，查用散字，保护现场的一些预处理，再开中断，开始运行中断处理程序，再关闭中断，恢复现场的一些后处理。
(2)如图所示","data/csbench/student_images/CO_13/ANS_CO_1520.jpg"
"CO_13","ANS_CO_1521","P2","possible_teacher_over_score","15.0","model_avg_score","9.8","5.2","5.2","5.0","1.5","5.0","absolute_disagreement","3.7","True","20.0","9.8","9.8","5.8","5.8","BND","6.5107","high","0.0","1.0","0.366667","a3wa_changed_score_materially|unstable_model_judgements","","","","(1)当cpu执行程序,收到中断请求,CPU停止原来程序
CPU执行中断程序 按照屏蔽优先级依级执行中断请求
然后进入数据输入输出。
(2)如图所示","data/csbench/student_images/CO_13/ANS_CO_1521.jpg"
"CO_13","ANS_CO_1522","P2","possible_teacher_under_score","8.0","model_avg_score","10.2","-2.2","2.2","5.0","-5.9","5.0","within_question_outlier","3.7","True","20.0","10.2","10.2","6.2","6.2","BND","4.7668","high","0.0","1.0","0.441667","rubric_mapping_risk|a3wa_changed_score_materially|unstable_model_judgements","","","","(1)关中断
↓
设置断点，保护现场
↓
设置中断屏蔽字
↓
开中断
↓
执行中断服务程序
↓
关中断
↓
传送数据，执行中断后处理
↓
返回程序断点
↓
开中断
(2)
A：1111
B：1110
C：1100
D：1000
如图所示","data/csbench/student_images/CO_13/ANS_CO_1522.jpg"
"CO_13","ANS_CO_1525","P2","possible_teacher_under_score","12.0","model_avg_score","13.7","-1.7","1.7","5.0","-5.4","5.0","within_question_outlier","3.7","True","20.0","13.7","13.7","13.7","13.7","BND","3.2998","high","0.0","1.0","0.116667","unstable_model_judgements","","","","解：1）
在CPU正常工作时某中断源发出中断请求，CPU停止当前工作并根据中断源的优先级去判断优先读取哪个中断请求，然后CPU停止当前工作进行请求当完成中断请求即响应
中断完成

2）
由题意知希望CPU处理中断的顺序为C，B，D，A故优先级为
C＞B＞D＞A。
Mi=1时表示屏蔽。
∴ 中断源C的屏蔽字为MD MC MB MA=1111，
中断源B的屏蔽字为MD MC MB MA=1011。
中断源D的屏蔽字为MD MC MB MA=1001
中断源A的屏蔽字为MD MC MB MA=0001

题6时序图如图所示","data/csbench/student_images/CO_13/ANS_CO_1525.jpg"
"CO_13","ANS_CO_1528","P2","possible_teacher_over_score","16.0","model_avg_score","8.7","7.3","7.3","5.0","3.6","5.0","absolute_disagreement","3.7","True","20.0","8.7","8.7","8.7","8.7","BND","4.714","high","0.0","1.0","0.2","unstable_model_judgements","","","","(1)cpu开化许响应中断→响应中断→置屏蔽字,改变响应优先级
→保有现场,便于恢复→关响应中断(cpu处理其它中断时不再响应中断) →依次处理中断 →开响应中断
(2)如图所示","data/csbench/student_images/CO_13/ANS_CO_1528.jpg"
"CO_13","ANS_CO_1529","P1","possible_teacher_over_score","17.0","model_avg_score","3.8","13.2","13.2","5.0","9.5","5.0","absolute_disagreement|within_question_outlier","3.7","True","20.0","3.8","3.8","5.3","5.3","BND","1.8409","high","0.0","1.0","0.25","","","","","(1)当多个外设发出中断请求，CPU依据中断优先级高低顺序，优先选择优先级高的程序进行响应，然后CPU进行一系列中断隐指令。
(2)如图所示","data/csbench/student_images/CO_13/ANS_CO_1529.jpg"
"CO_13","ANS_CO_1535","P1","possible_teacher_over_score","16.0","model_avg_score","8.5","7.5","7.5","5.0","3.8","5.0","absolute_disagreement","3.7","True","20.0","8.5","8.5","10.0","10.0","BND","1.7795","high","0.0","1.0","0.366667","","","","","(1)CPU接收中断请求后停止,当前程序运行，进行子程序运行，若运行时出现另一个中断请求则进行判优判断中断优先级是否进行中断
(2)如图所示","data/csbench/student_images/CO_13/ANS_CO_1535.jpg"
"CO_13","ANS_CO_1537","P2","possible_teacher_over_score","14.0","model_avg_score","8.2","5.8","5.8","5.0","2.1","5.0","absolute_disagreement","3.7","True","20.0","8.2","8.2","10.2","10.2","BND","3.325","high","0.0","1.0","0.308333","unstable_model_judgements","","","","(1) 接收中断申请.保护原操作.进行中断程序.恢复原操作.
(2)如图所示","data/csbench/student_images/CO_13/ANS_CO_1537.jpg"
"CO_13","ANS_CO_1538","P1","possible_teacher_over_score","7.0","model_avg_score","1.3","5.7","5.7","5.0","2.0","5.0","absolute_disagreement","3.7","True","20.0","1.3","1.3","1.3","1.3","BND","0.4714","high","0.2","0.25","0.2","","","","","(1)至外设中断源发出请求时 CPU 将止正在执行的工作；处理中断，进行数据输入输出
(2)如图所示","data/csbench/student_images/CO_13/ANS_CO_1538.jpg"
"CO_13","ANS_CO_1539","P1","possible_teacher_over_score","13.0","model_avg_score","1.0","12.0","12.0","5.0","8.3","5.0","absolute_disagreement|within_question_outlier","3.7","True","20.0","1.0","1.0","1.0","1.0","POS","0.0","high","0.0","0.0","0.175","","","","","(1)CPU接受到中断请求，处理屏蔽条件判断该中断程序是否可执行的中断程序结束，返回主程序。其中中断涉及硬件判优和软件判优
(2)如图所示","data/csbench/student_images/CO_13/ANS_CO_1539.jpg"
"CO_13","ANS_CO_1542","P2","possible_teacher_under_score","14.0","model_avg_score","17.5","-3.5","3.5","5.0","-7.2","5.0","within_question_outlier","3.7","True","20.0","17.5","17.5","17.5","17.5","BND","2.273","high","0.0","1.0","0.383333","unstable_model_judgements","","","","(1)先进行中断请求,后对中断源进行中断判优,优先级高的先进行中断响应,响应过程内应先关中断、存取断电,进行中断响应服务,服务中还可进行多层中断.
(2)如图所示","data/csbench/student_images/CO_13/ANS_CO_1542.jpg"
"CO_13","ANS_CO_1543","P1","possible_teacher_over_score","7.0","model_avg_score","1.0","6.0","6.0","5.0","2.3","5.0","absolute_disagreement","3.7","True","20.0","1.0","1.0","1.0","1.0","BND","0.0","high","0.2","0.0","0.375","","","","","(1)当数据输入或输出结束时，外设向CPU中断源发出信号，然后中断源向CPU发射中断信号，中断CPU对数据的输入或输出。
(2)如图所示","data/csbench/student_images/CO_13/ANS_CO_1543.jpg"
"CO_13","ANS_CO_1548","P2","possible_teacher_over_score","17.0","model_avg_score","8.7","8.3","8.3","5.0","4.6","5.0","absolute_disagreement","3.7","True","20.0","8.7","8.7","8.7","8.7","BND","4.714","high","0.0","1.0","0.308333","unstable_model_judgements","","","","(1)
中断请求 
↓
关中断
↓ 
保留屏蔽字 
↓
开中断 
↓
中断响应
↓ 
关中断 
↓
保留屏蔽字
↓ 
开中断 
↓
(2)如图所示
","data/csbench/student_images/CO_13/ANS_CO_1548.jpg"
"CO_13","ANS_CO_1553","P2","possible_teacher_over_score","17.0","model_avg_score","6.3","10.7","10.7","5.0","7.0","5.0","absolute_disagreement|within_question_outlier","3.7","True","20.0","6.3","6.3","10.3","10.3","BND","3.2998","high","0.0","1.0","0.4375","rubric_mapping_risk|a3wa_changed_score_materially|unstable_model_judgements","","","","(1)关中断、寄存状态、开中断、执行中断程序、保存状态。
(2)如图所示","data/csbench/student_images/CO_13/ANS_CO_1553.jpg"
"CO_13","ANS_CO_1554","P2","possible_teacher_over_score","16.0","model_avg_score","10.7","5.3","5.3","5.0","1.6","5.0","absolute_disagreement","3.7","True","20.0","10.7","10.7","10.7","10.7","BND","6.884","high","0.0","1.0","0.383333","unstable_model_judgements","","","","(1) CPU在运行程序时，若有中断请求，则可能有两种情况：
一种是CPU在接到中断请求后，立即停止运行程序，等待进行
数据输入和输出，完毕后继续运行程序。另一种是CPU在
接到中断请求后并不会立即停下来，而是继续运行，当数据
输入和输出完毕后，接到中断请求后，停下来，完成数据的
存储和转移等操作，之后继续运行程序。

(2) 屏蔽字对应如下：
        M_D  M_C  M_B  M_A
M_D      1    0    0    1
M_C      1    1    1    1
M_B      1    0    1    1
M_A      0    0    0    1

轨迹如下：
轨迹图如图所示。","data/csbench/student_images/CO_13/ANS_CO_1554.jpg"
"CO_13","ANS_CO_1555","P2","possible_teacher_over_score","16.0","model_avg_score","10.5","5.5","5.5","5.0","1.8","5.0","absolute_disagreement","3.7","True","20.0","10.5","10.5","14.5","14.5","BND","6.0964","high","0.0","1.0","0.466667","rubric_mapping_risk|a3wa_changed_score_materially|unstable_model_judgements","","","","(1)CPU收到中断信号
经过中断服务子程序，根据中断响应优先级，若多个中断同时请求，
则按照优先级逐个响应。
(2)如图所示","data/csbench/student_images/CO_13/ANS_CO_1555.jpg"
"CO_13","ANS_CO_1557","P1","possible_teacher_over_score","17.0","model_avg_score","11.5","5.5","5.5","5.0","1.8","5.0","absolute_disagreement","3.7","True","20.0","11.5","11.5","11.5","11.5","BND","1.0801","high","0.0","0.625","0.2","","","","","(1)中断请求到来→同意中断→现场保存→执行中断服务程序→恢复现场
(2)如图所示","data/csbench/student_images/CO_13/ANS_CO_1557.jpg"
"CO_13","ANS_CO_1558","P1","possible_teacher_over_score","20.0","model_avg_score","12.5","7.5","7.5","5.0","3.8","5.0","absolute_disagreement","3.7","True","20.0","12.5","12.5","14.5","14.5","BND","1.0801","high","0.0","0.625","0.358333","","","","","(1)关中断→保护中断现场→响应中断源并置屏蔽字→开中断→中断服务执行→关中断→恢复中断现场→恢复屏蔽字→开中断.
(2)如图所示","data/csbench/student_images/CO_13/ANS_CO_1558.jpg"
"CO_13","ANS_CO_1559","P1","possible_teacher_over_score","17.0","model_avg_score","9.2","7.8","7.8","5.0","4.1","5.0","absolute_disagreement","3.7","True","20.0","9.2","9.2","9.2","9.2","POS","0.2357","high","0.0","0.125","0.175","","","","","(1)首先CPU在完成一个时间周期后，会判断自己是否收到了中断请求，然后CPU会检查是否禁用中断，若不则保存当前状态，关闭中断然后执行中断服务子程序，执行完毕之后开启中断并恢复现场，持续执行。
(2)如图所示","data/csbench/student_images/CO_13/ANS_CO_1559.jpg"
"CO_13","ANS_CO_1566","P1","possible_teacher_over_score","17.0","model_avg_score","11.3","5.7","5.7","5.0","2.0","5.0","absolute_disagreement","3.7","True","20.0","11.3","11.3","11.3","11.3","POS","0.6236","high","0.0","0.375","0.175","","","","","(1)当任何一个中断源发出中断申请：
CPU先开中断，收到中断信号后关闭中断，然后进行中断服务，保存断点信息，之后开中断（允许中断嵌套），然后关闭中断，执行中断子程序，恢复断点信息，最后开中断。
(2)如图所示","data/csbench/student_images/CO_13/ANS_CO_1566.jpg"
"CO_13","ANS_CO_1567","P2","possible_teacher_over_score","18.0","model_avg_score","5.8","12.2","12.2","5.0","8.5","5.0","absolute_disagreement|within_question_outlier","3.7","True","20.0","5.8","5.8","9.8","9.8","BND","2.095","high","0.0","1.0","0.366667","a3wa_changed_score_materially|unstable_model_judgements","","","","(1)CPU正常运算时，外设发生中断请求信号，若CPU的EINT=1,CPU会屏蔽中断请求，当EINT=0,CPU允许响应中断。此时CPU将PC程序计数器和数据缓冲寄存器DR中的数据压入堆栈，保护现场。CPU执行中断服务子程序后，PC和DR数据出栈，中断请求结束。
(2)如图所示","data/csbench/student_images/CO_13/ANS_CO_1567.jpg"
"CO_13","ANS_CO_1574","P2","possible_teacher_over_score","17.0","model_avg_score","12.0","5.0","5.0","5.0","1.3","5.0","absolute_disagreement","3.7","True","20.0","12.0","12.0","16.0","16.0","BND","1.4142","high","0.0","0.75","0.283333","a3wa_changed_score_materially","","","","(1)cpu收到中断信号后，判断可以进行中断操作，关中断，
当前运行位置，保护现场，必要信息入栈后转到相应区块，
处理中断结束后，从栈中取出必要信息，转回中断前区域，恢复
现场后开中断，继续原有工作。","data/csbench/student_images/CO_13/ANS_CO_1574.jpg"
"CO_13","ANS_CO_1576","P2","possible_teacher_over_score","15.0","model_avg_score","8.0","7.0","7.0","5.0","3.3","5.0","absolute_disagreement","3.7","True","20.0","8.0","8.0","12.0","12.0","BND","0.8165","high","0.0","0.5","0.175","a3wa_changed_score_materially","","","","(1)请求中断→检验中断点→进行中断→返回中断点
(2)如图所示","data/csbench/student_images/CO_13/ANS_CO_1576.jpg"
"CO_13","ANS_CO_1578","P2","possible_teacher_over_score","15.0","model_avg_score","4.2","10.8","10.8","5.0","7.1","5.0","absolute_disagreement|within_question_outlier","3.7","True","20.0","4.2","4.2","5.2","5.2","BND","2.2485","high","0.0","1.0","0.308333","unstable_model_judgements","","","","1) CPU响应中断：
首先是向CPU请求中断，CPU收到请求后进行中断判优，判断中断的优先次序，然后按照中断的优先级高低进行中断程序，最后执行完毕，继续运行。

2)
中断源屏蔽字表如图所示。

中断处理时序图如图所示。","data/csbench/student_images/CO_13/ANS_CO_1578.jpg"
"CO_13","ANS_CO_1579","P1","possible_teacher_over_score","18.0","model_avg_score","12.0","6.0","6.0","5.0","2.3","5.0","absolute_disagreement","3.7","True","20.0","12.0","12.0","13.0","13.0","BND","1.4142","high","0.0","0.75","0.116667","","","","","(1)CPU正常工作，外设发送中断请求到系统总线上，CPU响应中断，进入中断服务子程序，经历中断周期
(2)如图所示","data/csbench/student_images/CO_13/ANS_CO_1579.jpg"
"CO_13","ANS_CO_1580","P1","possible_teacher_over_score","13.0","model_avg_score","8.0","5.0","5.0","5.0","1.3","5.0","absolute_disagreement","3.7","True","20.0","8.0","8.0","8.0","8.0","POS","0.0","high","0.0","0.0","0.0","","","","","(1)答
(2)如图所示","data/csbench/student_images/CO_13/ANS_CO_1580.jpg"
"CO_13","ANS_CO_1581","P1","possible_teacher_under_score","11.0","model_avg_score","18.3","-7.3","7.3","5.0","-11.0","5.0","absolute_disagreement|within_question_outlier","3.7","True","20.0","18.3","18.3","18.3","18.3","BND","1.2472","high","0.0","0.75","0.083333","","","","","(1)CPU的响应中断后进行中断隐指令分别为关中断，保存断点，进入中断服务程序。
(2)如图所示","data/csbench/student_images/CO_13/ANS_CO_1581.jpg"
"CO_13","ANS_CO_1584","P2","possible_teacher_over_score","14.0","model_avg_score","6.3","7.7","7.7","5.0","4.0","5.0","absolute_disagreement","3.7","True","20.0","6.3","6.3","6.3","6.3","BND","2.7183","high","0.0","1.0","0.133333","unstable_model_judgements","","","","(1)当请求中断时，CPU暂停执行原本的任务，响应中断，根据中断源的优先级处理中断，处理完成后，中断结束，CPU继续执行原有的程序
(2)如图所示","data/csbench/student_images/CO_13/ANS_CO_1584.jpg"
"CO_13","ANS_CO_1587","P2","possible_teacher_under_score","13.0","model_avg_score","16.2","-3.2","3.2","5.0","-6.9","5.0","within_question_outlier","3.7","True","20.0","16.2","16.2","16.2","16.2","BND","1.5456","high","0.0","0.875","0.116667","","","","","(1)接收中断信号→进行中断优先级判断→中断主程序→进入中断处理程序→恢复主程序
(2)如图所示","data/csbench/student_images/CO_13/ANS_CO_1587.jpg"
"CO_13","ANS_CO_1589","P2","possible_teacher_under_score","12.0","model_avg_score","16.8","-4.8","4.8","5.0","-8.5","5.0","within_question_outlier","3.7","True","20.0","16.8","16.8","16.8","16.8","POS","0.6236","high","0.0","0.375","0.0","","","","","(1)中断响应应发出后,若此中断源的优先级高于CPU运行中的,则被中断,此中断源响应结束后,继续刚才被中断的运行,若此中断源的优先级低于CPU运行中的,则不产生中断.
(2)如图所示","data/csbench/student_images/CO_13/ANS_CO_1589.jpg"
"CO_13","ANS_CO_1592","P1","possible_teacher_over_score","17.0","model_avg_score","10.0","7.0","7.0","5.0","3.3","5.0","absolute_disagreement","3.7","True","20.0","10.0","10.0","10.0","10.0","POS","0.8165","high","0.0","0.5","0.116667","","","","","(1)首先CPU接到中断请求
②保存断点
③关中断
④进行中断处理
⑤开中断
⑥读取断点，继续处理原程序.
(2)如图所示","data/csbench/student_images/CO_13/ANS_CO_1592.jpg"
"CO_13","ANS_CO_1595","P2","possible_teacher_over_score","17.0","model_avg_score","8.2","8.8","8.8","5.0","5.1","5.0","absolute_disagreement|within_question_outlier","3.7","True","20.0","8.2","8.2","12.2","12.2","BND","2.2485","high","0.0","1.0","0.25","a3wa_changed_score_materially|unstable_model_judgements","","","","(1) CPU判断是否有中断指令，若无则不中断，若有则进入中断周期取中断指令，保护现场，关中断，然后进入中断服务子程序，传出中断向量，执行完毕，中断恢复，开中断，再次循环
(2)如图所示","data/csbench/student_images/CO_13/ANS_CO_1595.jpg"
"CO_13","ANS_CO_1596","P1","possible_teacher_over_score","11.0","model_avg_score","6.0","5.0","5.0","5.0","1.3","5.0","absolute_disagreement","3.7","True","20.0","6.0","6.0","6.0","6.0","BND","1.7795","high","0.0","1.0","0.116667","","","","","(1)首先中断源外设发出请求，中断指整传率前至CPU，CPU完成当前执行命令的时钟周期后发生响应，中断当前操作。
(2)如图所示","data/csbench/student_images/CO_13/ANS_CO_1596.jpg"
"CO_13","ANS_CO_1597","P2","possible_teacher_over_score","16.0","model_avg_score","7.3","8.7","8.7","5.0","5.0","5.0","absolute_disagreement|within_question_outlier","3.7","True","20.0","7.3","7.3","8.8","8.8","BND","4.17","high","0.0","1.0","0.433333","rubric_mapping_risk|unstable_model_judgements","","","","(1)外设发出中断申请，CPU进入中断周期，CPU保护中断现场，接着CPU启动中断服务子程序，最终完成一次中断。
(2)如图所示","data/csbench/student_images/CO_13/ANS_CO_1597.jpg"
"CO_13","ANS_CO_1598","P2","possible_teacher_over_score","18.0","model_avg_score","7.0","11.0","11.0","5.0","7.3","5.0","absolute_disagreement|within_question_outlier","3.7","True","20.0","7.0","7.0","11.0","11.0","BND","1.633","high","0.175","1.0","0.258333","a3wa_changed_score_materially","","","","(1)关中断→保护现场→开中断→执行中断服务→关中断→恢复现场→开中断.
(2)如图所示","data/csbench/student_images/CO_13/ANS_CO_1598.jpg"
"CO_13","ANS_CO_1602","P1","possible_teacher_over_score","19.0","model_avg_score","6.5","12.5","12.5","5.0","8.8","5.0","absolute_disagreement|within_question_outlier","3.7","True","20.0","6.5","6.5","6.5","6.5","BND","1.472","high","0.0","0.875","0.2","","","","","6.(1) 当有中断源发出中断请求并且此时CPU允许有中断响应，CPU会响应
中断。接着首先要关中断，防止其他中断响应。然后保存断点，保护现场，
确保执行中断服务程序之后能回到主程序中。随后进入并执行中断服务
程序。执行结束后返回原位置，开中断，继续执行主程序。
如果是多重中断则继续嵌套执行
(2) 屏蔽字表格和时序图如图所示","data/csbench/student_images/CO_13/ANS_CO_1602.jpg"
"CO_13","ANS_CO_1604","P2","possible_teacher_over_score","14.0","model_avg_score","6.0","8.0","8.0","5.0","4.3","5.0","absolute_disagreement","3.7","True","20.0","6.0","6.0","2.0","2.0","BND","2.9439","high","0.175","1.0","0.308333","a3wa_changed_score_materially|unstable_model_judgements","","","","解：
①关中断.②执行中断.③解除关中断.④新的中断到来.关中断

（真值表如表所示）

（中断执行时序图如图所示）","data/csbench/student_images/CO_13/ANS_CO_1604.jpg"
"CO_13","ANS_CO_1605","P2","possible_teacher_over_score","16.0","model_avg_score","7.0","9.0","9.0","5.0","5.3","5.0","absolute_disagreement|within_question_outlier","3.7","True","20.0","7.0","7.0","9.0","9.0","BND","3.266","high","0.0","1.0","0.308333","unstable_model_judgements","","","","(1)当CPU收到中断请求后，封存正在执行的程序，来响应中断请求，CPU在处理完中断请求后，再回到封存处继续执行原来的程序。
(2)如图所示","data/csbench/student_images/CO_13/ANS_CO_1605.jpg"
"CO_13","ANS_CO_1607","P2","possible_teacher_under_score","16.0","model_avg_score","18.5","-2.5","2.5","5.0","-6.2","5.0","within_question_outlier","3.7","True","20.0","18.5","18.5","18.5","18.5","POS","0.7071","high","0.0","0.375","0.0","","","","","(1)关中断、保存断点、中断响应、保存现场、中断服务执行、开中断、恢复现场
(2)如图所示","data/csbench/student_images/CO_13/ANS_CO_1607.jpg"
"CO_13","ANS_CO_1609","P2","possible_teacher_over_score","14.0","model_avg_score","5.5","8.5","8.5","5.0","4.8","5.0","absolute_disagreement","3.7","True","20.0","5.5","5.5","5.5","5.5","BND","3.0822","high","0.0","1.0","0.275","unstable_model_judgements","","","","(1)CPU接收指令，按优先级处理指令，中途接收到指令的屏蔽或中断判断是否中断指令，若后来指令优先级高，则中断当前指令执行新指令，执行完毕恢复先前指令继续执行。","data/csbench/student_images/CO_13/ANS_CO_1609.jpg"
"CO_13","ANS_CO_1610","P2","possible_teacher_over_score","18.0","model_avg_score","7.2","10.8","10.8","5.0","7.1","5.0","absolute_disagreement|within_question_outlier","3.7","True","20.0","7.2","7.2","11.2","11.2","BND","4.17","high","0.0","1.0","0.25","a3wa_changed_score_materially|unstable_model_judgements","","","","(1)关中断，保护断点及现场，比较优先级，开中断，执行中断程序，回到主程序断点。
(2)如图所示","data/csbench/student_images/CO_13/ANS_CO_1610.jpg"
"CO_13","ANS_CO_1611","P2","possible_teacher_over_score","15.0","model_avg_score","8.2","6.8","6.8","5.0","3.1","5.0","absolute_disagreement","3.7","True","20.0","8.2","8.2","9.2","9.2","BND","2.095","high","0.0","1.0","0.0","unstable_model_judgements","","","","(1)外设发出中断请求,若CPU已响应其他中断请求,则进入等待,直到CPU完成相应中断后,则响应该外设中断请求.
(2)如图所示","data/csbench/student_images/CO_13/ANS_CO_1611.jpg"
"CO_13","ANS_CO_1614","P2","possible_teacher_over_score","15.0","model_avg_score","8.3","6.7","6.7","5.0","3.0","5.0","absolute_disagreement","3.7","True","20.0","8.3","8.3","10.3","10.3","BND","2.357","high","0.0","1.0","0.133333","unstable_model_judgements","","","","(1)开中断,遇中断,关中断,执行中断服务子程序,开中断.
(2)如图所示","data/csbench/student_images/CO_13/ANS_CO_1614.jpg"
"CO_13","ANS_CO_1615","P2","possible_teacher_over_score","16.0","model_avg_score","6.5","9.5","9.5","5.0","5.8","5.0","absolute_disagreement|within_question_outlier","3.7","True","20.0","6.5","6.5","10.5","10.5","BND","2.5495","high","0.0","1.0","0.366667","a3wa_changed_score_materially|unstable_model_judgements","","","","(1)CPU在执行指令的时期，中断源发出请求，若中断优先级高于该指令时，则暂停执行该指令，执行中断源指令
(2)如图所示","data/csbench/student_images/CO_13/ANS_CO_1615.jpg"
"CO_13","ANS_CO_1616","P2","possible_teacher_over_score","14.0","model_avg_score","5.3","8.7","8.7","5.0","5.0","5.0","absolute_disagreement|within_question_outlier","3.7","True","20.0","5.3","5.3","8.3","8.3","BND","0.9428","high","0.25","0.5","0.366667","a3wa_changed_score_materially","","","","(1)
(2)如图所示","data/csbench/student_images/CO_13/ANS_CO_1616.jpg"
"CO_13","ANS_CO_1617","P2","possible_teacher_over_score","19.0","model_avg_score","13.0","6.0","6.0","5.0","2.3","5.0","absolute_disagreement","3.7","True","20.0","13.0","13.0","13.0","13.0","BND","4.9666","high","0.0","1.0","0.5","rubric_mapping_risk|unstable_model_judgements","","","","(1)当CPU接收到中断信号且IF=1时，CPU中止当前运行的程序
CPU响应该中断并进行关中断、保护现场、入栈等操作。
若允许多级中断，则此处开中断，若不允许则不开。
接着CPU运行中断服务子程序，运行完后关中断，进行恢
复现场等操作，接着开中断，并返回之前未运行完的程序处。
多个同时中断还需进行中断优先。
(2)
屏蔽字
  MD MC MB MA
A 0  0  0   1
B 1  0  1   1
C 1  1  1   1
D 1  0  0   1
程序轨迹图如图所示","data/csbench/student_images/CO_13/ANS_CO_1617.jpg"
"CO_13","ANS_CO_1626","P2","possible_teacher_under_score","17.0","model_avg_score","18.3","-1.3","1.3","5.0","-5.0","5.0","within_question_outlier","3.7","True","20.0","18.3","18.3","18.3","18.3","BND","2.0138","high","0.0","1.0","0.2","unstable_model_judgements","","","","(1)CPU得到中断信号.先保存断点，将原先运行的程序的断点地址压入栈中.再关中断，把要跳转的地址送入PC。执行结束，将栈中地址取出，继续执行原先的程序。
(2)如图所示","data/csbench/student_images/CO_13/ANS_CO_1626.jpg"
"CO_13","ANS_CO_1629","P2","possible_teacher_over_score","15.0","model_avg_score","6.7","8.3","8.3","5.0","4.6","5.0","absolute_disagreement","3.7","True","20.0","6.7","6.7","6.7","6.7","BND","2.9533","high","0.0","1.0","0.25","unstable_model_judgements","","","","(1)CPU在用指令操作过程中，从中断源笔向CPU发出中断请求。
CPU要对中断请求进行审核，通过审核则保留现场，
执行中断源处的指令操作，执行完后再回归原来的现场，
解除封锁，继续运行原来的本指令操作
(2)如图所示","data/csbench/student_images/CO_13/ANS_CO_1629.jpg"
"CO_13","ANS_CO_1630","P2","possible_teacher_over_score","11.0","model_avg_score","2.8","8.2","8.2","5.0","4.5","5.0","absolute_disagreement","3.7","True","20.0","2.8","2.8","2.8","2.8","BND","2.2485","high","0.0","1.0","0.333333","unstable_model_judgements","","","","(1)CPU收到对应屏蔽字,更改电平,与外设向连接切换为中断方式 等待屏蔽字恢复为正常信号与外设重联
(2)如图所示","data/csbench/student_images/CO_13/ANS_CO_1630.jpg"
"CO_13","ANS_CO_1632","P2","possible_teacher_over_score","15.0","model_avg_score","9.2","5.8","5.8","5.0","2.1","5.0","absolute_disagreement","3.7","True","20.0","9.2","9.2","11.2","11.2","BND","2.2485","high","0.0","1.0","0.175","unstable_model_judgements","","","","解(1)CPU先运行正常程序，遇到中断信号，则记录保存断点，开始运行中断程序，运行完毕继续从刚才保存断点处运行正常程序.
(2)如图所示","data/csbench/student_images/CO_13/ANS_CO_1632.jpg"
"CO_13","ANS_CO_1633","P1","possible_teacher_over_score","9.0","model_avg_score","3.0","6.0","6.0","5.0","2.3","5.0","absolute_disagreement","3.7","True","20.0","3.0","3.0","3.0","3.0","BND","1.633","high","0.0","1.0","0.366667","","","","","(1)中断源发出请求，CPU响应并中断相应外设.
(2)如图所示","data/csbench/student_images/CO_13/ANS_CO_1633.jpg"
"CO_13","ANS_CO_1637","P2","possible_teacher_under_score","5.0","model_avg_score","13.3","-8.3","8.3","5.0","-12.0","5.0","absolute_disagreement|within_question_outlier","3.7","True","20.0","13.3","13.3","13.3","13.3","BND","2.8674","high","0.0","1.0","0.266667","unstable_model_judgements","","","","(1) CPU在正常运行时，收到中断源的信号中止程序的运行转而去响应中断源，在完成中断源中断程序的执行后，再回到原程序的断点继续运行。
(2)如图所示","data/csbench/student_images/CO_13/ANS_CO_1637.jpg"
"CO_13","ANS_CO_1640","P2","possible_teacher_over_score","15.0","model_avg_score","1.5","13.5","13.5","5.0","9.8","5.0","absolute_disagreement|within_question_outlier","3.7","True","20.0","1.5","1.5","1.5","1.5","BND","0.4082","high","0.375","0.25","0.5625","rubric_mapping_risk","","","","(1)CPU收到中断请求后，会暂停当前工作，进行中断服务，其他请求进入等待状态，当前中断服务完成后，会进行中断恢复，继续响应之前收到的请求。
(2)如图所示","data/csbench/student_images/CO_13/ANS_CO_1640.jpg"
"CO_13","ANS_CO_1643","P2","possible_teacher_over_score","16.0","model_avg_score","10.8","5.2","5.2","5.0","1.5","5.0","absolute_disagreement","3.7","True","20.0","10.8","10.8","9.8","9.8","BND","5.3281","high","0.0","1.0","0.366667","unstable_model_judgements","","","","(1) 外设发出中断请求，中断请求经过排队电路后按优先级进入CPU并得到处理
(2)如图所示。","data/csbench/student_images/CO_13/ANS_CO_1643.jpg"
"CO_2","ANS_CO_518","P2","possible_teacher_over_score","15.0","model_avg_score","9.2","5.8","5.8","5.0","1.8","5.0","absolute_disagreement","4.0","True","20.0","9.2","9.2","13.2","13.2","BND","2.0138","high","0.25","1.0","0.583333","rubric_mapping_risk|a3wa_changed_score_materially|unstable_model_judgements","","","","解：
中断处理优先级：A > D > C > E > B.
A中断屏蔽字为空.A,B,C,D,E D中断屏蔽字为B,C,D,E
B中断屏蔽字为 B
 E中断屏蔽字为E
C中断屏蔽字为B,C,E
(2)如图所示","data/csbench/student_images/CO_2/ANS_CO_518.jpg"
"CO_2","ANS_CO_520","P2","possible_teacher_over_score","15.0","model_avg_score","6.7","8.3","8.3","5.0","4.3","5.0","absolute_disagreement","4.0","True","20.0","6.7","6.7","6.7","6.7","BND","2.4944","low","0.5","1.0","0.633333","extraction_risk|rubric_mapping_risk|unstable_model_judgements","","","","(1)中断响应优先级为A>B>C>D>E.
(2)同时出现ABC级中断请求，在处理c级中断时又出现DE级请求
如图所示","data/csbench/student_images/CO_2/ANS_CO_520.jpg"
"CO_2","ANS_CO_523","P2","possible_teacher_over_score","18.0","model_avg_score","5.3","12.7","12.7","5.0","8.7","5.0","absolute_disagreement|within_question_outlier","4.0","True","20.0","5.3","5.3","1.3","1.3","BND","3.3993","high","0.0","1.0","0.433333","rubric_mapping_risk|a3wa_changed_score_materially|unstable_model_judgements","","","","（1）画出处理优先级：A > D > C > E > B
慢 A级 10000 D级01000 C级00100 E级00010 B级00001
(2)如图所示","data/csbench/student_images/CO_2/ANS_CO_523.jpg"
"CO_2","ANS_CO_524","P2","possible_teacher_over_score","18.0","model_avg_score","6.5","11.5","11.5","5.0","7.5","5.0","absolute_disagreement|within_question_outlier","4.0","True","20.0","6.5","6.5","6.5","6.5","BND","3.8944","high","0.0","1.0","0.266667","unstable_model_judgements","","","","(1)：由题意得：A级的优先级最高，B级优先级最低。D级优先级第二，C级第三，E级第四，即A>D>C>E>B.如表格所示
(2)如图所示","data/csbench/student_images/CO_2/ANS_CO_524.jpg"
"CO_2","ANS_CO_526","P2","possible_teacher_over_score","20.0","model_avg_score","4.0","16.0","16.0","5.0","12.0","5.0","absolute_disagreement|within_question_outlier","4.0","True","20.0","4.0","4.0","4.0","4.0","BND","2.8284","high","0.2","1.0","0.366667","unstable_model_judgements","","","","（1）A > D > C > E > B 如表格所示
(2)如图所示","data/csbench/student_images/CO_2/ANS_CO_526.jpg"
"CO_2","ANS_CO_528","P2","possible_teacher_over_score","15.0","model_avg_score","4.7","10.3","10.3","5.0","6.3","5.0","absolute_disagreement|within_question_outlier","4.0","True","20.0","4.7","4.7","8.7","8.7","BND","1.8856","high","0.3","1.0","0.433333","rubric_mapping_risk|a3wa_changed_score_materially","","","","(1)中断处理优先级为A>D>C>E>B.
A级中断源无中断屏蔽字，B级中断源为A、D、C、E，C级中断源为A、D，
D级中断源为A，E级中断源为A、D、C
(2)如图所示","data/csbench/student_images/CO_2/ANS_CO_528.jpg"
"CO_2","ANS_CO_530","P2","possible_teacher_over_score","15.0","model_avg_score","3.3","11.7","11.7","5.0","7.7","5.0","absolute_disagreement|within_question_outlier","4.0","True","20.0","3.3","3.3","3.3","3.3","BND","1.8856","low","0.5","1.0","0.7","extraction_risk|rubric_mapping_risk","","","","(1)中断处理优先级排列顺序：
A>D>C>E>B
A可以屏蔽A.D.C.E.B；D可以屏蔽D.C.E.B；C可以屏蔽E.B；C.
E可以屏蔽BE,B可以屏蔽B.
(2)如图所示","data/csbench/student_images/CO_2/ANS_CO_530.jpg"
"CO_2","ANS_CO_532","P2","possible_teacher_over_score","20.0","model_avg_score","7.8","12.2","12.2","5.0","8.2","5.0","absolute_disagreement|within_question_outlier","4.0","True","20.0","7.8","7.8","11.8","11.8","BND","0.8498","high","0.0","0.5","0.133333","a3wa_changed_score_materially","","","","解.（1） 中断屏蔽字 中断源 
A B C D E 
A 1 1 1 11 
B 0 1 0 00 
C 0 1 10 1 
D 0 1 11 1 
E 0 1 00 1 中断处理优先级: A>D>C>E>B
(2)如图所示","data/csbench/student_images/CO_2/ANS_CO_532.jpg"
"CO_2","ANS_CO_533","P2","possible_teacher_over_score","20.0","model_avg_score","14.0","6.0","6.0","5.0","2.0","5.0","absolute_disagreement","4.0","True","20.0","14.0","14.0","16.0","16.0","BND","8.4853","high","0.0","1.0","0.3","unstable_model_judgements","","","","（1）处理优先级：A>D>C>E>B
中断屏蔽子如表所示
(2)如图所示","data/csbench/student_images/CO_2/ANS_CO_533.jpg"
"CO_2","ANS_CO_535","P2","possible_teacher_over_score","20.0","model_avg_score","11.0","9.0","9.0","5.0","5.0","5.0","absolute_disagreement|within_question_outlier","4.0","True","20.0","11.0","11.0","7.0","7.0","BND","3.7417","high","0.0","1.0","0.366667","a3wa_changed_score_materially|unstable_model_judgements","","","","A>D>C>E>B 
A A B C D E
A 1 1 1 1
B 0 1 0 0 0
C 0 1 1 0 1
D 0 1 1 1 1
E 0 1 0 0 1 
(2)如图所示","data/csbench/student_images/CO_2/ANS_CO_535.jpg"
"CO_2","ANS_CO_537","P2","possible_teacher_over_score","20.0","model_avg_score","10.0","10.0","10.0","5.0","6.0","5.0","absolute_disagreement|within_question_outlier","4.0","True","20.0","10.0","10.0","10.0","10.0","BND","4.3205","high","0.0","1.0","0.3","unstable_model_judgements","","","","(1)A>D>C>E>B
中断屏蔽字如表所示
(2)如图所示","data/csbench/student_images/CO_2/ANS_CO_537.jpg"
"CO_2","ANS_CO_540","P2","possible_teacher_over_score","18.0","model_avg_score","5.0","13.0","13.0","5.0","9.0","5.0","absolute_disagreement|within_question_outlier","4.0","True","20.0","5.0","5.0","5.0","5.0","BND","2.9439","high","0.0","1.0","0.1","unstable_model_judgements","","","","解：根据题中所给信息可得处理优先级为A>D>C>E>B。
各中断源的屏蔽字为：
A:00000
B:10111
C:10010
D:10000
E:10110
(2)如图所示","data/csbench/student_images/CO_2/ANS_CO_540.jpg"
"CO_2","ANS_CO_542","P1","possible_teacher_over_score","18.0","model_avg_score","10.0","8.0","8.0","5.0","4.0","5.0","absolute_disagreement","4.0","True","20.0","10.0","10.0","10.0","10.0","POS","0.0","high","0.0","0.0","0.0","","","","","解: 中断处理优先级 A B C D E
A 1 1 1 1 1
B 0 1 0 0 0
C 0 1 1 0 1
D 0 1 1 1 1
E 0 1 0 0 1
A > D > C > E > B
A的中断屏蔽字为11111
B 为01000
C 为01101
D 为01111
E 为01001
(2)如图所示","data/csbench/student_images/CO_2/ANS_CO_542.jpg"
"CO_2","ANS_CO_546","P2","possible_teacher_over_score","20.0","model_avg_score","6.0","14.0","14.0","5.0","10.0","5.0","absolute_disagreement|within_question_outlier","4.0","True","20.0","6.0","6.0","2.0","2.0","BND","3.266","high","0.25","1.0","0.641667","rubric_mapping_risk|a3wa_changed_score_materially|unstable_model_judgements","","","","中断处理优先级：
A>D>C>E>B
中断屏蔽字：
如图所示
(2)如图所示","data/csbench/student_images/CO_2/ANS_CO_546.jpg"
"CO_2","ANS_CO_547","P2","possible_teacher_over_score","18.0","model_avg_score","12.7","5.3","5.3","5.0","1.3","5.0","absolute_disagreement","4.0","True","20.0","12.7","12.7","12.7","12.7","BND","7.7172","high","0.0","1.0","0.433333","rubric_mapping_risk|unstable_model_judgements","","","","(1)∴A>D>C>E>B.
中断屏蔽字如图所示
(2)响应优先级A>B>C>D>E
如图所示","data/csbench/student_images/CO_2/ANS_CO_547.jpg"
"CO_2","ANS_CO_551","P2","possible_teacher_over_score","18.0","model_avg_score","4.7","13.3","13.3","5.0","9.3","5.0","absolute_disagreement|within_question_outlier","4.0","True","20.0","4.7","4.7","0.7","0.7","BND","1.8856","low","0.5","1.0","0.633333","extraction_risk|rubric_mapping_risk|a3wa_changed_score_materially","","","","解：(1)排列顺序为 A>D>C>E>B
(2)如图所示","data/csbench/student_images/CO_2/ANS_CO_551.jpg"
"CO_2","ANS_CO_552","P2","possible_teacher_over_score","20.0","model_avg_score","10.0","10.0","10.0","5.0","6.0","5.0","absolute_disagreement|within_question_outlier","4.0","True","20.0","10.0","10.0","10.0","10.0","BND","4.3205","high","0.0","1.0","0.3","unstable_model_judgements","","","","(1)A>D>C>E>B
A: 1 1 1 1 1
B: 0 1 0 0 0
C: 0 1 1 0 1
D: 0 1 1 1 1
E: 0 1 0 0 1
(2)如图所示","data/csbench/student_images/CO_2/ANS_CO_552.jpg"
"CO_2","ANS_CO_557","P2","possible_teacher_over_score","18.0","model_avg_score","12.0","6.0","6.0","5.0","2.0","5.0","absolute_disagreement","4.0","True","20.0","12.0","12.0","16.0","16.0","BND","2.8284","high","0.0","1.0","0.466667","rubric_mapping_risk|a3wa_changed_score_materially|unstable_model_judgements","","","","角平：(1)中断处理程序优先级：A>D>C>E>B 中断屏蔽字如图。
(2)如图所示","data/csbench/student_images/CO_2/ANS_CO_557.jpg"
"CO_2","ANS_CO_559","P2","possible_teacher_over_score","20.0","model_avg_score","7.3","12.7","12.7","5.0","8.7","5.0","absolute_disagreement|within_question_outlier","4.0","True","20.0","7.3","7.3","3.3","3.3","BND","1.8856","high","0.0","1.0","0.133333","a3wa_changed_score_materially","","","","由题意可知 中断处理优先级为A>D>C>E>B
中断屏蔽字如表所示
(2)如图所示","data/csbench/student_images/CO_2/ANS_CO_559.jpg"
"CO_2","ANS_CO_562","P1","possible_teacher_over_score","15.0","model_avg_score","2.0","13.0","13.0","5.0","9.0","5.0","absolute_disagreement|within_question_outlier","4.0","True","20.0","2.0","2.0","2.0","2.0","POS","0.0","high","0.0","0.0","0.0","","","","","(1) 中断处理优先级为A>D>C>E>B
A: 00000
B: 10111
C: 10010
D: 10000
E: 10110
(2)如图所示","data/csbench/student_images/CO_2/ANS_CO_562.jpg"
"CO_2","ANS_CO_565","P2","possible_teacher_over_score","18.0","model_avg_score","9.2","8.8","8.8","5.0","4.8","5.0","absolute_disagreement","4.0","True","20.0","9.2","9.2","5.2","5.2","BND","7.663","high","0.0","1.0","0.3","a3wa_changed_score_materially|unstable_model_judgements","","","","屏蔽字
A1 1 1 1 1
B 0 1 0 0 0
C 0 1 1 0 1
D 0 1 1 1 1
E 0 1 0 0 1
中断优先级
A>D>C>E>B.
(2)如图所示","data/csbench/student_images/CO_2/ANS_CO_565.jpg"
"CO_2","ANS_CO_569","P2","possible_teacher_over_score","19.0","model_avg_score","13.0","6.0","6.0","5.0","2.0","5.0","absolute_disagreement","4.0","True","20.0","13.0","13.0","9.0","9.0","BND","2.9439","high","0.05","1.0","0.35","a3wa_changed_score_materially|unstable_model_judgements","","","","解：(1) 屏蔽字
A 1 1 1 11
B 0 1 0 0 0
C 0 1 1 0 1
D 0 1 1 1 1
E 0 1 0 0 1
(2)如图所示","data/csbench/student_images/CO_2/ANS_CO_569.jpg"
"CO_2","ANS_CO_571","P2","possible_teacher_over_score","15.0","model_avg_score","10.0","5.0","5.0","5.0","1.0","5.0","absolute_disagreement","4.0","True","20.0","10.0","10.0","10.0","10.0","BND","1.633","high","0.25","1.0","0.483333","rubric_mapping_risk","","","","(1) A > D > C > E > B
A:A,B,C,D,E
B:B
C:B,C,E
D:B,C,D,E
E:B,E
(2)如图所示","data/csbench/student_images/CO_2/ANS_CO_571.jpg"
"CO_2","ANS_CO_573","P2","possible_teacher_over_score","18.0","model_avg_score","8.0","10.0","10.0","5.0","6.0","5.0","absolute_disagreement|within_question_outlier","4.0","True","20.0","8.0","8.0","4.0","4.0","BND","2.8284","high","0.0","1.0","0.3","a3wa_changed_score_materially|unstable_model_judgements","","","","(1)A 1 1 1 1 1
B 0 1 0 0 0
C 0 1 1 0 1
D 0 1 1 1 1
E 0 1 0 0 1
(2)如图所示","data/csbench/student_images/CO_2/ANS_CO_573.jpg"
"CO_2","ANS_CO_575","P2","possible_teacher_over_score","15.0","model_avg_score","6.7","8.3","8.3","5.0","4.3","5.0","absolute_disagreement","4.0","True","20.0","6.7","6.7","6.7","6.7","BND","3.7712","high","0.0","1.0","0.2","unstable_model_judgements","","","","中断处理优先级：A>D>C>E>B，
中断屏蔽字：
A:11111
B:00000
C:01010
D:10001
E:01000
程序运行时
A,B,C同时请求，用优先级A>B>C，
先执行A程序，因处理优先级C>B，
先执行C程序，D,E请求，因处理
优先级D>C，且C不屏蔽D，进入D
程序，后返回C继续执行，
C结束后再执行B。
(2)如图所示","data/csbench/student_images/CO_2/ANS_CO_575.png"
"CO_2","ANS_CO_577","P2","possible_teacher_under_score","15.0","model_avg_score","16.0","-1.0","1.0","5.0","-5.0","5.0","within_question_outlier","4.0","True","20.0","16.0","16.0","16.0","16.0","BND","3.266","high","0.25","1.0","0.45","rubric_mapping_risk|unstable_model_judgements","","","","(1) A > D > C > E > B
A屏蔽字: B C D E
B无屏蔽字
C屏蔽字: B. E
D屏蔽字: B. C,E
E屏蔽字: B.
(2)如图所示","data/csbench/student_images/CO_2/ANS_CO_577.png"
"CO_2","ANS_CO_578","P2","possible_teacher_under_score","15.0","model_avg_score","18.7","-3.7","3.7","5.0","-7.7","5.0","within_question_outlier","4.0","True","20.0","18.7","18.7","18.7","18.7","BND","1.8856","high","0.25","1.0","0.383333","","","","","(1)解释：A＞D＞C＞E＞B
A的中断层数字：DCEB
B的中断层数字：无
C的中断层数字：EB
D的中断层数字：CEB
E的中断层数字：B
(2)如图所示","data/csbench/student_images/CO_2/ANS_CO_578.png"
"CO_2","ANS_CO_579","P2","possible_teacher_under_score","18.0","model_avg_score","20.0","-2.0","2.0","5.0","-6.0","5.0","within_question_outlier","4.0","True","20.0","20.0","20.0","20.0","20.0","POS","0.0","high","0.0","0.0","0.0","","","","","中断屏蔽字
中断源 A B C D E
A 1 1 1 1 1
B 0 1 0 0 0
C 0 1 1 0 1
D 0 1 1 1 1
E 0 1 0 0 1
由表可知，中断处理优先级为 A>D>C>E>B
(2)如图所示","data/csbench/student_images/CO_2/ANS_CO_579.png"
"CO_2","ANS_CO_580","P1","possible_teacher_over_score","20.0","model_avg_score","14.0","6.0","6.0","5.0","2.0","5.0","absolute_disagreement","4.0","True","20.0","14.0","14.0","14.0","14.0","POS","0.0","high","0.0","0.0","0.0","","","","","(1)A>D>C>E>B如表所示
(2)如图所示","data/csbench/student_images/CO_2/ANS_CO_580.png"
"CO_2","ANS_CO_584","P2","possible_teacher_over_score","20.0","model_avg_score","13.3","6.7","6.7","5.0","2.7","5.0","absolute_disagreement","4.0","True","20.0","13.3","13.3","13.3","13.3","BND","3.6818","high","0.0","1.0","0.3","unstable_model_judgements","","","","(1)
A>D>C>E>B
A 1 1 1 1
B 0 1 0 0 0
C 0 1 1 0 1
D 0 1 1 1 1
E 0 1 0 0 1
(2)如图所示","data/csbench/student_images/CO_2/ANS_CO_584.png"
"CO_2","ANS_CO_585","P1","possible_teacher_over_score","20.0","model_avg_score","2.7","17.3","17.3","5.0","13.3","5.0","absolute_disagreement|within_question_outlier","4.0","True","20.0","2.7","2.7","2.7","2.7","BND","0.9428","high","0.25","0.5","0.383333","","","","","（1）排列顺序为 A>D>C>E>B
各级中断源的中断屏蔽字为：
A：A ，D：AD  C：ADC  E：ADCE
服务程序B：ADCEB
(2)如图所示","data/csbench/student_images/CO_2/ANS_CO_585.png"
"CO_2","ANS_CO_589","P2","possible_teacher_over_score","15.0","model_avg_score","6.0","9.0","9.0","5.0","5.0","5.0","absolute_disagreement|within_question_outlier","4.0","True","20.0","6.0","6.0","6.0","6.0","NEG","3.266","low","0.5","1.0","0.766667","extraction_risk|rubric_mapping_risk|unstable_model_judgements","","","","（1）优先级排序：A>D>C>E>B
(2)如图所示","data/csbench/student_images/CO_2/ANS_CO_589.png"
"CO_2","ANS_CO_594","P1","possible_teacher_over_score","20.0","model_avg_score","11.0","9.0","9.0","5.0","5.0","5.0","absolute_disagreement|within_question_outlier","4.0","True","20.0","11.0","11.0","10.0","10.0","BND","1.4142","high","0.0","0.75","0.233333","","","","","（1）如表所示A>D>C>E>B
A→B(被判断)→C(被判断)→D
→B(被判断)→(¬)B(被判断)
→E→B
(2)如图所示","data/csbench/student_images/CO_2/ANS_CO_594.png"
"CO_2","ANS_CO_596","P1","possible_teacher_over_score","18.0","model_avg_score","12.7","5.3","5.3","5.0","1.3","5.0","absolute_disagreement","4.0","True","20.0","12.7","12.7","12.7","12.7","BND","1.8856","high","0.0","1.0","0.133333","","","","","（1）中断处理优先级顺序：A>D>C>E>B
中断屏蔽字分别为：
A 11111
B 00001
C 00111
D 01111
E 00011
(2)如图所示","data/csbench/student_images/CO_2/ANS_CO_596.png"
"CO_2","ANS_CO_597","P2","possible_teacher_over_score","18.0","model_avg_score","8.3","9.7","9.7","5.0","5.7","5.0","absolute_disagreement|within_question_outlier","4.0","True","20.0","8.3","8.3","12.3","12.3","BND","3.0912","high","0.0","1.0","0.266667","a3wa_changed_score_materially|unstable_model_judgements","","","","(1)中断处理优先级顺序为A.D.C.E.B. 各屏蔽字：A=1111 .B=1001. C=1100.D=1110.E=1010
(2)如图所示","data/csbench/student_images/CO_2/ANS_CO_597.png"
"CO_2","ANS_CO_598","P2","possible_teacher_over_score","15.0","model_avg_score","7.7","7.3","7.3","5.0","3.3","5.0","absolute_disagreement","4.0","True","20.0","7.7","7.7","4.7","4.7","BND","1.6997","high","0.0","1.0","0.233333","a3wa_changed_score_materially","","","","解.(1) 排列顺序：A>D>C>E>B
中断屏蔽字：A:1111(屏蔽所有)，B:00000(不屏蔽任何)，C:01010(屏蔽BE)，D:01111(除了A其它都屏蔽)，E:01000(屏蔽B)
(2)如图所示","data/csbench/student_images/CO_2/ANS_CO_598.png"
"CO_2","ANS_CO_599","P2","possible_teacher_over_score","20.0","model_avg_score","12.0","8.0","8.0","5.0","4.0","5.0","absolute_disagreement","4.0","True","20.0","12.0","12.0","12.0","12.0","BND","3.266","high","0.0","1.0","0.266667","unstable_model_judgements","","","","(1). A>D>C>E>B
A: 11111  D: 01111
B: 00001  E: 01010
C: 01101
(2)如图所示","data/csbench/student_images/CO_2/ANS_CO_599.png"
"CO_2","ANS_CO_601","P2","possible_teacher_over_score","12.0","model_avg_score","7.0","5.0","5.0","5.0","1.0","5.0","absolute_disagreement","4.0","True","20.0","7.0","7.0","7.0","7.0","BND","2.4495","high","0.25","1.0","0.45","rubric_mapping_risk|unstable_model_judgements","","","","(1) 中断处理优先级：A>D>C>E>B.
A:无. B: A,C,D,E.
C: A,D. D: A. E: A,C,D.
(2)如图所示","data/csbench/student_images/CO_2/ANS_CO_601.png"
"CO_2","ANS_CO_609","P2","possible_teacher_over_score","20.0","model_avg_score","12.5","7.5","7.5","5.0","3.5","5.0","absolute_disagreement","4.0","True","20.0","12.5","12.5","12.5","12.5","BND","2.6771","high","0.0","1.0","0.0","unstable_model_judgements","","","","解（1）中断处理优先级排列顺序：A>D>C>E>B.
各级中断源的中断屏蔽字：
A:11111，B:01000，C:01101，
D:01111，E:01001.
(2)如图所示","data/csbench/student_images/CO_2/ANS_CO_609.png"
"CO_2","ANS_CO_612","P2","possible_teacher_over_score","15.0","model_avg_score","9.3","5.7","5.7","5.0","1.7","5.0","absolute_disagreement","4.0","True","20.0","9.3","9.3","11.3","11.3","BND","1.8856","high","0.25","1.0","0.45","rubric_mapping_risk","","","","（1）优先级排列顺序:A>D>C>E>B
中断屏蔽字:
A:B,C,D,E
B:无
C:B,E
D:B,C,E
E:B
(2)如图所示","data/csbench/student_images/CO_2/ANS_CO_612.png"
"CO_2","ANS_CO_614","P2","possible_teacher_under_score","18.0","model_avg_score","20.0","-2.0","2.0","5.0","-6.0","5.0","within_question_outlier","4.0","True","20.0","20.0","20.0","20.0","20.0","BND","0.0","high","0.25","0.0","0.25","","","","","1()A>D>C>E>B
判断屏蔽字如下：
A:ABCDE
B:B
C:BCE
D:BCDE
E:EB
(2)如图所示","data/csbench/student_images/CO_2/ANS_CO_614.png"
"CO_2","ANS_CO_615","P1","possible_teacher_over_score","18.0","model_avg_score","12.0","6.0","6.0","5.0","2.0","5.0","absolute_disagreement","4.0","True","20.0","12.0","12.0","12.0","12.0","BND","1.633","high","0.0","1.0","0.2","","","","","(1)中断处理优先级：A >D >C >E >B
中断屏蔽字：A:11111 D:01111 C:00111 E:00011 B:00001
(2)如图所示","data/csbench/student_images/CO_2/ANS_CO_615.png"
"CO_2","ANS_CO_617","P1","possible_teacher_under_score","15.0","model_avg_score","20.0","-5.0","5.0","5.0","-9.0","5.0","absolute_disagreement|within_question_outlier","4.0","True","20.0","20.0","20.0","20.0","20.0","BND","0.0","high","0.25","0.0","0.25","","","","","(1)由题中断处理优先级排序：A>D>C>E>B
A级中断源中断屏蔽字：A.D.C.E.B
B级中断源中断屏蔽字：无
C级中断源中断屏蔽字：C.E.B
D级中断源中断屏蔽字：D.C.E.B
E级中断源中断屏蔽字：E.B
(2)如图所示","data/csbench/student_images/CO_2/ANS_CO_617.png"
"CO_2","ANS_CO_619","P2","possible_teacher_over_score","15.0","model_avg_score","7.7","7.3","7.3","5.0","3.3","5.0","absolute_disagreement","4.0","True","20.0","7.7","7.7","7.7","7.7","BND","1.6997","low","0.5","1.0","0.633333","extraction_risk|rubric_mapping_risk","","","","(1) 处理优先级：A＞D＞C＞E＞B
(2)如图所示","data/csbench/student_images/CO_2/ANS_CO_619.png"
"CO_2","ANS_CO_620","P2","possible_teacher_over_score","15.0","model_avg_score","7.3","7.7","7.7","5.0","3.7","5.0","absolute_disagreement","4.0","True","20.0","7.3","7.3","7.3","7.3","BND","1.8856","low","0.5","1.0","0.633333","extraction_risk|rubric_mapping_risk","","","","（1）A>D>C>E>B.
(2)如图所示","data/csbench/student_images/CO_2/ANS_CO_620.png"
"CO_2","ANS_CO_623","P2","possible_teacher_over_score","15.0","model_avg_score","9.8","5.2","5.2","5.0","1.2","5.0","absolute_disagreement","4.0","True","20.0","9.8","9.8","9.8","9.8","BND","4.3653","high","0.3","1.0","0.575","rubric_mapping_risk|unstable_model_judgements","","","","顺序ADCEB，A中断屏蔽字为B、C、D、E，B无中断屏蔽字，C中断屏蔽字为B、E，D中断屏蔽字为B、C、E，E中断屏蔽字为B。
(2)如图所示","data/csbench/student_images/CO_2/ANS_CO_623.png"
"CO_2","ANS_CO_624","P2","possible_teacher_over_score","18.0","model_avg_score","8.0","10.0","10.0","5.0","6.0","5.0","absolute_disagreement|within_question_outlier","4.0","True","20.0","8.0","8.0","4.0","4.0","BND","1.633","high","0.25","1.0","0.45","rubric_mapping_risk|a3wa_changed_score_materially","","","","(1)由题意可知 中断处理优先级的排列顺序为 A>D>C>E>B  各级中断属于字 A:无 D:A C:A,D E:A,D,C B:A,D,C,E
(2)如图所示","data/csbench/student_images/CO_2/ANS_CO_624.png"
"CO_2","ANS_CO_627","P2","possible_teacher_over_score","18.0","model_avg_score","6.7","11.3","11.3","5.0","7.3","5.0","absolute_disagreement|within_question_outlier","4.0","True","20.0","6.7","6.7","6.7","6.7","BND","0.9428","low","0.5","0.5","0.5","extraction_risk|rubric_mapping_risk","","","","（1）优先级：A>D>C>E>B
(2)如图所示","data/csbench/student_images/CO_2/ANS_CO_627.png"
"CO_2","ANS_CO_628","P2","possible_teacher_under_score","12.0","model_avg_score","17.3","-5.3","5.3","5.0","-9.3","5.0","absolute_disagreement|within_question_outlier","4.0","True","20.0","17.3","17.3","17.3","17.3","BND","3.7712","high","0.25","1.0","0.383333","unstable_model_judgements","","","","A>D>C>E>B
A:BCDE ,B:无.
C:BE ,D:BCDE
E:B
(2)如图所示","data/csbench/student_images/CO_2/ANS_CO_628.png"
"CO_2","ANS_CO_630","P2","possible_teacher_over_score","18.0","model_avg_score","11.7","6.3","6.3","5.0","2.3","5.0","absolute_disagreement","4.0","True","20.0","11.7","11.7","15.7","15.7","BND","5.4365","high","0.0","1.0","0.333333","a3wa_changed_score_materially|unstable_model_judgements","","","","（1）
A 1 1 1 1 1
B 0 1 0 0 0
C 0 1 1 0 1
D 0 1 1 1 1
E 0 1 0 0 1
(2)如图所示","data/csbench/student_images/CO_2/ANS_CO_630.png"
"CO_2","ANS_CO_633","P2","possible_teacher_over_score","18.0","model_avg_score","12.3","5.7","5.7","5.0","1.7","5.0","absolute_disagreement","4.0","True","20.0","12.3","12.3","12.3","12.3","BND","4.0277","high","0.0","1.0","0.433333","rubric_mapping_risk|unstable_model_judgements","","","","由题意可知 中断优先级为 B->E->C->D->A 中断屏蔽字如下表 
A B C D E 
A 1 1 1 1 1 
B 0 1 0 0 0 
C 0 1 1 0 1 
D 0 1 1 1 1 
E 0 1 0 0 1
(2)如图所示","data/csbench/student_images/CO_2/ANS_CO_633.png"
"CO_2","ANS_CO_638","P2","possible_teacher_over_score","20.0","model_avg_score","14.7","5.3","5.3","5.0","1.3","5.0","absolute_disagreement","4.0","True","20.0","14.7","14.7","10.7","10.7","BND","3.7712","high","0.0","1.0","0.133333","a3wa_changed_score_materially|unstable_model_judgements","","","","(1)A:11111 B: 01000 C: 01101 D: 01111 E:  01001 A>D>C>E>B
(2)如图所示","data/csbench/student_images/CO_2/ANS_CO_638.png"
"CO_2","ANS_CO_641","P2","possible_teacher_over_score","20.0","model_avg_score","14.2","5.8","5.8","5.0","1.8","5.0","absolute_disagreement","4.0","True","20.0","14.2","14.2","15.7","15.7","BND","3.0092","high","0.0","1.0","0.2","unstable_model_judgements","","","","(1)中断处理优先级：
A>D>C7E>B
中断屏蔽字：
A 11111
B 01000
C 01110
D 01111
E 01010
(2)如图所示","data/csbench/student_images/CO_2/ANS_CO_641.png"
"CO_3","ANS_CO_140","P1","possible_teacher_over_score","6.0","model_avg_score","2.8","3.2","3.2","2.5","1.4","2.5","absolute_disagreement","1.8","True","10.0","2.8","2.8","2.8","2.8","BND","0.8498","high","0.0","1.0","0.166667","","","","","解：[X补]=36H=00110110
[Y补]=54H=01010100
[Z补]=D5H=11010101
X-2y=00110110
  -01010100
  -01010100
1000110 无溢出
(X÷4)+2Z
100/00110110,得
(X÷4)=00001101.1
(X÷4)+2Z= 00001101.1
  +1101010
  +1101010
10110111.1","data/csbench/student_images/CO_3/ANS_CO_140.jpg"
"CO_3","ANS_CO_141","P1","possible_teacher_over_score","8.0","model_avg_score","4.7","3.3","3.3","2.5","1.5","2.5","absolute_disagreement","1.8","True","10.0","4.7","4.7","4.7","4.7","BND","0.9428","high","0.0","1.0","0.166667","","","","","36H = 00110110 B
54H= 01010100 B
X-2y=8EH.
y真值=84.
2y=168. 溢出.
OF=1
( x÷4 )+2 Z
= C3H.
x÷4无溢出.
22无溢出
x÷4+2 Z无溢出
OF=0","data/csbench/student_images/CO_3/ANS_CO_141.jpg"
"CO_3","ANS_CO_144","P1","possible_teacher_over_score","8.0","model_avg_score","2.2","5.8","5.8","2.5","4.0","2.5","absolute_disagreement|within_question_outlier","1.8","True","10.0","2.2","2.2","2.2","2.2","POS","0.4714","high","0.0","0.5","0.0","","","","","(x)补=00110110
(y)补=01010100
[z]补=11010101
10101000
-00110110
01110010
(x)真=0110110
(y)真=1010100
∴[x-2y]真=11110010 
∴(x-2y)补=10001100=8C溢出
2y=10101000
同理可得。
(x÷4)+2z=11001001
∴((x÷4)+2z)补=10110111
x-2y=-(2y-x) 不溢出","data/csbench/student_images/CO_3/ANS_CO_144.jpg"
"CO_3","ANS_CO_145","P2","possible_teacher_over_score","6.0","model_avg_score","3.5","2.5","2.5","2.5","0.7","2.5","absolute_disagreement","1.8","True","10.0","3.5","3.5","2.0","2.0","BND","1.0801","high","0.0","1.0","0.166667","a3wa_changed_score_materially|unstable_model_judgements","","","","x-2y = x + 2·(-y) x补=00110110
x补=54H -y补=10101100
y原=54H
=01010100
00110110 y补.
+10101100 [y]补.
------------
111100010
+10101100 [-y补]
------------
10001110 
0F=1 溢出
如图所示表示除法
x÷4 = x补÷4补.

z = D5H 2z = z补+z补
    D5H
+ D5H
------
1AAH 溢出.
综上得
(x÷4)H2z =
溢出","data/csbench/student_images/CO_3/ANS_CO_145.jpg"
"CO_3","ANS_CO_146","P2","possible_teacher_over_score","7.0","model_avg_score","3.0","4.0","4.0","2.5","2.2","2.5","absolute_disagreement","1.8","True","10.0","3.0","3.0","5.0","5.0","BND","1.4142","high","0.0","1.0","0.166667","a3wa_changed_score_materially|unstable_model_judgements","","","","[X]补=36H=00110110，x=+0110110
[Y]补=54H=01010100，y=+1010100
[Z]补=D5H=11010101，z=-0101011
[X-2Y]补 = [X]补 + [-Y]补 + [-Y]补 = 00110110 + 10101100 + 10101100
= 100001110 = 0EH
，最高位产生进位，溢出，OF=1.
X÷4 = 36H÷4 = 00110110 ÷ 0100 = 00001001
(X÷4)+2Z = 00001001 + 11010101+11010101
= 110110011 = D3 H
最高位产生进位，溢出，OF=1","data/csbench/student_images/CO_3/ANS_CO_146.jpg"
"CO_3","ANS_CO_155","P2","possible_teacher_under_score","8.0","model_avg_score","9.2","-1.2","1.2","2.5","-3.0","2.5","within_question_outlier","1.8","True","10.0","9.2","9.2","8.2","8.2","BND","0.8498","high","0.0","1.0","0.333333","","","","","解：
[X]补=36H=(00110110)₂  2y=10101000
[y]补=54H=(01010100)₂ -[2y]补=01010111+00000001=01011000
[z]补=D5H=(11010101)₂      

x-2y=00110110+01011000=10001110
∵ 0⊕0⊕1=0 符号位为1，溢出

2z=10101010

x÷4=00110110×2⁻²=00001101
∴ (x÷4)+2z=00001101+110101010
     =11011011
为11，无溢出","data/csbench/student_images/CO_3/ANS_CO_155.jpg"
"CO_3","ANS_CO_163","P1","possible_teacher_over_score","8.0","model_avg_score","3.2","4.8","4.8","2.5","3.0","2.5","absolute_disagreement|within_question_outlier","1.8","True","10.0","3.2","3.2","4.2","4.2","BND","0.6236","high","0.0","0.75","0.0","","","","","x:36H→00110110
y:54H→10011000
z:85H→11011001
x-2y = 00110110 +
      01101000 + 0110 1000
= 00000110 = 06H
OF位:1 溢出
(x÷4)+2z 中的补码00001000
x原码：00110110=54
z原码：10100111=-39
(x÷4)+2z = (54÷4) + 2×(-39)
= 13 -78 
= -65
= 11000001 = C1H
OF位:0 未溢出","data/csbench/student_images/CO_3/ANS_CO_163.jpg"
"CO_3","ANS_CO_170","P1","possible_teacher_over_score","7.0","model_avg_score","3.3","3.7","3.7","2.5","1.9","2.5","absolute_disagreement","1.8","True","10.0","3.3","3.3","3.3","3.3","BND","0.9428","high","0.0","1.0","0.0","","","","","[x]补=00110110 [y]补=01010100 [z]补=11010101
2y=0010×01010100=010101000
[x-2y]补=[x]补+[2y]补=00110110+110101000=111011110= FDEH
C=Cf=0 无溢出
x÷4 = x / 0100 = x·0.01  x⊕0=0 商的符号为0
加法如图所示
故x÷4 高：00001101 余数10
(x÷4)+2z
= 001101.10 + 2z
2z=0010×11010100
=[1010110]原=[10101010]补
(x÷4)+2z
=[11001000.10]原
=11001000.10
=[0111000.10]补
=B8 8H
无溢出","data/csbench/student_images/CO_3/ANS_CO_170.jpg"
"CO_3","ANS_CO_177","P1","possible_teacher_over_score","7.0","model_avg_score","4.5","2.5","2.5","2.5","0.7","2.5","absolute_disagreement","1.8","True","10.0","4.5","4.5","4.5","4.5","POS","0.4082","high","0.0","0.5","0.0","","","","","8位补码整数 1位符号 7位数值
[x补]=36H=00110110H 为正数 [x原]=00110110H
[y补]=54H=01010100H 正数 [y原]=01010100H
[z补]=D5H=11010101H 负数 [z原]=10100111H

①x-2y:
[2y]补=10101000H 溢出，采用双符号位 [-2y]补=01010100H
[x-2y]补=[x]补+[-2y]补=00110110+01010100H=110001110H,
11表示结果为负数且没有溢出 OF为0. 补码结果为-72H

②(x÷4)+2^z
(4)_b=(0100)_2^1
*[4]补=0100
[-4]补=1100
(x÷4)=8*(13)10
=(1101)2
计算如题所示
余数是10 OF为0,未溢出","data/csbench/student_images/CO_3/ANS_CO_177.jpg"
"CO_3","ANS_CO_178","P2","possible_teacher_under_score","8.0","model_avg_score","9.5","-1.5","1.5","2.5","-3.3","2.5","within_question_outlier","1.8","True","10.0","9.5","9.5","9.5","9.5","BND","0.4082","high","0.0","0.5","0.333333","","","","","[X]补=(36H)16=(00110110)2
[Y]补=154H)16=(01010100)2
[-2y]补=01011000
[X-2y]补=[X]补+[-2Z]补=10001110
则可知，参与运算的数的符号位为fA=0,fB=0.
结果的符号位为fS=1,由符号位法有
OF=fAfB非fS+非fA非fBfS=0+1=1 故结果溢出
(2)[X÷4]补=[0001101]2
[z]补=(11010101)2
[2Z]补=(10101010)2
[(X÷4)+2Z]补=[X÷4]补+[2Z]补=10110111
可知,参与运算的数的符号位为fA=0,fB=1,结果的符号位为fS=1
OF=fAfB非fS+非fA非fBfS=0
故未溢出","data/csbench/student_images/CO_3/ANS_CO_178.jpg"
"CO_3","ANS_CO_180","P1","possible_teacher_over_score","7.0","model_avg_score","3.0","4.0","4.0","2.5","2.2","2.5","absolute_disagreement","1.8","True","10.0","3.0","3.0","3.0","3.0","POS","0.0","high","0.0","0.0","0.0","","","","","解：36H=00110110 .y:54H=010101w ,z:DSH=11/0101 .
[-y]补=10101100  [x]补+[-y]补=11100010
36H=(54)10,
x-2y=[x-y]补+[y]补
=10001110,未发生溢出,OF=0
54÷8=13 : (0001001)2, 补码原码相同
(x÷4)÷2z= 00010011 + 11010101 + 11010101
=10111101 , 未发生溢出, OF=0","data/csbench/student_images/CO_3/ANS_CO_180.jpg"
"CO_3","ANS_CO_185","P1","possible_teacher_over_score","7.0","model_avg_score","3.8","3.2","3.2","2.5","1.4","2.5","absolute_disagreement","1.8","True","10.0","3.8","3.8","3.8","3.8","BND","0.6236","high","0.0","0.75","0.166667","","","","","解:X=36H=00110110
y=54H=01010100
z=D5H=11010101
X-2y=X补+2[-y]补
y补=10101100
则X-2y:
00110110
+11011000
100001110
符号位溢出,则结果溢出
正确结果(00001110)补=1110010=F2H
x=4=9H=00001001
2z=110101010(最高位是符号位)
(X÷Y)+2Z
0000 1001
+1101 0101
1101 1110
+1101 0101
110110011
则(0001 1011 0011)补=111001001101
对应十进制:D4C H","data/csbench/student_images/CO_3/ANS_CO_185.jpg"
"CO_3","ANS_CO_189","P1","possible_teacher_over_score","9.0","model_avg_score","5.7","3.3","3.3","2.5","1.5","2.5","absolute_disagreement","1.8","True","10.0","5.7","5.7","5.7","5.7","BND","0.9428","high","0.0","1.0","0.0","","","","","采用双符号位溢出
[x-2y]补=[x]补+[-2y]补，将y左移1位得[-2y]补=10.1011000（双符号）
采用双符号位，[x]补= 00.011 0110
[-2y]补= 10.101 1000
[x]补+[-2y]补=11.0001110=8EH其双符号位一致，不溢出
∴[x-2y]补=8EH，OF=0
(x÷4)+22，x先右移2位，只高位补符号位
得[x/4]补=(0000,1101)₂ [z]补=11,101 0101(双符号位)
将z左移一位， [2z]补=11,0101010(双符号位)
∴有[x/4]补+[2z]补= 00,0001101 + 11,0101010
= 11,0110111 双符号位一致，结果溢出
∴结果为B7H，OF=P
a 综上所述：[x-2y]补=8EH，OF=0 (x÷4)+22=B7H，OF=0","data/csbench/student_images/CO_3/ANS_CO_189.jpg"
"CO_3","ANS_CO_192","P2","possible_teacher_over_score","9.0","model_avg_score","6.0","3.0","3.0","2.5","1.2","2.5","absolute_disagreement","1.8","True","10.0","6.0","6.0","8.0","8.0","BND","1.633","high","0.0","1.0","0.166667","a3wa_changed_score_materially|unstable_model_judgements","","","","[x]补=36H=(00110110)₂
[y]补=54H=(01010100)₂，[-y]补=(10101100)₂
[z]补=D5H=(11010101)₂
[x-2y]补=[x]补+[-y]补+[-y]补
= 00110110 + 10101100 + 10101100
= 11100010 + 10101100
= 10001110=8EH
 [x-2y]原=(11110010)₂=-114>-128
故结果未发生溢出。
[(x+4)+2z]补。
先算[(x÷4)]补
[-4]补=11111100
除数=0100. 被除数=00110100.

下面为加法，具体如原图所示

故商为(00000101)₂.
余数为(00000010)₂.
= 11100010 + 1101010
= 10110111 =B7H  未发生溢出","data/csbench/student_images/CO_3/ANS_CO_192.jpg"
"CO_3","ANS_CO_193","P2","possible_teacher_over_score","6.0","model_avg_score","2.0","4.0","4.0","2.5","2.2","2.5","absolute_disagreement","1.8","True","10.0","2.0","2.0","0.0","0.0","BND","1.4142","high","0.0","1.0","0.333333","a3wa_changed_score_materially|unstable_model_judgements","","","","x - 2y.
36H = 00110110
54H = 01010100
0010110
- 01010100  
- 01010100
= 01010010 
= 51H
OF = 0
(X÷4) + 2Z.
D5H = 10010101
X÷4 = 00001101.1
(X÷4) + 2Z  
= 00110111.1  : 37.8H
OF = 1","data/csbench/student_images/CO_3/ANS_CO_193.jpg"
"CO_3","ANS_CO_195","P2","possible_teacher_under_score","8.0","model_avg_score","10.0","-2.0","2.0","2.5","-3.8","2.5","within_question_outlier","1.8","True","10.0","10.0","10.0","10.0","10.0","POS","0.0","high","0.0","0.0","0.0","","","","","① [x-2y]补=[x]补+[-2y]补
∵[y]补=01010100
[2y]补=10101000
[-2y]补=01011000
∴[x-2y]补=00110110+01011000
=10001110
∵fA=0,fB=0,fs=1
∴非fA非fs+fAfB非fs=1
∴结果发生溢出,OF=1
②(X÷4)+2Z
[X]补右移2位得到[X÷4]补=00001101
[(X÷4)+2Z]补=[X÷4]补+2[Z]补
=10110111
∵fA=0,fB=1,fs=1
∴非fA非fs+fAfB非fs=0
∴结果没有溢出,OF=0","data/csbench/student_images/CO_3/ANS_CO_195.jpg"
"CO_3","ANS_CO_196","P2","possible_teacher_over_score","8.0","model_avg_score","4.7","3.3","3.3","2.5","1.5","2.5","absolute_disagreement","1.8","True","10.0","4.7","4.7","4.7","4.7","BND","1.3123","high","0.0","1.0","0.0","unstable_model_judgements","","","","[x]补=36H=00111010B [y]补=54H=01010100B [z]补=D5H=11010101B
 [x-2y]补=[x]补+[-2y]补 [-y]补=10101100 [2y]补=01011000 符号位左移时发生了变化，结果溢出. [x-2y]补=0011010+01011000=10010010=92H 结果溢出. x-2y=36H=3×16+6-(5×16+4)×2=-114 (x÷4)=00001110B [2z]补=10101010B [x÷4+2z]补=00001110+10101010=1011100=B8H 
x÷4+2z=-72 结果无溢出.","data/csbench/student_images/CO_3/ANS_CO_196.png"
"CO_3","ANS_CO_197","P2","possible_teacher_under_score","1.0","model_avg_score","3.3","-2.3","2.3","2.5","-4.1","2.5","within_question_outlier","1.8","True","10.0","3.3","3.3","3.3","3.3","POS","0.4714","high","0.0","0.5","0.0","","","","","X 补码 36H=00110110
y 补码 54H=01010100
Z 补码 D5H=11010101
x-2y: 先算[2y]补，补码一位乘，乘数为2=10.
01010100 × 10.
再算[x-2y]补=[x补]+[-2y]补.
补码一位加.
(X÷4)+2z 先算X÷4 [X÷4]补，补码一位除 再求其原码
再算[2z]补 补码一位乘，乘数为2=10
最后算 (X÷4)补+[2z]补 再求其原码.","data/csbench/student_images/CO_3/ANS_CO_197.png"
"CO_3","ANS_CO_199","P2","possible_teacher_over_score","8.0","model_avg_score","3.3","4.7","4.7","2.5","2.9","2.5","absolute_disagreement|within_question_outlier","1.8","True","10.0","3.3","3.3","1.3","1.3","BND","2.357","high","0.0","1.0","0.333333","a3wa_changed_score_materially|unstable_model_judgements","","","","x = [0011 0110]补
Y = [0101 0100]补
Z = [1101 0101]补

x - 2y
= x补 + [-2y]补
= [0011 0110]补 + [1101 1000]补
= [0000 1110]补
= 0EH
结果发生溢出,OF=1

(x÷4) + 22
= [x÷4]补 + [22]补
= [0000 1101]补 + [1010 1010]补
= [1011 0111]补
= B7H
结果发生溢出,OF=1","data/csbench/student_images/CO_3/ANS_CO_199.png"
"CO_3","ANS_CO_203","P2","possible_teacher_over_score","7.0","model_avg_score","2.7","4.3","4.3","2.5","2.5","2.5","absolute_disagreement|within_question_outlier","1.8","True","10.0","2.7","2.7","4.7","4.7","BND","0.8498","high","0.0","1.0","0.166667","a3wa_changed_score_materially","","","","X原=00110110. y原=01010100
X-2y. X补=X原. y补=y原.
[2y]补=10101000. 有符号数运算.
[x-2y]补=100000110. = 06H
溢出. 符号位为0.
2y>x. 符号位应为1 OF=2
(X÷4)+2Z. Z补=11010101 Z原=10101011
[X÷4]补=[X]补÷[4]补= 1101 余10.
(X÷4)+2Z.
2Z=10101010
[(X÷4)+2Z]补=(X÷4)补+[2Z]补= 10111011 = BB H.
符号位应为正. 溢出 OF=1","data/csbench/student_images/CO_3/ANS_CO_203.png"
"CO_3","ANS_CO_206","P2","possible_teacher_under_score","8.0","model_avg_score","9.3","-1.3","1.3","2.5","-3.1","2.5","within_question_outlier","1.8","True","10.0","9.3","9.3","7.3","7.3","BND","0.9428","high","0.0","1.0","0.333333","a3wa_changed_score_materially","","","","[x]补=00110110 [y]补=01010100 [z]补=11010101 [-2y]补=00101000
x-2y = [x]补 + [-2y]补 = 00110110 + 00101000 = 01011110
结果溢出，因为算[2y]补的时候，正数加正数得到了负数，即01010100 + 01010100 = 10101000，故溢出，OF=1
除法如图所示
∴商是00001101，余数是0000010
(x÷4)+2z = 1101 + 10101010 = 101101111
结果没溢出，因为2z=10101010，负数加负数仍然是负数。然后x÷4的结果为正，正数加负数不会溢出，所以OF=0.","data/csbench/student_images/CO_3/ANS_CO_206.png"
"CO_3","ANS_CO_214","P1","possible_teacher_over_score","7.0","model_avg_score","4.3","2.7","2.7","2.5","0.9","2.5","absolute_disagreement","1.8","True","10.0","4.3","4.3","5.3","5.3","BND","0.9428","high","0.0","1.0","0.0","","","","","X= 00110110
y= 01010100
[z]补=11011001
[2y]= 10×01010100=10101000.0F=1
[-2y]补=00101000
[x]补 + [-2y]补= 0011 0110 + 0010 1000
= 0101 1110
∴[x-2y]补= 0101 1110 = 5EH，0F=1.
X÷4=  0011 0110 ÷100 =111.1=1000
∴x÷4= 0000 1000
[2z]补= 10×1101 1001 = 10110010，0F=1.
[x÷4]补+[2z]补=00001000+10110010=10111010
[x÷4+2z]补=10111010=DAH OF=1
","data/csbench/student_images/CO_3/ANS_CO_214.png"
"CO_3","ANS_CO_220","P1","possible_teacher_over_score","7.0","model_avg_score","4.2","2.8","2.8","2.5","1.0","2.5","absolute_disagreement","1.8","True","10.0","4.2","4.2","3.2","3.2","BND","0.6236","high","0.0","0.75","0.0","","","","","解①求x - y：
转为二进制：[x]补 = 00110110 [Y]补 = 0101 0100
[x - 2Y]原 = [x - 2Y]补 = [x]补 + [-2Y]补 [ -2Y]补 = 1010 1000
即[x - 2Y]补 = 00110110 + 10101000 = (1110 1110)₂ = DE H 未溢出
②求(x÷4) + 2z.
X÷4 即 01001010÷0100 且向0取整得 00010010
故 [x÷4]补 = 0 110 1101
[x÷4) + 2z]补 = [x÷4]补 + [2Z]补 = 6EH + AAH = BCH 未溢出","data/csbench/student_images/CO_3/ANS_CO_220.png"
"CO_3","ANS_CO_222","P2","possible_teacher_over_score","7.0","model_avg_score","4.2","2.8","2.8","2.5","1.0","2.5","absolute_disagreement","1.8","True","10.0","4.2","4.2","6.2","6.2","BND","1.6499","high","0.0","1.0","0.0","a3wa_changed_score_materially|unstable_model_judgements","","","","∵ x补 = 36H = (0011 0110)₂
y补 = 54H = (0101 0100)₂
z补 = D5H = (1101 0101)₂
∴ (x-2y)补 = (x)补 - (+2y)补
        = (x)补 + (-2y)补
 (-2y)补 = (110101000)补 = (101011000)₂
∴ (x-2y)补 = (100100110)₂ = 123H    x-2y = (111011010)₂ = 1DAH
x: [(x÷4) + 2z]补 =  (x÷4)补 + (2z)补 = (001101.1)₂ + (110101010)₂
        = (110011100.1)₂ = 19C.8H
(x÷4)+2z = (1 0110 0011.1)₂ = 163.8H
未发生溢出","data/csbench/student_images/CO_3/ANS_CO_222.png"
"CO_3","ANS_CO_224","P2","possible_teacher_over_score","8.0","model_avg_score","2.3","5.7","5.7","2.5","3.9","2.5","absolute_disagreement|within_question_outlier","1.8","True","10.0","2.3","2.3","1.8","1.8","BND","1.8409","high","0.0","1.0","0.333333","unstable_model_judgements","","","","(36H)16 = (00110110)2
(54H)16 = (01010100)2,
(D5H)16 = (11010101)2
∵ x,y 为正 ∴ x补=x原, y补=y原
∴ z为负 ∴ [z]原 = (1010 1011)2

 (X-2y) 00100110 - 2×01010100 = 00100110 -010101000
= (11000010)原 = (1011 1110)补 = (BE)16
此时发生了溢出, OF=1

(X-4)+2z = (11001101 )原 = (1011 0011)补
= ( B3)16
此时未发生溢出, OF=0","data/csbench/student_images/CO_3/ANS_CO_224.png"
"CO_3","ANS_CO_225","P2","possible_teacher_over_score","6.0","model_avg_score","3.2","2.8","2.8","2.5","1.0","2.5","absolute_disagreement","1.8","True","10.0","3.2","3.2","1.2","1.2","BND","1.1785","high","0.0","1.0","0.166667","a3wa_changed_score_materially|unstable_model_judgements","","","","解：36H=0010 0110
54H=0101 0100
D5H=1110 0101
∴X=0010 0110
Y=01010100
Z=1110 0101
X-2Y
=X+[-2Y]
= 0010110+ 00101000
= 01011110

(X+4)+2Z
=00001110+ 11001010
=11011000
=C8lH
结果没发生溢出","data/csbench/student_images/CO_3/ANS_CO_225.png"
"CO_3","ANS_CO_230","P2","possible_teacher_over_score","8.0","model_avg_score","3.8","4.2","4.2","2.5","2.4","2.5","absolute_disagreement","1.8","True","10.0","3.8","3.8","4.8","4.8","BND","1.0274","high","0.0","1.0","0.166667","unstable_model_judgements","","","","X:16H
补:0011 00110
Y:54H
补:0101 0100
Z:D5H
补:1101 0101
-y:10101100
X-2Y = X-Y -Y
= 10001110 = 8EH
OF=1
X÷4右移2位
0000 1101  
+ 1101 0101
1110 0010  
11 01 0101
10 11 0111
D7H
OF=1","data/csbench/student_images/CO_3/ANS_CO_230.png"
"CO_3","ANS_CO_231","P2","possible_teacher_over_score","9.0","model_avg_score","4.2","4.8","4.8","2.5","3.0","2.5","absolute_disagreement|within_question_outlier","1.8","True","10.0","4.2","4.2","4.2","4.2","BND","1.4337","high","0.0","1.0","0.166667","unstable_model_judgements","","","","(1) x - 2y
y: 01010100
2y = 10101000
-2y =  01010100
x -2y = 00110110 + 0101100
=10001110
= 08EH
OF = 1，发生溢出
(2) (x÷4) + 2z
x = 00101000
x÷4 = 00001010
z = 11010101
2z = 10101010
(x÷4) + 2z = 00001010 + 10101010
= 10110100
= B4H
OF = 0，未发生溢出","data/csbench/student_images/CO_3/ANS_CO_231.png"
"CO_3","ANS_CO_234","P2","possible_teacher_over_score","6.0","model_avg_score","1.8","4.2","4.2","2.5","2.4","2.5","absolute_disagreement","1.8","True","10.0","1.8","1.8","3.8","3.8","BND","1.4337","high","0.0","1.0","0.333333","a3wa_changed_score_materially|unstable_model_judgements","","","","则[X]补=36H=(00110110)B，[Y]补=54H=(01010100)B，[Z]补=D5H=(11010101)B
则[X]原=(00110110)B，[Y]原=(01010100)B，[Z]原=(10101011)B
x-2y=[X]原+2[Y]补=00110110+110101000=11110010 则[x-2y]补=72H, OF=0未溢出
x÷4=00001101
2Z=01010110, OF=1
则[(x÷4)+2Z]补=00001101+01010110=01100011
[(x÷4)+2Z]补=63H, OF=1 (发生溢出)","data/csbench/student_images/CO_3/ANS_CO_234.png"
"CO_3","ANS_CO_236","P1","possible_teacher_over_score","8.0","model_avg_score","4.3","3.7","3.7","2.5","1.9","2.5","absolute_disagreement","1.8","True","10.0","4.3","4.3","4.3","4.3","POS","0.4714","high","0.0","0.5","0.0","","","","","
[2y]补=A8H [-2y]补=58H [2Z]补=AAH
[x-2y]补:[x]补+[-2y]补 = 8EH  (x÷4)补=D8H
((X÷4)+2Z)补=(X÷4)补+(2Z)补. = B78H 

x-2y结果不会发生溢出
(X÷4)+2Z结果会发生溢出","data/csbench/student_images/CO_3/ANS_CO_236.png"
"CO_3","ANS_CO_238","P2","possible_teacher_over_score","8.0","model_avg_score","5.2","2.8","2.8","2.5","1.0","2.5","absolute_disagreement","1.8","True","10.0","5.2","5.2","3.2","3.2","BND","0.6236","high","0.0","0.75","0.0","a3wa_changed_score_materially","","","","[X]补码=(00110110)₂ [Z]补码=(11010101)₂
[Y]补码=(01010100)₂ [-X]补码=(11001010)₂
[-Y]补码=(10101100)₂ [2Z]=
[-2Y]补码=(11011000)₂
∵[X-2Y]补=[X]补+[-2Y]补=[00001110]补码 OF=1
发生溢出₁ = [0F]₁₆补码
(X÷4)+2Z=[10110111] 0F=1 发生溢出
=[B7]补₁₆","data/csbench/student_images/CO_3/ANS_CO_238.png"
"CO_3","ANS_CO_242","P2","possible_teacher_over_score","8.0","model_avg_score","3.8","4.2","4.2","2.5","2.4","2.5","absolute_disagreement","1.8","True","10.0","3.8","3.8","5.8","5.8","BND","2.095","high","0.0","1.0","0.166667","a3wa_changed_score_materially|unstable_model_judgements","","","","① x-2y=[x]补 + [-2y]补. 2y会发生溢出
[y]补=0101 0100 [-2y]补=1010 1000 OF=1,溢出.
[-2y]补=0101 1000 ∴[x-2y]补=1000 1110 = 8DH.
②: [x+4]补=0000 1101, [2z]补=1100 1010, OF=0,无溢出.
∴[x+4]补 + [2z]补=1101 0111 = C7H.","data/csbench/student_images/CO_3/ANS_CO_242.png"
"CO_3","ANS_CO_243","P2","possible_teacher_over_score","5.0","model_avg_score","2.3","2.7","2.7","2.5","0.9","2.5","absolute_disagreement","1.8","True","10.0","2.3","2.3","1.3","1.3","BND","1.6997","high","0.0","1.0","0.333333","unstable_model_judgements","","","","①x - 2y：X补码=0011 0110 (2y)补=1010 1000 [-2y]补=0101 1000 X补 + (-2y)补=1000 1110 =8DH OF=0 未溢出
②(x÷4)=0000 1001
2Z溢出为AAH
(x÷4)+2Z=09H+AAH=B3H.
OF=1","data/csbench/student_images/CO_3/ANS_CO_243.png"
"CO_3","ANS_CO_244","P1","possible_teacher_over_score","10.0","model_avg_score","4.7","5.3","5.3","2.5","3.5","2.5","absolute_disagreement|within_question_outlier","1.8","True","10.0","4.7","4.7","4.7","4.7","POS","0.4714","high","0.0","0.5","0.0","","","","","① x-2y ：
[x]补 = 36H = 0011 0110 = [x]原
y]补 = $4H = 0101 0100 = [-y]原
[-y]原 = 11010100
[-y]补 = 10101100 用双符号位参与运算判溢
[x-2y]补 = [x]补 + [-y]补 + [-y]补.
= 00011010 + 110101100 + 110101100
= 110001110
OF=0未溢出.
且(1000 1110)₂ = 8E H.
即 [x-2y]补 = 8EH
且OF=0.

② (x+4)+2.
[x]补 = D5H = 11010101
[x]原 = 00110110 = (54)D. x+4 = 13.
[x+4]补 = 00001101
用双符号位参与运算判溢.
[x+4]补 + [2]补 + [2]补.
= 00000101 + 111010101 + 11101010)
= 11010111
OF=0未溢出.
且(10110111)₂ = B7 H
即 [(x+4)+2]补 = B7H
且OF=0.","data/csbench/student_images/CO_3/ANS_CO_244.png"
"CO_3","ANS_CO_247","P2","possible_teacher_over_score","7.0","model_avg_score","4.5","2.5","2.5","2.5","0.7","2.5","absolute_disagreement","1.8","True","10.0","4.5","4.5","6.5","6.5","BND","1.7795","high","0.0","1.0","0.166667","a3wa_changed_score_materially|unstable_model_judgements","","","","其x的进制为时补00110110
(x补)=00110110.
y的进制为01010100
(Z的进制)补码 11010101
故(Z)补=10101011.
∴(x-2y)补=(x)补+(-2y)补
(-2y)进制=110101000
其补码(-2y)补=10101100.
故(x-2y)补=11001110.
故其溢出.
4的二进制=00000100
其x÷4的除法如右图所示
故(x÷4)进制=00001101.
∵[2]=11010101
∴2z=110101010
∴[x÷4)+2]补=(x÷4)补+(2z补
(x÷4)补=00001101 (2z)补=10101010
∴原码=1011000 11 溢出.","data/csbench/student_images/CO_3/ANS_CO_247.png"
"CO_3","ANS_CO_248","P2","possible_teacher_over_score","7.0","model_avg_score","2.0","5.0","5.0","2.5","3.2","2.5","absolute_disagreement|within_question_outlier","1.8","True","10.0","2.0","2.0","4.0","4.0","BND","1.633","high","0.0","1.0","0.333333","a3wa_changed_score_materially|unstable_model_judgements","","","","由题可得：
x: 0011 0110
y: 0101 0100
[x-2y]补=[x]补+[-2y]补
=[0011 0110]补+[0101 1110]补
=[1110 0100]补 =90H
x: 符号位 0；y 符号位 0
结果符号位为 1（M）
M = 非x非yz + xy非z
1 = 1 + 0 成立，
没有发生溢出
对于(x÷4)+2z
① x÷4 相当于左移2位，
即 结果为 0000 1101 10 ⇒ 0000 1110
z: 1101 0101
2z 1 1010 1010
即 (x÷4)+2z
= 1011 1000 = B8H

即 发生溢出，因为 x÷4 符号位
为0，z符号位为1，结果符号位为1
不符号溢出没有发生溢出条件. 1≠011+01非1","data/csbench/student_images/CO_3/ANS_CO_248.png"
"CO_3","ANS_CO_249","P2","possible_teacher_over_score","8.0","model_avg_score","3.8","4.2","4.2","2.5","2.4","2.5","absolute_disagreement","1.8","True","10.0","3.8","3.8","1.8","1.8","BND","0.8498","high","0.0","1.0","0.0","a3wa_changed_score_materially","","","","X补= 36 H =  0011 0110 = X原
Y补= 54 H =  0101 0110 = Y原 (-Y)补= 1010 1010
Z补= D5 H =  1101 0101  Z原= 0010 1011
X-2Y补= X补 + 2 (-Y)补= 1000 1010   OF= 1
(X÷4)+2Z = 0000 1101 + 2Z  +4  OF= 0
= 01100011","data/csbench/student_images/CO_3/ANS_CO_249.png"
"CO_3","ANS_CO_251","P2","possible_teacher_over_score","8.0","model_avg_score","4.0","4.0","4.0","2.5","2.2","2.5","absolute_disagreement","1.8","True","10.0","4.0","4.0","6.0","6.0","BND","0.8165","high","0.0","1.0","0.0","a3wa_changed_score_materially","","","","1. (10分)[X]补=26H=0011010, [Y]补=54H=010|0100 [Z]补=DSH=11010101
即:X原=01001010, Y原=00101100, Z原=10101011
X-2y=[2y]原=01011000
∴[X-2y]原=01001010 - 01011000=[10001110]原=[11110010]补
显然发生溢出,OF=1
(X÷4)+2z:[2z]原=11010110
X÷4:[X]原=01001010÷0100=00010010
∴原码=00010010 +11010110
=[11000100]原=[10111100]补
OF≠1,OF=0","data/csbench/student_images/CO_3/ANS_CO_251.png"
"CO_3","ANS_CO_255","P1","possible_teacher_over_score","9.0","model_avg_score","6.2","2.8","2.8","2.5","1.0","2.5","absolute_disagreement","1.8","True","10.0","6.2","6.2","6.2","6.2","BND","0.8498","high","0.0","1.0","0.0","","","","","[-y]补=10101100.
加法如图所示
∴X-2y的补码结果为8EH,
结果未发生溢出.
[4]补=0100 [-4]补=1100
加法如图所示
(x÷4)+2乙的补码结果为
B7,结果未发生溢出.","data/csbench/student_images/CO_3/ANS_CO_255.png"
"CO_4","ANS_CO_645","P2","possible_teacher_over_score","10.0","model_avg_score","2.7","7.3","7.3","5.0","5.5","5.0","absolute_disagreement|within_question_outlier","1.8","False","20.0","2.7","2.7","0.57","0.57","BND","0.4714","high","0.3","0.25","0.3","a3wa_changed_score_materially","","","","(1) 8MB/32=2¹⁸B 2×2KB=2¹²B ∴名存交的位数=18 位数x=12 
(2) 2D07FFH=001011010000011111111111B 不在块标记内 ∴不能访问到该单元的类文字层 7F0057H=111111100000000010111B 在块标记内 ∴能访问到该单元的数据","data/csbench/student_images/CO_4/ANS_CO_645.jpg"
"CO_4","ANS_CO_647","P1","possible_teacher_over_score","14.0","model_avg_score","8.8","5.2","5.2","5.0","3.4","5.0","absolute_disagreement","1.8","False","20.0","8.8","8.8","8.8","8.8","BND","1.9293","high","0.0","1.0","0.3","","","","","主存地址 标记 8位 组号 4位 块内地址 12位 
Cache地址 组号 4位 块内地址 1位 
8MB=2²³B 共2³位 2kB=2¹¹B 块内地址11位 组号：32/2=16=2⁴ 有4位 标记：23-11-4=8.
(2)2D07FFH: 标记：01011010 命中Cache块2. 7F0057H: 标记：11111110 命中Cache块3.","data/csbench/student_images/CO_4/ANS_CO_647.jpg"
"CO_4","ANS_CO_656","P1","possible_teacher_over_score","11.0","model_avg_score","5.7","5.3","5.3","5.0","3.5","5.0","absolute_disagreement","1.8","False","20.0","5.7","5.7","5.7","5.7","POS","0.4714","high","0.1","0.25","0.183333","","","","","解：(1).主存容量：8MB=2²³B，则主存地址
每块地址：2KB=2¹¹B，有11位，Cache块号：2²¹B/2¹¹B=2¹²B。
组：2¹²/2=2¹¹，有11位。
则主存地址格式如图所示
Cache地址格式如图所示
(2).地址为2D07FFH即0010110100000111 1111 1111，去掉块内地址，11位，
得0010110100000，查表不能找到该数据

地址为7F0057H即0111 1111 0000 0000 0101 0111，去掉块内地址，11位，
得011111110000，","data/csbench/student_images/CO_4/ANS_CO_656.jpg"
"CO_4","ANS_CO_661","P2","possible_teacher_under_score","14.0","model_avg_score","17.5","-3.5","3.5","5.0","-5.3","5.0","within_question_outlier","1.8","False","20.0","17.5","17.5","17.5","17.5","BND","1.7795","high","0.0","1.0","0.166667","","","","","解:(1)∵Cache每个主存块2KB=2¹¹B ∴主存和Cache块内地址为11位. 
∵Cache有32个主存块,每组2个 ∴Cache内一共分2^5/2=2⁴组.
∴Cache块号为(2^(23-11))%2⁴=4位. ∴字块标记为23-11-4=8位.
∴主存地址: 8位   4位 11位 
	字块标记|组号|块内地址 
Cache地址: 1位 8位 11位 
	有效位|标记|块内地址 
(2) 2007FFH=001011010000011111111111 字块标记:01011010 
组号:0000 ⇒块0或块1 ∴未访问到
7F0057H=0111111000000001011111 字块标记:11111110
组号:0000 ⇒块0或块1 ∴访问到","data/csbench/student_images/CO_4/ANS_CO_661.jpg"
"CO_4","ANS_CO_662","P1","possible_teacher_under_score","14.0","model_avg_score","19.3","-5.3","5.3","5.0","-7.1","5.0","absolute_disagreement|within_question_outlier","1.8","False","20.0","19.3","19.3","19.3","19.3","POS","0.9428","high","0.0","0.5","0.116667","","","","","解：∵MB=2²³B ∴主存总长度为23
 32=2⁵，2KB=2¹¹B ∴块内长度为11 又∵每组两1块，∴2⁵÷2¹=2⁴ ∴Cache地址为4 ∴23-4-11=8 
主存地址 Cache地址 块内地址 8 4 11
 (2) 2D07FFH = 0001 1101 0000 0111 1111 1111 (B) ∴不能 
7F0057H=0111 1111 0000 0000 0101 0111 1-1 存在11111110 ∴能","data/csbench/student_images/CO_4/ANS_CO_662.jpg"
"CO_4","ANS_CO_666","P2","possible_teacher_over_score","15.0","model_avg_score","9.7","5.3","5.3","5.0","3.5","5.0","absolute_disagreement","1.8","False","20.0","9.7","9.7","5.7","5.7","BND","1.8856","high","0.15","1.0","0.333333","a3wa_changed_score_materially","","","","解：主存
字块标记 组号 主存块
19(位) 4(位) 11(位)
Cache：
组号 4. 组内偏号 1 字块标记 19位
(2)：
2D07 FFH：0010 1101 0000 0111 1111 1111
拿掉第一位知，组号为：0001 为第1组，
块标记为： 0101 1010，故存在
7F 0057 H：0111 1111 0000 0000 0101 0111
组号为：0000 为第2组
找不到 块标记
故无法访问","data/csbench/student_images/CO_4/ANS_CO_666.jpg"
"CO_4","ANS_CO_676","P2","possible_teacher_under_score","8.0","model_avg_score","12.7","-4.7","4.7","5.0","-6.5","5.0","within_question_outlier","1.8","False","20.0","12.7","12.7","8.7","8.7","BND","5.1854","high","0.0","1.0","0.233333","a3wa_changed_score_materially|unstable_model_judgements","","","","(1) 8M=2³×2²⁰=2²³，23位 2K=2¹¹，11位 2¹¹×32=2¹⁶，采用二路组相联 主存地址标记：23-16=11位 块内地址：11位 组地址：16-11-1=4位 (2) 2D07FF H转换成二进制是：0000 1101 0000 0111 1111 1111 取不到该单元数据 7F 00 57 1H转换成二进制是：0111 1111 0000 0000 0101 0111 可以取到该单元数据","data/csbench/student_images/CO_4/ANS_CO_676.jpg"
"CO_4","ANS_CO_685","P2","possible_teacher_over_score","8.0","model_avg_score","2.7","5.3","5.3","5.0","3.5","5.0","absolute_disagreement","1.8","False","20.0","2.7","2.7","2.7","2.7","BND","0.9428","high","0.225","0.5","0.475","rubric_mapping_risk","","","","8MB:2²³B
块内地址:32:2⁵ 5位
2k8×2=2¹²B 12位
所以标记位: 23-12-5=6
∴ 6位 12位 5位
标记位 12位地址 块内地址
(2)①2D07FFH
001011010 000 011111111111B
②7F0057H
0111111100000000010101111B","data/csbench/student_images/CO_4/ANS_CO_685.jpg"
"CO_4","ANS_CO_692","P2","possible_teacher_under_score","15.0","model_avg_score","18.7","-3.7","3.7","5.0","-5.5","5.0","within_question_outlier","1.8","False","20.0","18.7","18.7","17.2","17.2","BND","1.2472","high","0.05","0.75","0.166667","","","","","(1)主存地址：主存块号标记 8位 cache块号标记 4位 块内地址 11位 cache地址：cache块号（组号）4位 块内地址 11位 
（2）2007FFH不能在Cache中访问到 
∵ 块标记=01011010 组号为0000 ∴ 其只能在块05与块1中找，
∵ 块0与块1中不存在tag 52 匹配 
∴找不到
 7F0057H能在Cache中访问到 
∵ 块标记=11111110，Cache组号：0000 
∴ 即为块1","data/csbench/student_images/CO_4/ANS_CO_692.jpg"
"CO_4","ANS_CO_695","P1","possible_teacher_over_score","19.0","model_avg_score","13.0","6.0","6.0","5.0","4.2","5.0","absolute_disagreement","1.8","False","20.0","13.0","13.0","15.0","15.0","BND","0.8165","high","0.0","0.5","0.133333","","","","","(1)32/2 = 16组
2KB = 2^11
8MB/2KB/16 = 2^8
故主存 
主存标记 组号 块内地址
8 4 11
cache
组号 块内地址
4 11
12) 2D07FFH
01010010000011111111111
故在0组有块0,1 经比对命中
无命中
7F0057H
111 1111 0000 0000 0101 0111
在0组 经比对命中中
故能访问","data/csbench/student_images/CO_4/ANS_CO_695.jpg"
"CO_4","ANS_CO_698","P1","possible_teacher_over_score","11.0","model_avg_score","1.8","9.2","9.2","5.0","7.4","5.0","absolute_disagreement|within_question_outlier","1.8","False","20.0","1.8","1.8","1.8","1.8","BND","0.6236","high","0.2","0.375","0.2","","","","","(1)主存字块标记 组地址 块内地址: 15 5 3 
(2)2D07FF H = 0010 1101 0000 0111 1111 1111 由上表可知，0101 1010 0000 0111 为主存块标记 由于表内找不到相应数据，所以此次访问Cache未命中，即不命中。 
7F0057H = 0111 1111 0000 0000 0101 0111 可知，主存标记号为0111 1111 0000 对应表内Cache块1和块3，此次访问Cache命中，即命中。","data/csbench/student_images/CO_4/ANS_CO_698.jpg"
"CO_4","ANS_CO_700","P1","possible_teacher_over_score","16.0","model_avg_score","9.8","6.2","6.2","5.0","4.4","5.0","absolute_disagreement","1.8","False","20.0","9.8","9.8","9.8","9.8","POS","0.2357","high","0.0","0.125","0.2","","","","","8MB=2²³B ∴主存共23位(按字节编址). 
2KB=2¹¹B ∴主存的块内地址为11位. Cache可放32个主存块,Cache块和主存块大小相同. ∴共有2⁵个,每两个一组2⁵÷2=2³组 23-11-4=8 主存块标记 Cache组号 块内地址 8位 4位 11位 每组两个Cache块,2^1,1位组块内字块地址. 
Cache组号 Cache组内块号 块内地址 4位 7位 11位 
2^4组，4位组号，11位块内地址
(2)2D07FFH=001011010000011111111111 B 舍去第一位0,共23位,前位为010110,为主存块号,显然该块号在Cache中未有的第2块标记,所以可以在Cache中访问到. 7F0057H=011111110000000001010111 B 舍去第一位,块号为1111110,为Cache第3号块标记,所以可以在Cache中访问到 标记","data/csbench/student_images/CO_4/ANS_CO_700.png"
"CO_4","ANS_CO_704","P2","possible_teacher_over_score","5.0","model_avg_score","0.0","5.0","5.0","5.0","3.2","5.0","absolute_disagreement","1.8","False","20.0","0.0","0.0","0.0","0.0","BND","0.0","low","0.5","0.0","0.5","extraction_risk|rubric_mapping_risk","","","","(1)由题中，主存为8MB，主存单元按字节编址。数据Cache中最多存放32个主存块，采用组相联方式进行主存-Cache地址映射，Cache每组2块，每块2KB。则…
(2)若CPU送出的地址为2D07FH时，能在Cache中访问到该单元的数据；若CPU送出的地址为7F0057H时，能在Cache中访问到该单元的数据。","data/csbench/student_images/CO_4/ANS_CO_704.png"
"CO_4","ANS_CO_720","P1","possible_teacher_over_score","20.0","model_avg_score","15.0","5.0","5.0","5.0","3.2","5.0","absolute_disagreement","1.8","False","20.0","15.0","15.0","14.0","14.0","BND","1.8708","high","0.0","1.0","0.15","","","","","(1)主存为8MB，则有23位。每块2kB，按字节编址，则块内地址位数为11位。Cache每组2块，则r=1。Cache中最多存放32个主存块，共有16组，q=4。主存S=23-4-11=8位。
主存结构和cache结构如图所示
(2)地址为2D07FFH时，对应010 1101 0000 0111 1111 1111 主存地址标记为01011010，不能在Cache中访问到数据 7F0057H，对应1111 0000 0000 0101 0111 
主存地址标记为111 11110，也能找到Cache块号为0","data/csbench/student_images/CO_4/ANS_CO_720.png"
"CO_4","ANS_CO_724","P2","possible_teacher_under_score","11.0","model_avg_score","14.7","-3.7","3.7","5.0","-5.5","5.0","within_question_outlier","1.8","False","20.0","14.7","14.7","14.7","14.7","BND","4.9889","high","0.1","1.0","0.35","unstable_model_judgements","","","","解：(1) Cache组数为 32/2 =16块 即 2⁴ Cache组号选择字段为4位. 
每块2kB. 即块地址为 2¹¹ 11位 
Cache每组2块. 即Cache块组内选择字段为1位 ,同时Cache还有1位有效位 标为8MB 即 2²³B 每块2kB为2¹¹B 主存分为 2²²/2¹¹=2¹²块 故块的块号 选择字段为12位 cache地址如图所示，主存如图所示
(2) 2D07FFH 转化为二进制为 0010,1101,0000,0111,1111,1111不能访问到 7F0057H 转化化二进制为 0111,1111,0000,0000,0101,0111 能访问到","data/csbench/student_images/CO_4/ANS_CO_724.png"
"CO_4","ANS_CO_725","P2","possible_teacher_over_score","16.0","model_avg_score","8.0","8.0","8.0","5.0","6.2","5.0","absolute_disagreement|within_question_outlier","1.8","False","20.0","8.0","8.0","4.0","4.0","BND","0.0","high","0.25","0.0","0.25","a3wa_changed_score_materially","","","","解:(1)主存地址为2^23
旧数=2^5/2=2^4
块内地址=11.组标记
∴主存：如图所示
Cache容量：2^16
cache地址如图所示
(2)2D07FFH 无法命中
7F0057H 可以命中","data/csbench/student_images/CO_4/ANS_CO_725.png"
"CO_4","ANS_CO_730","P2","possible_teacher_under_score","8.0","model_avg_score","17.3","-9.3","9.3","5.0","-11.1","5.0","absolute_disagreement|within_question_outlier","1.8","False","20.0","17.3","17.3","14.3","14.3","BND","2.4944","high","0.05","1.0","0.15","a3wa_changed_score_materially|unstable_model_judgements","","","","主存 Tag标志 块内偏移：12位 11位
Cache Tag标志位 组索引 块内偏移：8位 4位 11位
将2D07FF转换成二进制可得
0010 1101 0000 0111 1111 1111
由cache字段可知
111 1111 1111为块内偏移
0000为组索引1
010 11010为Tag块标记位
根据表可知01011010在块2内
2-组相联可知组索引应为0001
故cache无法访问到该单元的数据
将7F 0057转换成二进制可得
0111 1111 0000 0000 0101 0111
由cache字段可知
000 01010111为块内偏移
→0000为组索引1
111 11110为Tag块标记位
根据表可知111 11110为块1块3
组索引为000或0001
所以cache可以访问到
该单元的数据","data/csbench/student_images/CO_4/ANS_CO_730.png"
"CO_4","ANS_CO_731","P2","possible_teacher_over_score","12.0","model_avg_score","5.7","6.3","6.3","5.0","4.5","5.0","absolute_disagreement","1.8","False","20.0","5.7","5.7","5.7","5.7","BND","1.2472","high","0.35","0.75","0.541667","rubric_mapping_risk","","","","解 (1)设计ache地址: 
块内的地址 11位 
块的地址 1位 
组的地址 4位 
设计主存的地址: 
块内的地址 11位 
块的地址 1位 
组的地址 4位 
最外层地址 7位 
（2）解 能 能","data/csbench/student_images/CO_4/ANS_CO_731.png"
"CO_4","ANS_CO_747","P1","possible_teacher_over_score","8.0","model_avg_score","1.3","6.7","6.7","5.0","4.9","5.0","absolute_disagreement","1.8","False","20.0","1.3","1.3","0.0","0.0","BND","0.9428","high","0.0","0.5","0.166667","","","","","(1)主存： 块内地址 块号
   21 2
Cache 话块数 块地址 块号
21 9 2
(2) 能；不能。
2D07 FFH → 0010 1101 0000 0111 1111 1111
去掉块号后两位
→ 1111110 对应为块标记 块3
7F0057H → 取后10位 000101 0111 +对01010|111 不符合块标记","data/csbench/student_images/CO_4/ANS_CO_747.png"
"CO_4","ANS_CO_756","P1","possible_teacher_over_score","17.0","model_avg_score","12.0","5.0","5.0","5.0","3.2","5.0","absolute_disagreement","1.8","False","20.0","12.0","12.0","12.0","12.0","POS","0.0","high","0.0","0.0","0.0","","","","","(1)8MB=2²³×B 
32=2⁵
 采用二路组相联映像 
2KB=2¹¹×B 
组内地址11位
 2⁵/2=2⁴ 
组地址4位 
23-11-4=8位 
主存标记地址
8位 8位 4位 11位 
tag标记位 组地址 组内地址 
(2)2D07FFH=标记位为(0010 1101) 不能访问到该单元的数据 7F0057H 标记位为(0111 1111) 能访问到该单元的数据","data/csbench/student_images/CO_4/ANS_CO_756.png"
"CO_4","ANS_CO_758","P1","possible_teacher_over_score","9.0","model_avg_score","3.7","5.3","5.3","5.0","3.5","5.0","absolute_disagreement","1.8","False","20.0","3.7","3.7","3.7","3.7","BND","0.9428","high","0.1","0.5","0.166667","","","","","(1)解:由每块2kB可知，主块内地址为 2kB = 2¹⁰B 10位。由8MB/2kB =4k = 2¹²则tag为12位 由Cache中最多放32个块块，采用组相联，Cache每组2块可知
一共为32÷2=16组 = 2⁴组，则组索引为4位 
故主存 tag 组索引 块内 (12位) (4位) (10位) 
Cache 数据 tag 块内 (1位) (12位) (10位)
 (2) 由CPU送出2D07FFH可知 tag = 2D = 0010 1101
则由cache表可知未命中
则不能cache中访问到该单元的数据
 由CPU送出7F0057H可知 tag = 7F = 01111111 则由Cache表可知，不能在cache中访问到该单元的数据","data/csbench/student_images/CO_4/ANS_CO_758.png"
"CO_5","ANS_CO_258","P1","possible_teacher_over_score","8.0","model_avg_score","0.0","8.0","8.0","3.75","6.3","3.75","absolute_disagreement|within_question_outlier","1.7","False","15.0","0.0","0.0","0.0","0.0","POS","0.0","high","0.0","0.0","0.0","","","","","解:
(1)总档条数=3×2¹⁰=3072条
∵二地址指令有12条,零地址指令至少1条
∴一地址指令条数=3072-12-1=3059条

(2)零地址指令条数=3072-12-254=2806条","data/csbench/student_images/CO_5/ANS_CO_258.jpg"
"CO_5","ANS_CO_260","P2","possible_teacher_over_score","8.0","model_avg_score","0.0","8.0","8.0","3.75","6.3","3.75","absolute_disagreement|within_question_outlier","1.7","False","15.0","0.0","0.0","0.0","0.0","BND","0.0","high","0.333333","0.0","0.444444","rubric_mapping_risk","","","","①12→二地址后缀有4位，操作码有16-6=10位。
连地址：0000000
 一地址：000001 一地址最多2⁶-2=62条 
                  111110 
二地址：111111 0000 
                 111111 1011 

②","data/csbench/student_images/CO_5/ANS_CO_260.jpg"
"CO_5","ANS_CO_261","P2","possible_teacher_over_score","8.0","model_avg_score","1.7","6.3","6.3","3.75","4.6","3.75","absolute_disagreement|within_question_outlier","1.7","False","15.0","1.7","1.7","1.7","1.7","BND","0.5893","high","0.333333","0.416667","0.416667","rubric_mapping_risk","","","","1) 地址码为6位，共可表示2⁶=64个块地址。
二地址12条。
一地址最多51条
2）","data/csbench/student_images/CO_5/ANS_CO_261.jpg"
"CO_5","ANS_CO_263","P1","possible_teacher_under_score","8.0","model_avg_score","12.9","-4.9","4.9","3.75","-6.6","3.75","absolute_disagreement|within_question_outlier","1.7","False","15.0","12.9","12.9","12.9","12.9","POS","0.5893","high","0.0","0.416667","0.111111","","","","","设一地址指令最多有a条 
解:(1) 4×2⁶−a=1
       a=2^8-1 
(2) (2⁸−254)·2⁶=2^7","data/csbench/student_images/CO_5/ANS_CO_263.jpg"
"CO_5","ANS_CO_265","P2","possible_teacher_over_score","15.0","model_avg_score","10.8","4.2","4.2","3.75","2.5","3.75","absolute_disagreement","1.7","False","15.0","10.8","10.8","10.8","10.8","BND","4.2492","high","0.0","1.0","0.222222","unstable_model_judgements","","","","1) 没有n条地址指令。
由题意得
[(2^4- 12) × 2^6 - n] × 2^6 ≥ 1
解得 n ≤255
∴有 最多有255条。
2) 由题意得
[(2ⁿ - 12) × 2^6- 254] × 2¹⁶⁻¹ =2 × 2⁶ = 128
∴要地址指令的条数有128条。","data/csbench/student_images/CO_5/ANS_CO_265.jpg"
"CO_5","ANS_CO_268","P1","possible_teacher_over_score","8.0","model_avg_score","0.4","7.6","7.6","3.75","5.9","3.75","absolute_disagreement|within_question_outlier","1.7","False","15.0","0.4","0.4","0.4","0.4","POS","0.5893","high","0.0","0.416667","0.111111","","","","","解：1) 1b bit = 2Byte
设一地址指令有m条，零地址指令n条，n≥1
2^6 -12 = 52条
52×2^6 -m = 3328 -m 条
(3328 -m)×2^6 - n =
(2) 2^6 -12 = 52条
52×2^6 - 254 = 3074条","data/csbench/student_images/CO_5/ANS_CO_268.jpg"
"CO_5","ANS_CO_269","P2","possible_teacher_over_score","12.0","model_avg_score","7.1","4.9","4.9","3.75","3.2","3.75","absolute_disagreement","1.7","False","15.0","7.1","7.1","7.1","7.1","BND","2.1246","high","0.0","1.0","0.277778","unstable_model_judgements","","","","解:(1).设一地址指令最多有a条.
则要把地址指令条数 = ((2^4 -12 )×2^6-a)×2^6≥1.
可得 a≤2^8.
所以一地址指令最多有 256条.

(2)
0，1，2地址如图所示
所以零指令最多有128条.","data/csbench/student_images/CO_5/ANS_CO_269.jpg"
"CO_5","ANS_CO_270","P1","possible_teacher_over_score","10.0","model_avg_score","0.8","9.2","9.2","3.75","7.5","3.75","absolute_disagreement|within_question_outlier","1.7","False","15.0","0.8","0.8","0.8","0.8","POS","0.5893","high","0.0","0.416667","0.055556","","","","","解:(1). 二地址指令中,包含操作码4位,地址码1 6位,地址码2 6位.
二地址指令12条,需要 2³<12+1<2⁴,4位操作码位数.
一地址指令包含操作码10位,地址码6位.
故一地址指令最多有 2^6-1 即 2^6-1条指令
(2). 零地址指令中包含操作码16位,地址码0位,
二地址指令12条,需要 2³<12+1<2⁴,4位操作码位数.
一地址指令254条,需要 2⁷<254+1<2⁸,8位操作码位数.
零地址指令的前段位数Pre=((2¹⁰⁻⁴-1)×2¹⁶⁻¹⁰-254)=2974,共需12位.
所以零地址指令条数最多有 2^(16-12)=2⁴条","data/csbench/student_images/CO_5/ANS_CO_270.jpg"
"CO_5","ANS_CO_271","P1","possible_teacher_over_score","8.0","model_avg_score","0.0","8.0","8.0","3.75","6.3","3.75","absolute_disagreement|within_question_outlier","1.7","False","15.0","0.0","0.0","0.0","0.0","POS","0.0","high","0.0","0.0","0.0","","","","","2^(16-6)=2^10=1024(条).
1). 1024 -12 -1=1011(条).
2). 1024 -12 -254=758(条).","data/csbench/student_images/CO_5/ANS_CO_271.jpg"
"CO_5","ANS_CO_273","P1","possible_teacher_over_score","8.0","model_avg_score","0.0","8.0","8.0","3.75","6.3","3.75","absolute_disagreement|within_question_outlier","1.7","False","15.0","0.0","0.0","0.0","0.0","POS","0.0","high","0.0","0.0","0.0","","","","","(1) 2^(16-10-1)=2^9=512.
512-12-1=499.
(2) 512-12-254=246.","data/csbench/student_images/CO_5/ANS_CO_273.jpg"
"CO_5","ANS_CO_274","P1","possible_teacher_over_score","8.0","model_avg_score","2.1","5.9","5.9","3.75","4.2","3.75","absolute_disagreement|within_question_outlier","1.7","False","15.0","2.1","2.1","2.1","2.1","BND","1.1785","high","0.0","0.833333","0.138889","","","","","解：
（1）二地址：
如图所示
当至少存在一条有零地址指测一地址：
如图所示
∴一地址指令最多有4098条
（2）
如图所示
零地址最多有16条.","data/csbench/student_images/CO_5/ANS_CO_274.jpg"
"CO_5","ANS_CO_276","P2","possible_teacher_over_score","10.0","model_avg_score","5.4","4.6","4.6","3.75","2.9","3.75","absolute_disagreement","1.7","False","15.0","5.4","5.4","7.9","7.9","BND","0.5893","high","0.0","0.416667","0.222222","a3wa_changed_score_materially","","","","解: (1) ∵ 地址码有 6 位
16 - 6 - 6 = 4
2⁴ = 16
16 - 12 = 4
16 - 6 = 10
10 - 4 = 6
2⁶ = 64
4×(64 - 1) = 252条
(2) 4×64 = 256
256 - 254 = 2
16 - 10 = 6
2×2⁶ = 2⁷ = 128
∴ 最多有 128 条.","data/csbench/student_images/CO_5/ANS_CO_276.jpg"
"CO_5","ANS_CO_277","P1","possible_teacher_over_score","8.0","model_avg_score","0.0","8.0","8.0","3.75","6.3","3.75","absolute_disagreement|within_question_outlier","1.7","False","15.0","0.0","0.0","0.0","0.0","POS","0.0","high","0.0","0.0","0.0","","","","","解:分析可得:
如图所示
由距离可知:
0·x + 6·y + 12×12 
= 16x + 10y + 4x12
∴ y = 24 - 4x(x ≥ 1)        
∴ y ≤20
故最多有20条    

（2）6*256+12*12=16x+10*25+12
	x ≤56
故最多有56条","data/csbench/student_images/CO_5/ANS_CO_277.jpg"
"CO_5","ANS_CO_279","P2","possible_teacher_over_score","15.0","model_avg_score","6.7","8.3","8.3","3.75","6.6","3.75","absolute_disagreement|within_question_outlier","1.7","False","15.0","6.7","6.7","4.83","4.83","BND","2.357","high","0.0","1.0","0.277778","a3wa_changed_score_materially|unstable_model_judgements","","","","解：
（1） 地址量：(2⁴ - 12) × 2⁶ - 1 =225条
（2）：零地址量各有：((2⁴ - 12)×2⁶ - 254)×2⁶ = 2⁷ = 128条","data/csbench/student_images/CO_5/ANS_CO_279.jpg"
"CO_5","ANS_CO_280","P1","possible_teacher_over_score","8.0","model_avg_score","0.0","8.0","8.0","3.75","6.3","3.75","absolute_disagreement|within_question_outlier","1.7","False","15.0","0.0","0.0","0.0","0.0","POS","0.0","high","0.166667","0.0","0.166667","","","","","指令码为16位.其中地址位为6位.∴操作码=16-6=10位.
(1) 指令条数=2¹⁰=1024条.
二地址指令12条.至少1条零地址指令.
∴一地址指令最多=1024-12-1=1011条.
(2) 零地址指令最多= 2¹⁰-12-254
=1024-12-254
=758条.","data/csbench/student_images/CO_5/ANS_CO_280.jpg"
"CO_5","ANS_CO_286","P2","possible_teacher_over_score","15.0","model_avg_score","10.8","4.2","4.2","3.75","2.5","3.75","absolute_disagreement","1.7","False","15.0","10.8","10.8","7.8","7.8","BND","2.357","high","0.0","1.0","0.305556","a3wa_changed_score_materially|unstable_model_judgements","","","","解：
如图所示
(1) 如图所示
所以有255条-地址，因为要留出一位给零地址作前缀
(2) 如图所示
2^7=128条
∴零地址最多有128条","data/csbench/student_images/CO_5/ANS_CO_286.jpg"
"CO_5","ANS_CO_287","P2","possible_teacher_over_score","8.0","model_avg_score","0.0","8.0","8.0","3.75","6.3","3.75","absolute_disagreement|within_question_outlier","1.7","False","15.0","0.0","0.0","0.0","0.0","BND","0.0","low","0.333333","0.0","0.333333","extraction_risk","","","","解：
(1) ∵二地址指令有12条，且至少有一条零地址指令，
    地址码为6位
    ∴一地址指令最多有71条
(2) ∵二地址有12条，一地址指令有254条，地址码为6位
    ∴零地址指令最多有6条。","data/csbench/student_images/CO_5/ANS_CO_287.jpg"
"CO_5","ANS_CO_289","P1","possible_teacher_over_score","8.0","model_avg_score","0.0","8.0","8.0","3.75","6.3","3.75","absolute_disagreement|within_question_outlier","1.7","False","15.0","0.0","0.0","0.0","0.0","POS","0.0","high","0.0","0.0","0.0","","","","","解:(1)2⁶×16=1024
1024-2²×12-1=975
975÷2=487.5
一地址指令最多487条
(2)(1024-2²×12)-2*254=468
零地址指令最多468条","data/csbench/student_images/CO_5/ANS_CO_289.jpg"
"CO_5","ANS_CO_291","P1","possible_teacher_over_score","10.0","model_avg_score","2.8","7.2","7.2","3.75","5.5","3.75","absolute_disagreement|within_question_outlier","1.7","False","15.0","2.8","2.8","2.8","2.8","POS","0.4714","high","0.0","0.333333","0.111111","","","","","(1)2⁴-12=4
(4-1)×2⁶=768
∴一地址指令最多有768条

(2)2⁴-12=4
2⁸-254=2
2×2（6+1）=>256
∴零地址指令最多有256条","data/csbench/student_images/CO_5/ANS_CO_291.jpg"
"CO_5","ANS_CO_294","P1","possible_teacher_over_score","8.0","model_avg_score","0.0","8.0","8.0","3.75","6.3","3.75","absolute_disagreement|within_question_outlier","1.7","False","15.0","0.0","0.0","0.0","0.0","POS","0.0","high","0.0","0.0","0.0","","","","","(1)地址码为6位
2^6=64
64-12×2=40
2^10-12-1=611
4×611=40440
∴最多有40440条.

(2)
1212=6
64-2=62
254-62=192","data/csbench/student_images/CO_5/ANS_CO_294.jpg"
"CO_5","ANS_CO_295","P1","possible_teacher_over_score","8.0","model_avg_score","0.0","8.0","8.0","3.75","6.3","3.75","absolute_disagreement|within_question_outlier","1.7","False","15.0","0.0","0.0","0.0","0.0","POS","0.0","high","0.0","0.0","0.0","","","","","(1) 16-6=10
12×2² + 6×2^0+ 2a = 2^10  b=22时
αmax = 482  最多有482条
(2) 254×2¹ + 12×2² + b×2^0 = 2^10
b = 722  ∴零地址条数最多有722条","data/csbench/student_images/CO_5/ANS_CO_295.jpg"
"CO_5","ANS_CO_299","P1","possible_teacher_over_score","8.0","model_avg_score","0.0","8.0","8.0","3.75","6.3","3.75","absolute_disagreement|within_question_outlier","1.7","False","15.0","0.0","0.0","0.0","0.0","POS","0.0","high","0.0","0.0","0.0","","","","","(1) 
如图所示
令一地址指令有x条  
则 X+24=6k
2X+37=16k
∴一地址指令最多有7条
(2) 零地址最多有9条","data/csbench/student_images/CO_5/ANS_CO_299.jpg"
"CO_5","ANS_CO_301","P2","possible_teacher_over_score","8.0","model_avg_score","1.2","6.8","6.8","3.75","5.1","3.75","absolute_disagreement|within_question_outlier","1.7","False","15.0","1.2","1.2","0.0","0.0","BND","1.7678","high","0.0","1.0","0.166667","unstable_model_judgements","","","","(1) 二地址指令全占 12×6=72
零地址指令占 0×1=0
一地址指令 6×16-72=24
24÷6=4
(2) 12×6=72
254×6=1524","data/csbench/student_images/CO_5/ANS_CO_301.jpg"
"CO_5","ANS_CO_304","P1","possible_teacher_over_score","8.0","model_avg_score","0.0","8.0","8.0","3.75","6.3","3.75","absolute_disagreement|within_question_outlier","1.7","False","15.0","0.0","0.0","0.0","0.0","POS","0.0","high","0.0","0.0","0.0","","","","","(1)16-10=10
2^10=1024(种)
1024-12-1=1011
即最多1011条
2) 1024-12-254=758(条)
即最多758条","data/csbench/student_images/CO_5/ANS_CO_304.jpg"
"CO_5","ANS_CO_307","P1","possible_teacher_over_score","8.0","model_avg_score","0.8","7.2","7.2","3.75","5.5","3.75","absolute_disagreement|within_question_outlier","1.7","False","15.0","0.8","0.8","0.0","0.0","BND","0.5401","high","0.166667","0.416667","0.333333","","","","","解.
(1)若二地址指令有12条. 当只有一条零地址时此时一地址指令是最多的.
可知地址码有6位.即最多有2^6=64条指令.则一地址指令最多有 51条.
(2)若二地址指令有12条. 一地址指令有254条. 一共有266条. 零地址指令
最多有246条.","data/csbench/student_images/CO_5/ANS_CO_307.jpg"
"CO_5","ANS_CO_311","P2","possible_teacher_over_score","10.0","model_avg_score","2.9","7.1","7.1","3.75","5.4","3.75","absolute_disagreement|within_question_outlier","1.7","False","15.0","2.9","2.9","0.0","0.0","BND","2.1246","high","0.0","1.0","0.166667","a3wa_changed_score_materially|unstable_model_judgements","","","","解: 指令长16位,地址码为6位,则操作码为16-6=10位。
(1)二地址有12条,2^4>12,∴二地址需要4位操作码除2位地址码=6位
零地址至少有一条,2^1>1,∴零地址指令需1位操作码+0位地址码=1位
∴一地址指令操作码位数=16-6-1=9位
∴一地址指令最多有2^9-1=2^8=256条
(4)2^4>12;4+2=6位.
2^8>252,8+1=9位  16-9-6=1
零地址需要0位地址码.
∴零地址指令最多有2^(1-0)=2条.
","data/csbench/student_images/CO_5/ANS_CO_311.jpg"
"CO_5","ANS_CO_313","P1","possible_teacher_over_score","8.0","model_avg_score","1.2","6.8","6.8","3.75","5.1","3.75","absolute_disagreement|within_question_outlier","1.7","False","15.0","1.2","1.2","1.2","1.2","BND","1.0206","high","0.166667","0.833333","0.277778","","","","","(1) ∵L=(2ᵐ -N)×2ⁿ⁻ᵐ -N
操作码有16-6=10位,地址码6位
一地址最多有
(2) ∵L=(2ᵐ -N)×2ⁿ⁻ᵐ -N
操作码有10位,地址码6位
零地址最多有","data/csbench/student_images/CO_5/ANS_CO_313.png"
"CO_5","ANS_CO_315","P2","possible_teacher_over_score","8.0","model_avg_score","0.0","8.0","8.0","3.75","6.3","3.75","absolute_disagreement|within_question_outlier","1.7","False","15.0","0.0","0.0","0.0","0.0","BND","0.0","low","0.333333","0.0","0.333333","extraction_risk","","","","二地址有12条. 
至少有一条零地址指令
一地止业最多有条499条
12. 零地址指令最多245条","data/csbench/student_images/CO_5/ANS_CO_315.png"
"CO_5","ANS_CO_317","P1","possible_teacher_over_score","8.0","model_avg_score","0.8","7.2","7.2","3.75","5.5","3.75","absolute_disagreement|within_question_outlier","1.7","False","15.0","0.8","0.8","0.8","0.8","BND","1.1785","high","0.083333","0.833333","0.180556","","","","","1) 地址码6位
2^6 - 1 = 64 - 1 = 63
63 - 12 - 1 = 50条
一地址最多50条

2) 2^9 - 1 - 12 - 254 = 245条
零地址最多245条","data/csbench/student_images/CO_5/ANS_CO_317.png"
"CO_5","ANS_CO_319","P1","possible_teacher_over_score","8.0","model_avg_score","0.4","7.6","7.6","3.75","5.9","3.75","absolute_disagreement|within_question_outlier","1.7","False","15.0","0.4","0.4","0.4","0.4","POS","0.5893","high","0.0","0.416667","0.111111","","","","","(1) 由题意可知编码格式为4-6-6
(2⁴-1)×2⁶⁻⁴=960
二地址有12条，至少需留一位
故一地址指令最多有959条
(2) ((2⁴-X)×2¹⁰⁻⁴)-254 > 1
16-X≥4
X最大为12
故零地址指令最多12条","data/csbench/student_images/CO_5/ANS_CO_319.png"
"CO_5","ANS_CO_320","P1","possible_teacher_over_score","10.0","model_avg_score","5.8","4.2","4.2","3.75","2.5","3.75","absolute_disagreement","1.7","False","15.0","5.8","5.8","5.8","5.8","BND","0.5893","high","0.166667","0.416667","0.222222","","","","","(1) 二地址指令有12条
2^n -1=12
2^n=13
一地址指令最多[(2^n -1)×2^n ]-1=12×13 -1=156条
(2) 128条","data/csbench/student_images/CO_5/ANS_CO_320.png"
"CO_5","ANS_CO_321","P2","possible_teacher_over_score","15.0","model_avg_score","9.2","5.8","5.8","3.75","4.1","3.75","absolute_disagreement|within_question_outlier","1.7","False","15.0","9.2","9.2","6.2","6.2","BND","3.118","high","0.0","1.0","0.333333","a3wa_changed_score_materially|unstable_model_judgements","","","","(1)(2²-12)×2⁶ -1=255
(2)[(4-12)×2⁶ -254]×2⁶=128","data/csbench/student_images/CO_5/ANS_CO_321.png"
"CO_5","ANS_CO_323","P2","possible_teacher_over_score","15.0","model_avg_score","7.5","7.5","7.5","3.75","5.8","3.75","absolute_disagreement|within_question_outlier","1.7","False","15.0","7.5","7.5","5.62","5.62","BND","2.0412","high","0.0","1.0","0.166667","a3wa_changed_score_materially|unstable_model_judgements","","","","解：∵地址译码为6位，∴操作码为4位，
(1)一地址指令需留出6位地址位，设有n条
∴((16-12)×2⁶ -n)×2⁶=2⁶ ∴n=256条
(2) 二地址12条，一地址254条
((16-12)×2⁶ -254)×2⁶=128条","data/csbench/student_images/CO_5/ANS_CO_323.png"
"CO_5","ANS_CO_327","P2","possible_teacher_over_score","8.0","model_avg_score","2.0","6.0","6.0","3.75","4.3","3.75","absolute_disagreement|within_question_outlier","1.7","False","15.0","2.0","2.0","0.12","0.12","BND","2.8284","high","0.0","1.0","0.222222","a3wa_changed_score_materially|unstable_model_judgements","","","","(1)如图所示
一地址 10位  6位
二地址 4位 6位 6位
0地址 ______ 条
至少有一条零地址
则一地址最多为
(16-12)×(2⁶-1)
= 252条

(2)
二地址 12.
一地址 254
0 ↑
254=4×(2⁶-2)
则零地址最多
((6-12)×2×2⁶
= 512","data/csbench/student_images/CO_5/ANS_CO_327.png"
"CO_5","ANS_CO_337","P1","possible_teacher_over_score","8.0","model_avg_score","0.0","8.0","8.0","3.75","6.3","3.75","absolute_disagreement|within_question_outlier","1.7","False","15.0","0.0","0.0","0.0","0.0","POS","0.0","high","0.0","0.0","0.0","","","","","解：(1)由于地址码有6位，一共有2⁶=64条指令格式
    对操作码：16-6=10位
    12=2³＋4 条,5位
    零地址：1条,二地址：12条
    则一地址指令最多有 16+6-5-1=16位
        其中操作码占10位,则有2⁶=64条
(2)二地址：12=2³＋4条
    一地址：254=2⁸-2 条
    16+6-4-8=10位
    此时操作码占4位
    零地址最多有2⁶=64条","data/csbench/student_images/CO_5/ANS_CO_337.png"
"CO_5","ANS_CO_338","P2","possible_teacher_over_score","8.0","model_avg_score","2.2","5.8","5.8","3.75","4.1","3.75","absolute_disagreement|within_question_outlier","1.7","False","15.0","2.2","2.2","0.0","0.0","BND","2.095","high","0.0","1.0","0.222222","a3wa_changed_score_materially|unstable_model_judgements","","","","解:
如图所示
若要一地址指令最多，则零地址仅有1条指令。
设一地址指令有x条，则
(2⁴−12)*(2⁶−x)*2⁶ =1
x=2^9−2^10 =192条.
(2) Lmax=(2⁴−12)×(2⁸−254)x2⁶
=512条.
∴零地址最多有512条.","data/csbench/student_images/CO_5/ANS_CO_338.png"
"CO_5","ANS_CO_339","P1","possible_teacher_over_score","8.0","model_avg_score","0.0","8.0","8.0","3.75","6.3","3.75","absolute_disagreement|within_question_outlier","1.7","False","15.0","0.0","0.0","0.0","0.0","POS","0.0","high","0.0","0.0","0.0","","","","","解：(1)扩展编码长为4-6-6
由题可知：一地址最多有[(2⁴ - 1)×2⁶ - 1]×2⁶ =959
(2)设零地址指令最多有x条。
由题可知：[(2⁴ - x)×2⁶ - 12]×2⁶ ≥ 254
    即：(2⁴ - x)×2⁶ - 12 ≥ 4
    即 (2⁴ - x)×2⁶ ≥ 16
    ∴ 2⁴ - x ≥ 1
    ∴ x = 2⁴ - 1 = 15条。","data/csbench/student_images/CO_5/ANS_CO_339.png"
"CO_5","ANS_CO_348","P1","possible_teacher_over_score","8.0","model_avg_score","2.9","5.1","5.1","3.75","3.4","3.75","absolute_disagreement","1.7","False","15.0","2.9","2.9","2.9","2.9","BND","1.1785","high","0.0","0.833333","0.111111","","","","","(1) 4 6 6
∴[(2⁴×2⁶)-12]×2⁶
∴一地址指令最多有(2⁴×2⁶ -12)×2⁶ -1 条,
=64767条
(2)
零地址指令数最多为[(2⁴×2⁶ -12)×2⁶ -254]×2⁶条,","data/csbench/student_images/CO_5/ANS_CO_348.png"
"CO_5","ANS_CO_349","P2","possible_teacher_over_score","8.0","model_avg_score","0.0","8.0","8.0","3.75","6.3","3.75","absolute_disagreement|within_question_outlier","1.7","False","15.0","0.0","0.0","0.0","0.0","BND","0.0","low","0.333333","0.0","0.333333","extraction_risk","","","","解: 
(1) 3位操作码,1位间址码.
一地址指令至少有256位
(2) 零位地 地址指令至少有1024位","data/csbench/student_images/CO_5/ANS_CO_349.png"
"CO_5","ANS_CO_353","P2","possible_teacher_over_score","12.0","model_avg_score","7.5","4.5","4.5","3.75","2.8","3.75","absolute_disagreement","1.7","False","15.0","7.5","7.5","5.62","5.62","BND","2.0412","high","0.0","1.0","0.277778","a3wa_changed_score_materially|unstable_model_judgements","","","","由题意得多种格式的指令如下:
如图所示
可得零地址、一地址、二地址情况下操作码的码长为16-10-4.设对应的码数为L/M/N.
(1) 二地址指令有12条,零地址指令有一条.
则当零地址指令有一条时,一地址指令最多
此时为 4×2^(10-4)-2 =254条.
(2)分析可得
Lmax=((2^4-12)×2^(10-4) -254)×2^(16-10)
=2×2^6[
=128条.","data/csbench/student_images/CO_5/ANS_CO_353.png"
"CO_5","ANS_CO_372","P2","possible_teacher_over_score","8.0","model_avg_score","2.1","5.9","5.9","3.75","4.2","3.75","absolute_disagreement|within_question_outlier","1.7","False","15.0","2.1","2.1","2.1","2.1","NEG","0.5893","low","0.833333","0.416667","0.888889","extraction_risk|rubric_mapping_risk","","","","(1)指令格式分析
指令总长度：16位
地址码长度：6位（固定）
操作码采用扩展编码方式
指令类型：零地址，一地址，二地址。
(2)二地址指令
2×6=12位
16-12=4位
12条（log12）=4位
所以 16-12=4个编码未使用","data/csbench/student_images/CO_5/ANS_CO_372.png"
"CO_5","ANS_CO_373","P2","possible_teacher_over_score","8.0","model_avg_score","0.0","8.0","8.0","3.75","6.3","3.75","absolute_disagreement|within_question_outlier","1.7","False","15.0","0.0","0.0","0.0","0.0","BND","0.0","low","0.333333","0.0","0.333333","extraction_risk","","","","① 一 地址指令最效有 63条
② 地址令最效有 256 条.","data/csbench/student_images/CO_5/ANS_CO_373.png"
"CO_5","ANS_CO_375","P2","possible_teacher_over_score","8.0","model_avg_score","0.0","8.0","8.0","3.75","6.3","3.75","absolute_disagreement|within_question_outlier","1.7","False","15.0","0.0","0.0","0.0","0.0","BND","0.0","low","0.333333","0.0","0.333333","extraction_risk","","","","(1)一地址指令最多有192条
(2)零地址指令最多有120条","data/csbench/student_images/CO_5/ANS_CO_375.png"
"CO_6","ANS_CO_385","P1","possible_teacher_over_score","16.0","model_avg_score","10.2","5.8","5.8","5.0","3.1","5.0","absolute_disagreement","2.7","False","20.0","10.2","10.2","10.2","10.2","POS","0.2357","high","0.0","0.125","0.15","","","","","⌈log₂(12+1)⌉=4. ⌈log₂(8+1)⌉=4 ⌈log₂(16+1)⌉=5
⌈log₂(4+1)⌉=3.
∴控制字段需要 4+4+5+3=16位  (2¹⁶>180).
2³=8, ∴ BCF需要3位,  2⁹=512. ∴BAF需要9位.
每条微指令的总长度:16+3+9=28位
(2).控制存储器总容量 2⁹×28位 即 14kb = 1.75KB
答:总容量 14k 位, 1.75k字节.","data/csbench/student_images/CO_6/ANS_CO_385.png"
"CO_6","ANS_CO_387","P1","possible_teacher_over_score","10.0","model_avg_score","4.0","6.0","6.0","5.0","3.3","5.0","absolute_disagreement","2.7","False","20.0","4.0","4.0","4.0","4.0","POS","0.0","high","0.0","0.0","0.066667","","","","","(1)512=2^9
下址字段为9位
9-8=1
⌈log₂(12+1)⌉=4
⌈log₂(8+1)⌉=4
⌈log₂(6+1)⌉=5
⌈log₂(4+1)⌉=3
4+4+5+3=16
操作控制字段需要16位
BCF需要8位
BAF需要1位
总长度为25位

(2)25×2^9
=12800位
=1600字节","data/csbench/student_images/CO_6/ANS_CO_387.png"
"CO_6","ANS_CO_389","P2","possible_teacher_over_score","16.0","model_avg_score","8.7","7.3","7.3","5.0","4.6","5.0","absolute_disagreement","2.7","False","20.0","8.7","8.7","12.7","12.7","BND","1.8856","high","0.0","1.0","0.133333","a3wa_changed_score_materially","","","","(1) 最多支持8种条件转移，所以 BCF=3位，能够寻址512条
子数命令：BAF=9位，
180-12-8-16-4=140
log12=4  log8=3  log16=4  log4=2
控制字段：140+4+3+4+2=153位 ，总长度为：153+3+9=165位
(2) 控制存储器总容量 2⁹=512位
字节：512÷2=256个字节","data/csbench/student_images/CO_6/ANS_CO_389.png"
"CO_6","ANS_CO_391","P2","possible_teacher_under_score","4.0","model_avg_score","10.0","-6.0","6.0","5.0","-8.7","5.0","absolute_disagreement|within_question_outlier","2.7","False","20.0","10.0","10.0","10.0","10.0","BND","2.8284","high","0.2","1.0","0.5","rubric_mapping_risk|unstable_model_judgements","","","","解（1）根据题意：
2⁸=256>180，而2⁷=128<180. 8×2=16 16+1=17. 由于做地址和指令存储器能寻512条的指令且512=2⁹. 则有. 
BCF 需要 3位. 
BAF 需要 9位. 目有
16+3+9=28(位) 即每条做指令长度为28位. 
(2) 28+9=37. 
故控制存储器总容量为2³⁷位. 其2³⁷/8=2³⁶个字节.","data/csbench/student_images/CO_6/ANS_CO_391.png"
"CO_6","ANS_CO_393","P2","possible_teacher_over_score","18.0","model_avg_score","11.7","6.3","6.3","5.0","3.6","5.0","absolute_disagreement","2.7","False","20.0","11.7","11.7","13.2","13.2","BND","2.7789","high","0.0","1.0","0.183333","unstable_model_judgements","","","","解:(1) 需控180条微操作 停有4个互斥组
第1组有12个 故需要4位. log₂(12+1) 向上取整
第2组有8个 故需要4位. log₂(8+1) 向上取整.
第3组有16个 故需要5位  log₂(16+1) 向上取整
第4组有4个 故需要3位  log₂(4+1) 向上取整
还剩140个微操作信号 需要140位 采用直接
寻址上12条微指令 ∴BCF+BAF = 9位即9位地址
主8种条件转移 ∴BCF=3位. BAF = 6位.
每条微指令总长度 控制字段+下址字段 = 156+9=165
(2)控制存储器容量 2⁹×165bit = 84480 bit
字节：2⁹×8 B = 2¹² = 4096 B  
∴需要84480位 4096字节 ","data/csbench/student_images/CO_6/ANS_CO_393.png"
"CO_6","ANS_CO_396","P1","possible_teacher_over_score","20.0","model_avg_score","15.0","5.0","5.0","5.0","2.3","5.0","absolute_disagreement","2.7","False","20.0","15.0","15.0","15.0","15.0","BND","0.8165","high","0.15","0.5","0.216667","","","","","解: (1) C₁=[log₂(12+1)]=4  C₂=[log₂(8+1)]=4  C₃=[log₂(6+1)]=5  C₄=[log₂(4+1)]=3
控制字段1:180-12-8-16-4=140
控制字段2:4+4+5+3=16位
8=2³  512=2⁹  BCF=3, BAF=9
140+16+3+9=168
∴控制字段156位,BCF 3位,BAF 9位,总长度168位
(2) 512×68=84×2⁶=10752B
∴总容量为86016位,即10752字节","data/csbench/student_images/CO_6/ANS_CO_396.png"
"CO_6","ANS_CO_406","P2","possible_teacher_over_score","17.0","model_avg_score","11.5","5.5","5.5","5.0","2.8","5.0","absolute_disagreement","2.7","False","20.0","11.5","11.5","12.5","12.5","BND","2.273","high","0.2","1.0","0.45","rubric_mapping_risk|unstable_model_judgements","","","","解：(1)控制字段需要位数为140+4+4+5+3=156位
BCF需要位数为8位，BAF需要位数为log₂512=9位
每条微指令总长度为156+8+9=173位.
(2)控制存储器的总容量为 512×173=88576位.
=11072字节.","data/csbench/student_images/CO_6/ANS_CO_406.png"
"CO_6","ANS_CO_418","P2","possible_teacher_under_score","4.0","model_avg_score","8.0","-4.0","4.0","5.0","-6.7","5.0","within_question_outlier","2.7","False","20.0","8.0","8.0","8.0","8.0","BND","0.8165","high","0.2","0.5","0.25","","","","","(1)512种操作 需要 9位地址码
8种条件转移 需要 3位
互反组 分别属于 4位 4位 5位 3位 一支需要 16位
BAF 需要 8位
DCF 需要 3位
微指令总长度为28位
2) 2^9×180 = 92160位
92160 ÷8= 11520字","data/csbench/student_images/CO_6/ANS_CO_418.png"
"CO_6","ANS_CO_420","P1","possible_teacher_over_score","16.0","model_avg_score","9.0","7.0","7.0","5.0","4.3","5.0","absolute_disagreement","2.7","False","20.0","9.0","9.0","9.0","9.0","POS","0.7071","high","0.0","0.375","0.05","","","","","(1) 自M互斥信号的互斥组需要位数n=log₂m+1
∴⌈log₂13⌉=4，⌈log₂9⌉=4，⌈log₂17⌉=5，⌈log₂5⌉=3.
∴控制字段应数为4+4+5+3=16
∵支持最为8种条件转移 ∴BCF需要3位
∵控制储存器需要能够寻址512=2⁹条微指令 ∴BAF需要9位
∴每条微指令总长度为16+3+9=28位.
(2) 总容量为2⁹×28位
    =2^6×28字节.","data/csbench/student_images/CO_6/ANS_CO_420.png"
"CO_6","ANS_CO_424","P1","possible_teacher_over_score","16.0","model_avg_score","10.3","5.7","5.7","5.0","3.0","5.0","absolute_disagreement","2.7","False","20.0","10.3","10.3","10.3","10.3","POS","0.4714","high","0.0","0.25","0.033333","","","","","(1) 互斥组 所需位数
12 4
8 4
16 5
4 3
控制字段:4+4+5+3=16位
条件转移:2³个. 需要3位.
微指令:2⁹个条. 需要9位
综上:
控制字段:16位
BCF:3 位
BAF:9 位
每条微指令总长度:28.
(2).控制存储器地址空间:9.
容量:2⁹×28. = 14336
字节: 2⁹×28/2³ = 1792","data/csbench/student_images/CO_6/ANS_CO_424.png"
"CO_6","ANS_CO_425","P1","possible_teacher_over_score","18.0","model_avg_score","9.0","9.0","9.0","5.0","6.3","5.0","absolute_disagreement|within_question_outlier","2.7","False","20.0","9.0","9.0","9.0","9.0","POS","0.8165","high","0.0","0.5","0.033333","","","","","(1)四个互斥组
第1组:4位
第2组:4位
第3组:5位
第4组:3位.
共28位. 剩余180-12-8-16-4=140
剩余140个信号采取直接编程得140位
故. 控制字段是140+28=168位.
Bcf:8种条件转移即8位.
Baf:512=2^9 即9位
∴微指令总长度为168+8+9=185位.
(2)512*185=94720位
1个字节为8位
94720/8=11965个
有11965个字节","data/csbench/student_images/CO_6/ANS_CO_425.png"
"CO_6","ANS_CO_441","P2","possible_teacher_over_score","12.0","model_avg_score","7.0","5.0","5.0","5.0","2.3","5.0","absolute_disagreement","2.7","False","20.0","7.0","7.0","8.0","8.0","BND","3.266","high","0.0","1.0","0.2","unstable_model_judgements","","","","(1)控制字段：(4+3+4+2)+140=153位
控制字段需要40位，BCP需要3位，BAP需要4位，每条微指令的总长度为165位，3+9+153=165位
(2)控制存储器的容量为512×165=84,480位
字节：84480/8=10560字节","data/csbench/student_images/CO_6/ANS_CO_441.png"
"CO_6","ANS_CO_442","P2","possible_teacher_over_score","6.0","model_avg_score","0.0","6.0","6.0","5.0","3.3","5.0","absolute_disagreement","2.7","False","20.0","0.0","0.0","0.0","0.0","NEG","0.0","low","1.0","0.0","1.0","extraction_risk|rubric_mapping_risk","","","","(1)控制字段需153位,BCF需要3位,BAF需9位
每条微指令的总长度为165位
(2)控制存储器总容量为84,480位(即10560字节)","data/csbench/student_images/CO_6/ANS_CO_442.png"
"CO_6","ANS_CO_444","P2","possible_teacher_over_score","5.0","model_avg_score","0.0","5.0","5.0","5.0","2.3","5.0","absolute_disagreement","2.7","False","20.0","0.0","0.0","0.0","0.0","NEG","0.0","low","1.0","0.0","1.0","extraction_risk|rubric_mapping_risk","","","","(1) BCF : 3 位
BAF : 9 位
每条微指令的长度为 52 位
(2) 控制存储器总容量为26624位，3328字节","data/csbench/student_images/CO_6/ANS_CO_444.png"
"CO_7","ANS_CO_449","P2","possible_teacher_over_score","8.0","model_avg_score","1.7","6.3","6.3","1.5","6.3","1.5","absolute_disagreement|within_question_outlier","0.0","False","10.0","1.7","1.7","1.7","1.7","BND","2.357","high","0.0","1.0","0.333333","unstable_model_judgements","","","","M1的运行时间 = 2×10⁶ ÷ (4×10⁹) = 5×10⁻⁴ s
M2的运行时间 = 1×10⁶ ÷ (6×10⁹) ≈ 1.6×10⁻⁴ s","data/csbench/student_images/CO_7/ANS_CO_449.jpg"
"CO_7","ANS_CO_452","P1","possible_teacher_over_score","10.0","model_avg_score","7.3","2.7","2.7","1.5","2.7","1.5","absolute_disagreement|within_question_outlier","0.0","False","10.0","7.3","7.3","7.3","7.3","POS","0.4714","high","0.0","0.5","0.0","","","","","解: M₁主频为4GHz = 4×10⁹Hz 
周期为四条.
 CPI=2. 
∴T = 1×CPI/f = 0.05×10⁻³s = 0.05ms M₂主频6GHz = 6×10⁹Hz 指令数目为10^5条. CPI=1 
∴T = 1×CPI/f ≈ 0.0167×10⁻³s ≈ 0.0167ms.","data/csbench/student_images/CO_7/ANS_CO_452.jpg"
"CO_7","ANS_CO_454","P1","possible_teacher_over_score","8.0","model_avg_score","0.7","7.3","7.3","1.5","7.3","1.5","absolute_disagreement|within_question_outlier","0.0","False","10.0","0.7","0.7","0.0","0.0","BND","0.9428","high","0.0","1.0","0.333333","","","","","解、∵M1和M2的主频分别为4GHz和6GHz
∴M1和M2的时钟周期为2.5×10⁻⁸s和1.6×10⁻⁸s
∴程序P在M1上的运行时间为：
t₁=1×10⁵×2×2.5×10⁻⁸s=5ms
程序P在M2上的运行时间为：
t₂=1×10⁵×1×1.6×10⁻⁸s=1.6ms","data/csbench/student_images/CO_7/ANS_CO_454.jpg"
"CO_7","ANS_CO_458","P2","possible_teacher_over_score","4.0","model_avg_score","2.3","1.7","1.7","1.5","1.7","1.5","absolute_disagreement|within_question_outlier","0.0","False","10.0","2.3","2.3","2.3","2.3","BND","1.6997","high","0.0","1.0","0.333333","unstable_model_judgements","","","","解: F₁=4GHz, T₁=4×10⁻⁹s.
F₂=6GHz, F₂=6×10⁻⁹s.
M1: IC×CPI₁×T₁=100000×2×4×10⁻⁹s=8×10⁻⁴s
M2: IC×CPI₂×T₂=100000×1×6×10⁻⁹s=6×10⁻⁴s
程序P在M1上的运行时间为8×10⁻⁴s,在M2上的运行时间为6×10⁻⁴s。","data/csbench/student_images/CO_7/ANS_CO_458.jpg"
"CO_7","ANS_CO_459","P2","possible_teacher_over_score","8.0","model_avg_score","0.8","7.2","7.2","1.5","7.2","1.5","absolute_disagreement|within_question_outlier","0.0","False","10.0","0.8","0.8","2.8","2.8","BND","1.1785","high","0.0","1.0","0.333333","a3wa_changed_score_materially|unstable_model_judgements","","","","解：
1/(4×10⁶) × 2×10×10^4 = 0.05 S
1/(6×10⁶) × 1×10×10^4= 0.017S
∴在M₁上运行时间为0.05S，在M₂上运行时间为0.017S。","data/csbench/student_images/CO_7/ANS_CO_459.jpg"
"CO_7","ANS_CO_465","P2","possible_teacher_over_score","10.0","model_avg_score","8.3","1.7","1.7","1.5","1.7","1.5","absolute_disagreement|within_question_outlier","0.0","False","10.0","8.3","8.3","8.3","8.3","BND","1.1785","high","0.0","1.0","0.166667","unstable_model_judgements","","","","M1主频 F1=4GHz  M2主频 F2=6GHz
指令数IC=100000条，M1的CPI1=2  M2的CPI2=1
M1上运行时间：Te1=CPI1×IC/F1=5×10⁵S
M2上运行时间：Te2=CPI2×IC/F2=1/6×10^-4s=1.667×10^-5S","data/csbench/student_images/CO_7/ANS_CO_465.jpg"
"CO_7","ANS_CO_469","P2","possible_teacher_over_score","10.0","model_avg_score","5.2","4.8","4.8","1.5","4.8","1.5","absolute_disagreement|within_question_outlier","0.0","False","10.0","5.2","5.2","4.7","4.7","BND","2.2485","high","0.0","1.0","0.166667","unstable_model_judgements","","","","t M₁ = CP1 M₁ × I C × Tm₁
Tm₁ = 1/(4×10¹⁰) , CP1m₁=2    Ic=10×10⁴=10⁵
∴ tM1 = 2×10⁵ × 1/(4×10⁹) = 6.25×10⁻⁵ 5×10⁻⁵ s
tm₂ = cp2m₂× Ic × Tm₂
= 1 × 10⁵ × 1/(6×10⁹) = 1/6×10⁻⁴s","data/csbench/student_images/CO_7/ANS_CO_469.jpg"
"CO_7","ANS_CO_472","P1","possible_teacher_over_score","8.0","model_avg_score","4.0","4.0","4.0","1.5","4.0","1.5","absolute_disagreement|within_question_outlier","0.0","False","10.0","4.0","4.0","5.0","5.0","BND","0.8165","high","0.0","1.0","0.0","","","","","M1: T₁ = 1/f₁ = 1/(4×10³⁰) = 0.25×10⁻³⁰s
时钟周期数 CPL₁×10⁵ = 2×10⁵ 个时钟周期
∴ t₁ = T₁×2×10⁵ = 0.5×10⁻²⁵ = 5×10⁻²⁶s
M2 T₂ = 1/f₂ = 1/(6×10^30)s
时钟周期数 CPL₂×10⁵ = 1×10⁵ 个时钟周期
t₂ = T₂×10⁵ = 1/6×10⁻²⁵s ≈ 1.6×10⁻²⁶s
在M1上运行时间为 5×10⁻²⁶s，在M2上为 1.6×10⁻²⁶s","data/csbench/student_images/CO_7/ANS_CO_472.jpg"
"CO_7","ANS_CO_477","P2","possible_teacher_over_score","8.0","model_avg_score","3.8","4.2","4.2","1.5","4.2","1.5","absolute_disagreement|within_question_outlier","0.0","False","10.0","3.8","3.8","3.8","3.8","BND","1.3123","high","0.0","1.0","0.0","unstable_model_judgements","","","","解：指令条数IC均为10^5,在M1上运行时，总的时钟周期数m1=IC×CPI1=2×10^5条
则在M1上运行的时间t1=m1÷F1=2×10^5/4×10^6 s=0.05s
在M2上运行时：
总时钟周期数m2=IC×CPI2=10^6条
15°
在M2上运行的时间t2=m2÷F2=10^5/6×10^6 s≈0.0167s","data/csbench/student_images/CO_7/ANS_CO_477.jpg"
"CO_7","ANS_CO_478","P2","possible_teacher_over_score","8.0","model_avg_score","6.0","2.0","2.0","1.5","2.0","1.5","absolute_disagreement|within_question_outlier","0.0","False","10.0","6.0","6.0","4.0","4.0","BND","1.4142","high","0.0","1.0","0.0","a3wa_changed_score_materially|unstable_model_judgements","","","","M1:有10×10⁴条指令 CPI1=m1/10⁵→总时钟周期数:m1=2×10⁵
M2:总时钟周期数:m2=10⁵
M1总运行时间 t1=m1/F=2×10⁵/4×10²⁰=5×10⁻¹⁶s
M2总运行时间 t2=m2/F=10⁵/6×10²⁰≈1.6×10⁻¹⁶s","data/csbench/student_images/CO_7/ANS_CO_478.jpg"
"CO_7","ANS_CO_479","P2","possible_teacher_over_score","8.0","model_avg_score","2.7","5.3","5.3","1.5","5.3","1.5","absolute_disagreement|within_question_outlier","0.0","False","10.0","2.7","2.7","4.7","4.7","BND","2.0548","high","0.0","1.0","0.333333","a3wa_changed_score_materially|unstable_model_judgements","","","","指令条数n=1x10^5条，
F1=4GHz，F2=6GHz，
T1=1/F1=1/(4x10^12)=2.5x10^-13s，T2=1/(6x10^12)=1/6 x10^-12s，
2.5x10^-13 x2=5x10^-13s，1/6 x10^-3 x1=1/6 x10^-12s，
则tm1=5x10^-13 x1x10^5=5x10^-8s
tm2=1/6 x10^-12 x1x10^5=1/6 x10^-7	s","data/csbench/student_images/CO_7/ANS_CO_479.jpg"
"CO_7","ANS_CO_482","P2","possible_teacher_over_score","8.0","model_avg_score","2.7","5.3","5.3","1.5","5.3","1.5","absolute_disagreement|within_question_outlier","0.0","False","10.0","2.7","2.7","4.7","4.7","BND","2.0548","high","0.0","1.0","0.333333","a3wa_changed_score_materially|unstable_model_judgements","","","","解：由题意，
fₘ₁=4GHz=4×10⁹Hz，
fₘ₂=6GHz=6×10⁹Hz。
由于指令数m=10×10⁵=10⁶条。
CPIₘ₁=2，CPIₘ₂=1。
则tₘ₁= (CPIₘ₁·m)/fₘ₁ =5×10⁻⁴s。
tₘ₂= (CPIₘ₂·m)/fₘ₂ =1/3×10⁻³s。","data/csbench/student_images/CO_7/ANS_CO_482.jpg"
"CO_7","ANS_CO_483","P1","possible_teacher_over_score","8.0","model_avg_score","4.0","4.0","4.0","1.5","4.0","1.5","absolute_disagreement|within_question_outlier","0.0","False","10.0","4.0","4.0","4.0","4.0","POS","0.0","high","0.0","0.0","0.0","","","","","解：已知某程序P共指令10^5条 即10^5条。
设在M1和M2上的运行时间分别为t1,t2
由已知CPI₁=2 ，CPI₂=1 ，主频F₁=4GHz=4×10^9Hz
F₂=6GHz=6×10^9Hz。

则t₁= CPI₁/F₁ = 2/(4×10^9)s = 0.5 ns
t₂= CPI₂/F₂ = 1/(6×10^9)s = 1/6 ns

即 在M1的运行时间为0.5ns，在M2的运行时间为1/6 ns。","data/csbench/student_images/CO_7/ANS_CO_483.jpg"
"CO_7","ANS_CO_485","P2","possible_teacher_over_score","8.0","model_avg_score","5.7","2.3","2.3","1.5","2.3","1.5","absolute_disagreement|within_question_outlier","0.0","False","10.0","5.7","5.7","7.7","7.7","BND","2.6247","high","0.0","1.0","0.0","a3wa_changed_score_materially|unstable_model_judgements","","","","CpI两条指令需要几个周期
M1中. 程序p 需要周期数 m = CPI x 1×10⁵ = 2×10⁵
时间t₁= 周期数 x 周期(1/f) = 2×10⁵ x 1/(4×10³⁰) = 5×10⁻²⁶ s
M2中同理
t₂= 1×10⁵ x 1/(6×10³⁰) = 1.67×10⁻²⁶ s","data/csbench/student_images/CO_7/ANS_CO_485.jpg"
"CO_7","ANS_CO_489","P2","possible_teacher_over_score","7.0","model_avg_score","5.0","2.0","2.0","1.5","2.0","1.5","absolute_disagreement|within_question_outlier","0.0","False","10.0","5.0","5.0","3.0","3.0","BND","2.0412","high","0.0","1.0","0.333333","a3wa_changed_score_materially|unstable_model_judgements","","","","已知M₁、M₂的主频分别为4GHz、6GHz
故F₁=4GHz=4×10⁹Hz，F₂=6GHz=6×10⁹Hz
已知CPI=m/Ic，Te=mT，T=1/F
故可由式得
P在M₁上运行的时间为Te=CPI₁×Ic×1/F=5×10⁻⁵s
P在M₂上运行的时间为Te=CPI₂×Ic×1/F=2.5×10⁻⁵s","data/csbench/student_images/CO_7/ANS_CO_489.jpg"
"CO_7","ANS_CO_493","P2","possible_teacher_over_score","2.0","model_avg_score","0.0","2.0","2.0","1.5","2.0","1.5","absolute_disagreement|within_question_outlier","0.0","False","10.0","0.0","0.0","0.0","0.0","POS","0.0","high","0.0","0.0","0.0","","","","","1/1GHz=1ms
M₁: t = CPI×CP/F = 800ms
M₂: t = CPI×CP/F = 600ms","data/csbench/student_images/CO_7/ANS_CO_493.jpg"
"CO_7","ANS_CO_495","P2","possible_teacher_over_score","10.0","model_avg_score","7.3","2.7","2.7","1.5","2.7","1.5","absolute_disagreement|within_question_outlier","0.0","False","10.0","7.3","7.3","8.3","8.3","BND","1.6997","high","0.0","1.0","0.166667","a3wa_changed_score_materially|unstable_model_judgements","","","","程序P在M1上运行时间：
t₁ = CPI₁× 10⁵× 1/f₁ = 2 × 10⁵× 1/(4 × 10⁹) = 50ns
程序P在M2上运行时间：
t₂ = CPI₂× 10⁵× 1/f₂ = 1 × 10⁵× 1/(6 × 10⁹) ≈16.67us.","data/csbench/student_images/CO_7/ANS_CO_495.jpg"
"CO_7","ANS_CO_497","P1","possible_teacher_over_score","10.0","model_avg_score","3.5","6.5","6.5","1.5","6.5","1.5","absolute_disagreement|within_question_outlier","0.0","False","10.0","3.5","3.5","3.5","3.5","POS","0.4082","high","0.0","0.5","0.0","","","","","解：F1=4GHz=4×10^-9Hz  F2=6GHz=6×10^-9Hz
IC=10×10⁵=1×10⁶
CPI1=2  CPI2=1
Te=m×T
T=1/F      
CPI=m/IC
⇒ Te= (CPI×IC)/F
程序P在M1上的运行时间Te1= (2×1×10⁶)/(4×10⁹)=5×10⁻⁴s
程序P在M2上的运行时间Te2= (1×1×10⁶)/(6×10⁹)=1.667×10⁻⁴s","data/csbench/student_images/CO_7/ANS_CO_497.jpg"
"CO_7","ANS_CO_502","P2","possible_teacher_over_score","8.0","model_avg_score","6.0","2.0","2.0","1.5","2.0","1.5","absolute_disagreement|within_question_outlier","0.0","False","10.0","6.0","6.0","4.0","4.0","BND","0.8165","high","0.0","1.0","0.0","a3wa_changed_score_materially","","","","基准程序P的指令数为10万条，周期数= CPI × 指令数
在M1和M2上的时钟周期数20万和10万
运行时间t=时钟周期数/主频.
故P在M1的运行时间 = 2×10⁴ / 4×10⁹ = 0.50×10⁻⁵ s.
P在M2的运行时间 = 10⁴ /( 6×10⁹) ≈ 0.17 ×10⁻⁵ s.","data/csbench/student_images/CO_7/ANS_CO_502.jpg"
"CO_7","ANS_CO_505","P2","possible_teacher_over_score","8.0","model_avg_score","6.5","1.5","1.5","1.5","1.5","1.5","absolute_disagreement|within_question_outlier","0.0","False","10.0","6.5","6.5","6.5","6.5","BND","1.0801","high","0.0","1.0","0.0","unstable_model_judgements","","","","解：由CPI=m/IC得，
M1总指令周期数m1=100000×2=2×10^5（个）
M2总指令周期数m2=100000×1=10^5（个）  G=10^12
M1的运行时间 t=m1/F=2×10^5/4G=0.5×10^-7
M2的运行时间 t=m2/F=10^5/6G=1/6×10^-7","data/csbench/student_images/CO_7/ANS_CO_505.jpg"
"CO_7","ANS_CO_506","P2","possible_teacher_over_score","8.0","model_avg_score","1.0","7.0","7.0","1.5","7.0","1.5","absolute_disagreement|within_question_outlier","0.0","False","10.0","1.0","1.0","1.0","1.0","BND","1.4142","high","0.0","1.0","0.333333","unstable_model_judgements","","","","t₁= (10×1000×2)/(4×10⁶) =5×10⁻³=0.005 s
t₂= (10×1000×1)/(6×10⁶) ≈0.0017s","data/csbench/student_images/CO_7/ANS_CO_506.jpg"
"CO_7","ANS_CO_511","P2","possible_teacher_over_score","8.0","model_avg_score","6.3","1.7","1.7","1.5","1.7","1.5","absolute_disagreement|within_question_outlier","0.0","False","10.0","6.3","6.3","6.3","6.3","POS","0.4714","high","0.0","0.5","0.0","","","","","解：M1: Te1 = m×T1 = CPI1×IC×T1 = CPI1×IC/F1 = 2×10^5 /4×10^6 = 1/20 = 0.05s
M2: Te2 = m×T2 = CPI2×IC/F2 =1×10^5 /6×10^6 = 1/60 ≈0.0167s
故P在M1上运行时间T1=0.05s
在M2上运行时间T2=1/60 s≈0.0167s.","data/csbench/student_images/CO_7/ANS_CO_511.jpg"
"CO_7","ANS_CO_513","P1","possible_teacher_over_score","10.0","model_avg_score","5.0","5.0","5.0","1.5","5.0","1.5","absolute_disagreement|within_question_outlier","0.0","False","10.0","5.0","5.0","5.0","5.0","POS","0.0","high","0.0","0.0","0.0","","","","","Fm₁ = 4G Hz. = 2^42Hz = 4×10⁹ Hz. Tm₁ = 1/(4×10⁹)
Fm₂ = 6GHz. = 6×10⁹ Hz. Tm₂ = 1/(6×10⁹)
CI = 100000 ∴ Te = CPI×CI×T
∵m≈CPI×CI Tem₁ = (2×10⁵)/(4×10⁹) = 1/(2×10⁴) s
∴CPI = m/CI 
Te = T×m
Tem₂ = (1×10⁵)/(6×10⁹) = 1/(6×10⁴) s","data/csbench/student_images/CO_7/ANS_CO_513.jpg"
"CO_7","ANS_CO_514","P1","possible_teacher_over_score","8.0","model_avg_score","5.0","3.0","3.0","1.5","3.0","1.5","absolute_disagreement|within_question_outlier","0.0","False","10.0","5.0","5.0","5.0","5.0","POS","0.0","high","0.0","0.0","0.0","","","","","在M1上：2×10×10⁴×1/(4G HZ) = 5×10⁻¹⁶S
在M2上 1×10×10⁴×1/(6G HZ) =1.67×10⁻¹⁶S","data/csbench/student_images/CO_7/ANS_CO_514.jpg"
"CO_8","ANS_CO_762","P1","possible_teacher_over_score","5.0","model_avg_score","2.2","2.8","2.8","2.5","2.0","2.13434","absolute_disagreement","0.8","False","10.0","2.2","2.2","2.7","2.7","BND","0.6562","high","0.0","0.75","0.208333","","","","","(1) 程序直询方式，且时钟频率为50MHz，查询操作为100个时钟周期
∴时间比率为 100/1/50MHz = 0.005
(2) DMA方式，启动和处理分别需要1500和500个时钟周期，需要3步，但忽略了时间差：4kB/1MB/s=4×10⁻³ 总共周期1500+500=2000个 申请总线的开销
时间比率= 2000/(4KB/1MB/s · 1/50MHz) = 0.04","data/csbench/student_images/CO_8/ANS_CO_762.jpg"
"CO_8","ANS_CO_767","P2","possible_teacher_over_score","5.0","model_avg_score","1.7","3.3","3.3","2.5","2.5","2.13434","absolute_disagreement|within_question_outlier","0.8","False","10.0","1.7","1.7","0.45","0.45","BND","0.5893","high","0.0","0.625","0.083333","a3wa_changed_score_materially","","","","1)解: 
输入时 t₁=32bit/100MB/s =32bit/(100×10⁶×8bit/s) =4×10⁻⁸s 
输出时 t₂=100/50MHz =100/(50×10⁶Hz) =2×10⁻⁶s 
时间比率为 t₁/t₂=2×10⁻²=0.02 
2)解: DMA启动 t₁=1500/50MHz =1500/(50×10⁶Hz) =3×10⁻⁵s
 DMA处理 t₂=500/50MHz =500/(50×10⁶Hz) =1×10⁻⁵s 
传输时 t₃=4KB/1MB/s =4×10³B/(1×10⁶B/s) =4×10⁻³s 
此时时间比率为( t₁+t₃)/(t₂+t₃)=1.01","data/csbench/student_images/CO_8/ANS_CO_767.jpg"
"CO_8","ANS_CO_773","P2","possible_teacher_over_score","5.0","model_avg_score","2.1","2.9","2.9","2.5","2.1","2.13434","absolute_disagreement","0.8","False","10.0","2.1","2.1","0.1","0.1","BND","1.1785","high","0.0","1.0","0.25","a3wa_changed_score_materially|unstable_model_judgements","","","","（1）已知查询操作用时. 1/(5×10^7)×100 = 2×10⁻⁶ s.  I/O 查询所花费时间比率为 1×10⁶/(1+2)×10⁶ = 1/3. 
（2）总时长 2000×2×10⁻⁸ = 4×10⁻⁵ s. 
传输处理时长 4×10³/10⁶ = 4×10⁻³ s. 
硬盘工作时占用 4×10⁻³/(4×10⁻³+4×10^-5) = 100/101 的时间比率进行输入输出","data/csbench/student_images/CO_8/ANS_CO_773.jpg"
"CO_8","ANS_CO_791","P2","possible_teacher_over_score","10.0","model_avg_score","3.2","6.8","6.8","2.5","6.0","2.13434","absolute_disagreement|within_question_outlier","0.8","False","10.0","3.2","3.2","5.2","5.2","BND","1.0607","high","0.0","1.0","0.291667","a3wa_changed_score_materially|unstable_model_judgements","","","","(1)32位=4B
4B/1MB/s = 4×10⁻⁶s 每传输所需时间
查询所需总时间 t = 4×10⁻⁶×100 = 4×10⁻⁴s.
CPU为I/O查询所费时间比 = (4×10⁻⁴)/(50MHz×4) = 50%
(2) 传输数据所需时间 = 4KB/1MB/s = 4×10⁻³s
DMA授耗时间 = 4×10⁻³(1500+500) = 8s
CPU消耗时间比率  = 1%","data/csbench/student_images/CO_8/ANS_CO_791.jpg"
"CO_8","ANS_CO_803","P1","possible_teacher_over_score","7.0","model_avg_score","3.4","3.6","3.6","2.5","2.8","2.13434","absolute_disagreement|within_question_outlier","0.8","False","10.0","3.4","3.4","3.4","3.4","BND","0.6562","high","0.25","0.75","0.383333","","","","","(1)100/(50×10^6)×100%=0.002% 
(2)传输速率1MB/s  从32位的内存单位，则为4B
 4KB/1MB/s=0.004s 
(1500+500)/(50MHZ×0.004)×100%=1%","data/csbench/student_images/CO_8/ANS_CO_803.jpg"
"CO_8","ANS_CO_807","P2","possible_teacher_over_score","8.0","model_avg_score","5.1","2.9","2.9","2.5","2.1","2.13434","absolute_disagreement","0.8","False","10.0","5.1","5.1","6.35","6.35","BND","3.7657","high","0.0","1.0","0.0","a3wa_changed_score_materially|unstable_model_judgements","","","","由题：一字为4B
在1s内可以传输10^6B /4B =2.5×10^5个块字
∴I/O查询花费的率为：(2.5×10^5×100) /(50×10^6) ×100% =50%
2)每秒内可以输率送10^6B /(4×10^3B) =2.5×250倍次
∴占用时间的率为：(250×500+1500) /(50×10^6) ×100% =0.253%","data/csbench/student_images/CO_8/ANS_CO_807.jpg"
"CO_8","ANS_CO_817","P1","possible_teacher_over_score","4.0","model_avg_score","1.2","2.8","2.8","2.5","2.0","2.13434","absolute_disagreement","0.8","False","10.0","1.2","1.2","1.2","1.2","POS","0.0","high","0.0","0.0","0.0625","","","","","解:
1)CPU为I/O查询所花费的时间的比率为100/(50×10^6)=0.0002% 2)由题:DMA启动需1500个时钟周期. 
完成后处理需要500个.
 ∴共需要1500+500=2000个时钟周期 
平均传输数据长度为4KB=10^3B
 磁盘传输速率为1MB/s=10^6B/s
时间比率为(2000×(10^6)/(10^3))/(50×10^6)=4%.","data/csbench/student_images/CO_8/ANS_CO_817.jpg"
"CO_8","ANS_CO_818","P1","possible_teacher_over_score","4.0","model_avg_score","0.0","4.0","4.0","2.5","3.2","2.13434","absolute_disagreement|within_question_outlier","0.8","False","10.0","0.0","0.0","0.0","0.0","POS","0.0","high","0.0","0.0","0.0","","","","","(1) ∵CPU的时钟频率为50MHz
- 每个时钟周期用时为1/50MHz=2×10⁻⁸s
查询操作用时为2×10⁻⁸×100=2×10⁻⁶s
每单位存储用时: 32B/1MB/s=32×10⁻⁶s
比率为(2×10⁻⁶s)/(32×10⁻⁶s)=1/16
(2) DMA启动时间为1500×2×10⁻⁸s=3×10⁻⁵s
DMA完成时间处理所需时间为500×2×10⁻⁸=1×10⁻⁵s
平均传输的数据所需用时为10^-3s
DMA启动处理需4 ×10⁻⁵s
将用100:101进行输入/输出操作","data/csbench/student_images/CO_8/ANS_CO_818.jpg"
"CO_8","ANS_CO_824","P2","possible_teacher_over_score","10.0","model_avg_score","6.8","3.2","3.2","2.5","2.4","2.13434","absolute_disagreement|within_question_outlier","0.8","False","10.0","6.8","6.8","8.8","8.8","BND","3.171","high","0.0","1.0","0.333333","a3wa_changed_score_materially|unstable_model_judgements","","","","32bit=4B
1MB/4B×100=25×10⁶
25×10⁶/30×10⁶×100%=50%
∴CPU为I/O查询所花费的时间比率为50%。
1MB/4KB×(15w+5w)=5×10⁵
(5×10⁵)/(50×10⁶)×100%=1%
∴占用1%的时间进行输入输出。","data/csbench/student_images/CO_8/ANS_CO_824.jpg"
"CO_8","ANS_CO_833","P2","possible_teacher_over_score","9.0","model_avg_score","6.2","2.8","2.8","2.5","2.0","2.13434","absolute_disagreement","0.8","False","10.0","6.2","6.2","4.95","4.95","BND","1.7678","high","0.0","1.0","0.333333","a3wa_changed_score_materially|unstable_model_judgements","","","","(1) t₁= 32b / 1MB/s = 4×10⁻⁶s 
t₂= 100 / 50MHz = 2×10⁻⁶s 
t₂/t₁ ×100%=50%
(2) 
t₁= (1500+500) / 50MHz = 40×10⁻⁶s 
t₂= 4KB / 1MB/s = 4×10⁻³s 
100%×t₁/t₂= (40×10⁻⁶) / (4×10⁻³ )×100%=1%
 (t₂-t₁) / t₂ ×100%=99% 
需要99%","data/csbench/student_images/CO_8/ANS_CO_833.jpg"
"CO_8","ANS_CO_835","P1","possible_teacher_over_score","10.0","model_avg_score","7.5","2.5","2.5","2.5","1.7","2.13434","absolute_disagreement","0.8","False","10.0","7.5","7.5","7.5","7.5","POS","0.0","high","0.0","0.0","0.0","","","","","1) 1s内需查询 1MB/4B = 2.5×10⁵次
需时钟周期 2.5×10⁵×100 = 2.5×10⁷个
刷忙率 (2.5×10⁷)/50M = .5%.
2) 1s内需处理 1MB/4KB = 250次
需时钟周期 (1500+500)×250 = 5×10⁵个
刷忙率 5×10⁵/50M = 1%.","data/csbench/student_images/CO_8/ANS_CO_835.jpg"
"CO_8","ANS_CO_841","P2","possible_teacher_over_score","7.0","model_avg_score","4.5","2.5","2.5","2.5","1.7","2.13434","absolute_disagreement","0.8","False","10.0","4.5","4.5","4.5","4.5","BND","1.472","high","0.0","1.0","0.083333","unstable_model_judgements","","","","1W=2B 1/s内：1/T=50M个时钟周期. 32×2B=64B. 1s传输1MB. 1MB/64B=10^6/64=5^6次. 直询操作为5^6×100个时钟周期. (5^6×100)/50M ×100%=3.125%. 在DMA方式的处理中，CPU只需要处理DMA启动以及完成后的操作. 即1500+500=2000个时钟周期. 4KB/64B=64/2次. 1s内传输1MB，1MB/4KB=250次. 250×2000=500000=5×10^5个时钟周期. (5×10^5)/50M ×100%=1%.","data/csbench/student_images/CO_8/ANS_CO_841.jpg"
"CO_8","ANS_CO_842","P1","possible_teacher_over_score","7.0","model_avg_score","4.0","3.0","3.0","2.5","2.2","2.13434","absolute_disagreement|within_question_outlier","0.8","False","10.0","4.0","4.0","4.0","4.0","POS","0.2041","high","0.0","0.25","0.083333","","","","","（1）t0= 100×1/50M = 2×10^-6 s
t1= 32/1×10^6 = 32×10^-6 s
∴时间比率 = t0/t1×100% = 2×10^-6/32×10^-6 ×100% = 6.25%
采用垂直查询方式，时间比率为6.25%
（2）t0 = (500+500)×1/50M = 4×10^-5 s
t1 = 4k/1M = 4×10^3/10^6 = 4×10^-3 s
∴时间比率 = t0/t1×100% = 4×10^-5/4×10^-3 = 1%
∴采用DMA方式，时间比率为1%.","data/csbench/student_images/CO_8/ANS_CO_842.jpg"
"CO_8","ANS_CO_854","P1","possible_teacher_over_score","7.0","model_avg_score","2.5","4.5","4.5","2.5","3.7","2.13434","absolute_disagreement|within_question_outlier","0.8","False","10.0","2.5","2.5","2.5","2.5","BND","0.0","high","0.25","0.0","0.25","","","","","(1) cpu的时钟频率为50MHz，即每秒有50M个时钟周期 对于I/o查询，共需要100个时钟周期 
∴比率=100/(5×10^6)×100%=0.0002% 
(2) 每秒传输速率为1MB，每秒可送1MB/4KB=250个数据 
1500+500=2000
比率=250×2000/(5×10^6)×100%=0.01%","data/csbench/student_images/CO_8/ANS_CO_854.jpg"
"CO_8","ANS_CO_859","P1","possible_teacher_over_score","9.0","model_avg_score","6.3","2.7","2.7","2.5","1.9","2.13434","absolute_disagreement","0.8","False","10.0","6.3","6.3","6.3","6.3","POS","0.1179","high","0.0","0.125","0.083333","","","","","(11) 查询：100个时钟周期
传输速率：1MB/s  32位字 = 32/8 = 4B
1s查询次数： 1MB/4B = 25×10^5  1M=10^6
时间比率： 25×10^5×100 / 50M ×100% = 2.5×10^7 / 5×10^7 ×100% = 50%
(12) DMA以字块：
包括预处理、数据传输、后处理（忽略DMA中请求线的开销）
1s： 4KB/4B = 1000
1000×(1500+500) / 50M ×100% = 4%
CPU用4%时间比率进行输入/输出操作","data/csbench/student_images/CO_8/ANS_CO_859.jpg"
"CO_8","ANS_CO_860","P1","possible_teacher_over_score","4.0","model_avg_score","1.2","2.8","2.8","2.5","2.0","2.13434","absolute_disagreement","0.8","False","10.0","1.2","1.2","1.2","1.2","POS","0.0","high","0.0","0.0","0.0","","","","","(1)每时钟频率为50MHz 即每秒能产生50M个时钟周期
直间操作率为100/50M×100%=0.0002%
(2). 每个时钟周期长度为1s/50M (f=1/T)
那么DMA方式启动时间为1500T，处理时间为500T
传输数据耗时4KB/1MB/s=4×10⁻³s
总用时为1500T+500T+4×10⁻³s=4.04×10⁻³s
时间利用率为 4.04×10⁻³s/1s ×100% = 0.404%","data/csbench/student_images/CO_8/ANS_CO_860.jpg"
"CO_8","ANS_CO_862","P2","possible_teacher_over_score","3.0","model_avg_score","0.0","3.0","3.0","2.5","2.2","2.13434","absolute_disagreement|within_question_outlier","0.8","False","10.0","0.0","0.0","0.0","0.0","BND","0.0","low","0.5","0.0","0.5","extraction_risk|rubric_mapping_risk","","","","解(1)t=50MB=5×10^7B=2:0: 每秒传输速率为：1MB=10^6 B/s.  ∴花费的时间比率为：10^6/(5×10^7)×100%=2%.
(2)","data/csbench/student_images/CO_8/ANS_CO_862.jpg"
"CO_8","ANS_CO_867","P1","possible_teacher_over_score","8.0","model_avg_score","5.0","3.0","3.0","2.5","2.2","2.13434","absolute_disagreement|within_question_outlier","0.8","False","10.0","5.0","5.0","5.0","5.0","POS","0.0","high","0.0","0.0","0.166667","","","","","解：1)
每秒传 1×10^6/4B = 2.5×10^5次
共查询 2.5×10^5×100 = 2.5×10^7个周期
I/O查询花费时间比率 2.5×10^7/50×10^6×100% = 5%
(2) 4×10^3/4B = 1×10^3
1×10^3×(1500+500) = 2×10^6
2×10^6/50×10^6×100% = 4%","data/csbench/student_images/CO_8/ANS_CO_867.jpg"
"CO_8","ANS_CO_871","P2","possible_teacher_over_score","10.0","model_avg_score","2.5","7.5","7.5","2.5","6.7","2.13434","absolute_disagreement|within_question_outlier","0.8","False","10.0","2.5","2.5","4.5","4.5","BND","1.0206","high","0.0","1.0","0.354167","a3wa_changed_score_materially|unstable_model_judgements","","","","(1)8×10⁶/32 = 2.5×10⁵
  2.5×10⁵×100/50×10⁶ ≠ 0.5  
(2)1500+500=2000
 1MB/4KB = 2.5×10³ 
 2.5×10³·2000/50M = 0.01","data/csbench/student_images/CO_8/ANS_CO_871.jpg"
"CO_8","ANS_CO_876","P2","possible_teacher_over_score","5.0","model_avg_score","2.1","2.9","2.9","2.5","2.1","2.13434","absolute_disagreement","0.8","False","10.0","2.1","2.1","2.1","2.1","BND","1.1785","high","0.0","1.0","0.083333","unstable_model_judgements","","","","(1) 由f=50MHz
设1秒内CPU时钟周期为m
∴ 时钟周期数=ft=50Mhz·1s=5×10⁷
η时间效率=100/(5×10⁷)=0.00025%
(2)
t传输=4KB/1MB/s=0.004s
m传输周期数:t·f=2×10⁵
η时间效率=2×10⁵/(1500+500+2×10⁵)≈98%","data/csbench/student_images/CO_8/ANS_CO_876.jpg"
"CO_8","ANS_CO_880","P2","possible_teacher_under_score","4.0","model_avg_score","9.2","-5.2","5.2","2.5","-6.0","2.13434","absolute_disagreement|within_question_outlier","0.8","False","10.0","9.2","9.2","7.2","7.2","BND","3.118","high","0.0","1.0","0.279167","a3wa_changed_score_materially|unstable_model_judgements","","","","(1)1MB/s = 8×10⁶位/s
32/(8×10⁶) = 4×10⁻⁶s
Te: m/F = 100/(50×10⁶) = 2×10⁻⁶s
2×10⁻⁶/(2×10⁻⁶+4×10⁻⁶) = 1/3
(2)(1500+500)/(50×10⁶) = 4×10⁻⁵s
4KB/1MB/s = 4×10⁻³s
4×10⁻⁵/(4×10⁻³+4×10⁻³) = 1/101","data/csbench/student_images/CO_8/ANS_CO_880.jpg"
"CO_8","ANS_CO_881","P1","possible_teacher_over_score","5.0","model_avg_score","1.9","3.1","3.1","2.5","2.3","2.13434","absolute_disagreement|within_question_outlier","0.8","False","10.0","1.9","1.9","1.9","1.9","BND","0.5137","high","0.0","0.625","0.166667","","","","","解:(1) Ta=100×1/(50×10⁶)s
Ta时间内传输了TaxMB/s=2B
∴Tc=32/(2×8)Ta=2Ta
∴时间比率：Ta/(Ta+Tc)≈33.3%
(2) Ta=4×10³B/(10⁶B/s)=4×10⁻³s
Tc=2000×1/(50×10⁴)=4×10⁻⁵s
∴时间比率：Ta/(Ta+Tc)≈99%","data/csbench/student_images/CO_8/ANS_CO_881.jpg"
"CO_8","ANS_CO_882","P2","possible_teacher_over_score","8.0","model_avg_score","3.3","4.7","4.7","2.5","3.9","2.13434","absolute_disagreement|within_question_outlier","0.8","False","10.0","3.3","3.3","1.3","1.3","BND","1.1785","high","0.0","1.0","0.225","a3wa_changed_score_materially|unstable_model_judgements","","","","解:(1) f=50MHz. t=100×1/f=100/50×10^6=2×10^-6s. 
32bit=4B
t'=4/1×10^6=4×10^-6s. t/t'=2×10^-6/4×10^-6=50%. 
(2) 1500+500=2200个
4KB=4×10^3B 
t'=4×10^3/1×10^6=4×10^-3s t=4×10^3/50×10^6=8×10^-5s t/t'=8×10^-5/4×10^-3=2%","data/csbench/student_images/CO_8/ANS_CO_882.jpg"
"CO_8","ANS_CO_883","P2","possible_teacher_over_score","9.0","model_avg_score","5.4","3.6","3.6","2.5","2.8","2.13434","absolute_disagreement|within_question_outlier","0.8","False","10.0","5.4","5.4","3.84","3.84","BND","1.559","high","0.0","1.0","0.25","a3wa_changed_score_materially|unstable_model_judgements","","","","(1) 1MB/s = 8×10⁶位/s
Te = 32/(8×10⁶) = 4×10⁻⁶ s，又∵F = 50MHz = 50×10⁶Hz
m/F = Te = 4×10⁻⁶ ⇒ m = 4×10⁻⁶s×50×10⁶Hz = 200
100/200×100% = 50%，即CPU为I/O查询所花费的时间比率为50%。
(2) Te = 4KB/(1MB/s) = (4×10³B)/(10⁶B/s) = 4×10⁻³s
m = 4×10⁻³s×50×10⁶Hz = 2×10⁵；500 +1500=2000=2×10³
(2×10⁵ - 2×10³)/(2×10⁵) = 99%，用99%的时间进行输入输出操作。","data/csbench/student_images/CO_8/ANS_CO_883.jpg"
"CO_8","ANS_CO_884","P2","possible_teacher_over_score","9.0","model_avg_score","3.4","5.6","5.6","2.5","4.8","2.13434","absolute_disagreement|within_question_outlier","0.8","False","10.0","3.4","3.4","4.65","4.65","BND","1.4482","high","0.0","1.0","0.258333","a3wa_changed_score_materially|unstable_model_judgements","","","","解:(1) F=50MHz=5×10⁷Hz. 
∴T=1/F=2×10⁻⁸s 
∴100个时钟周期 Te=100T=2×10⁻⁶s 
∵传输32位的字为单位. 即为32/8×2=8B 
∴Te'=8B/1MB=8×10⁻⁶s. ∴查询所花费的时间比率为Te/Te'=2×10⁻⁶/8×10⁻⁶=1/4=25% 
(2) T₁=1500T=3×10⁻⁵s, T₂=500T=1×10⁻⁵s. 
磁盘传输的数据为8B单位 
T'=4B/1MB=4×10⁻³s 
∴Tdma=T₁+T₂=4×10⁻⁵s 
∴时间比率为Tdma/T'=4×10⁻⁵/4×10⁻³=1%. 
即花费1%的比率进行I/O操作","data/csbench/student_images/CO_8/ANS_CO_884.jpg"
"CO_8","ANS_CO_888","P2","possible_teacher_over_score","5.0","model_avg_score","1.7","3.3","3.3","2.5","2.5","2.13434","absolute_disagreement|within_question_outlier","0.8","False","10.0","1.7","1.7","3.7","3.7","BND","1.559","high","0.0","1.0","0.404167","rubric_mapping_risk|a3wa_changed_score_materially|unstable_model_judgements","","","","(1). 
f=50MHz, m=100.
T=m/f=2×10⁻⁶s.
T'=32B/1×10⁸B/s=32×10⁻⁶s. 时间比率为2×10⁻⁶/32×10⁻⁶=1/16=6.25% 
(2). 
T=(1500+50)/50×10⁶=4×10⁻⁵s. T'=4×10³/1×10⁶=4×10⁻³s.
 比率为T/(T+T')=0.99%.","data/csbench/student_images/CO_8/ANS_CO_888.jpg"
"CO_8","ANS_CO_890","P2","possible_teacher_over_score","7.0","model_avg_score","3.3","3.7","3.7","2.5","2.9","2.13434","absolute_disagreement|within_question_outlier","0.8","False","10.0","3.3","3.3","3.3","3.3","BND","2.357","high","0.0","1.0","0.375","unstable_model_judgements","","","","(1)：cpu为I/O查询所花费的时间比率为：
(100×50MHz)÷(32/1MB/s)=1/16
(2)：进行输入/输出操作所用的时间比率：
[(1500+500)×1/50MHz]÷(4×10³/10⁶)=1/100","data/csbench/student_images/CO_8/ANS_CO_890.jpg"
"CO_8","ANS_CO_891","P1","possible_teacher_over_score","7.0","model_avg_score","1.6","5.4","5.4","2.5","4.6","2.13434","absolute_disagreement|within_question_outlier","0.8","False","10.0","1.6","1.6","1.6","1.6","POS","0.4714","high","0.0","0.5","0.083333","","","","","(1)查询执行时间 = 100/50×10⁶ = 2×10⁻⁶ (S)．
总时间 = 2³²/1×10⁶ = 2³²×10⁻⁶ (S)．
∴时间比率 = 2×10⁻⁶ : 2³²×10⁻⁶ = 2⁻³¹ : 1
(2)启动时间 = 1500/50×10⁶ = .3×10⁻⁵ (S)．
处理时间 = 500/50×10⁶ = 1×10⁻⁵ (S)．
传输时间 = 4×10³/10⁶ = 4x10⁻³ (S)．
∴输入/输出比率 = 4×10⁻⁵ : 4×10⁻³ = .1 : 100．","data/csbench/student_images/CO_8/ANS_CO_891.jpg"
"CO_8","ANS_CO_894","P2","possible_teacher_over_score","5.0","model_avg_score","2.1","2.9","2.9","2.5","2.1","2.13434","absolute_disagreement","0.8","False","10.0","2.1","2.1","2.1","2.1","BND","1.1961","high","0.0","1.0","0.083333","unstable_model_judgements","","","","(1)查均操作花费100个时钟周期. 耗时100/(5*10^7)=2x10⁻⁴ s
时钟周期长度为2×10⁻⁶s
传输:4B/1MB/s=4×10⁻⁶s
时间比率为 4×10⁻⁶/(2×10⁻⁴)x100%=2%
(2)启动耗1500×2×10⁻⁶=3×10⁻³s
处理耗时500×2×10⁻⁶=1×10⁻³s
输入/出:4kB/4MB/s=1×10⁻³s
时间比率为1×10⁻³s/(3×10⁻³s+1×10⁻³s)×100%=25%","data/csbench/student_images/CO_8/ANS_CO_894.jpg"
"CO_8","ANS_CO_898","P2","possible_teacher_over_score","10.0","model_avg_score","6.2","3.8","3.8","2.5","3.0","2.13434","absolute_disagreement|within_question_outlier","0.8","False","10.0","6.2","6.2","4.2","4.2","BND","1.7678","high","0.0","1.0","0.229167","a3wa_changed_score_materially|unstable_model_judgements","","","","解:(1) 32位=4B 1MB/4B=10^6/4B=2.5×10⁵ 
比率为 2.5×10⁵×100 / 50×10⁶ ×100% =10% 
(2) 平均传输长度为4×10³B 
10⁶B / 4×10³B =2.5×10²
 2.5×10²×(1500+500)=5×10⁵ 
比率为 5×10⁵ / 50M ×100% =1%","data/csbench/student_images/CO_8/ANS_CO_898.jpg"
"CO_8","ANS_CO_902","P1","possible_teacher_over_score","4.0","model_avg_score","0.4","3.6","3.6","2.5","2.8","2.13434","absolute_disagreement|within_question_outlier","0.8","False","10.0","0.4","0.4","0.4","0.4","POS","0.5893","high","0.0","0.625","0.0","","","","","解:(1)因为采取程序查询方式
∴每传输一字需查询一次
∴h= 100/(100+50×10⁶×32/(10×8)) = 2/3 ≈66.67%
∴CPU为I/O查询的浪费时间比为66.67%
(2)DMA方式需经过预处理,数据传输,后处理.
h= (4×10³/10⁶ ×50×10⁶)/(1500+500+ 4×10³/10⁶ ×50×10⁶) = 100/101
∴CPU将以100/101的时间比率进行输入输出操作.","data/csbench/student_images/CO_8/ANS_CO_902.jpg"
"CO_8","ANS_CO_908","P2","possible_teacher_over_score","6.0","model_avg_score","2.1","3.9","3.9","2.5","3.1","2.13434","absolute_disagreement|within_question_outlier","0.8","False","10.0","2.1","2.1","2.41","2.41","BND","1.559","high","0.0","1.0","0.166667","unstable_model_judgements","","","","解：
1s内有50M即50×10⁶ 5×10⁷个时钟周期，进行5×10⁵次查询操作 5×10⁶/100 
查询5×10⁵×2=1×10⁶位 传输1×10⁶×8=8×10⁶位 ∴时间比率为1×10⁶/8×10⁶=1/8
 (2) 4KB/1MB = 1/250 
50M×1/250 = 2×10⁵ 
500+1500/2×10⁵ = 1/100
1 - 1/100 = 99/100 硬盘工作时CPU将用99/100比率进行输入输出操作","data/csbench/student_images/CO_8/ANS_CO_908.jpg"
"CO_8","ANS_CO_910","P1","possible_teacher_over_score","9.0","model_avg_score","4.6","4.4","4.4","2.5","3.6","2.13434","absolute_disagreement|within_question_outlier","0.8","False","10.0","4.6","4.6","3.66","3.66","BND","0.5893","high","0.0","0.625","0.083333","","","","","解: (1) 查询周期100T周期 t=100×50×10⁶s=2×10⁶s 传输速率8×10⁶位每秒 磁盘传输每单位所用时间t₁=32/8×10⁶s=4×10⁻⁶s 传输时间比率为50%
(2)  t总=4kB/1MB/s=4×10⁻³s 2000个周期t₂=2000×1/(50×10⁶s)=4×10⁻⁵s 
故 (t总-t2)/t总×100%=99%","data/csbench/student_images/CO_8/ANS_CO_910.jpg"
"CO_8","ANS_CO_913","P1","possible_teacher_over_score","4.0","model_avg_score","1.5","2.5","2.5","2.5","1.7","2.13434","absolute_disagreement","0.8","False","10.0","1.5","1.5","2.5","2.5","BND","0.7071","high","0.25","0.75","0.333333","","","","","解：(1) F=50MHz=5×10⁷Hz. 100个时钟周期 T=1/F=100/(5×10⁷)S=2×10⁻⁶s. 
则2×10^-6s×1MB/s=2×10^-6MB=2B
时间比率=2/(32×8)≈0.78% 
(2) 4KB=4×10³B 
输入端=1500个时钟周期 1500/5×10⁷=3×10⁻⁵ 3×10^-5×1MB/s=30B 
输出端=500个时钟周期 500/5×10⁷=1×10⁻⁵s. 1×10⁻⁵×1MB/s=10B. 此时需要的时间利用率：","data/csbench/student_images/CO_8/ANS_CO_913.jpg"
"CO_8","ANS_CO_914","P2","possible_teacher_over_score","5.0","model_avg_score","0.8","4.2","4.2","2.5","3.4","2.13434","absolute_disagreement|within_question_outlier","0.8","False","10.0","0.8","0.8","0.0","0.0","BND","0.5893","low","0.5","0.625","0.583333","extraction_risk|rubric_mapping_risk","","","","解(1) 频率为50MHz，即1s内有5×10⁷个时钟周期。
1MB/5×10⁷ = 1B/50hz
则1个单位(4B)是200个周期。
时间比为1:2。","data/csbench/student_images/CO_8/ANS_CO_914.jpg"
"CO_9","ANS_CO_1008","P2","possible_teacher_over_score","13.0","model_avg_score","7.0","6.0","6.0","3.75","6.0","3.75","absolute_disagreement|within_question_outlier","0.0","False","15.0","7.0","7.0","10.0","10.0","BND","0.7071","high","0.4","0.5","0.4","rubric_mapping_risk|a3wa_changed_score_materially","","","","解：(1) 由题意知 
ROM: 8k/4k=2块 
RAM: (64k-8k)/8k=7块 
∴需要4k×16的ROM 2块，8k×16的RAM 7块 
(2) 因为采用 38译码器 
ROM=4k 需要地址线 12个 
RAM=8k 需要地址线 13个 
主存=64k 共有地址线 18个 
假设地址从0开始 
0000-0FFF
1000-1FFF
2000-3FFF
4000-5FFF
6000-7FFF
8000-9FFF
A000-BFFF
C000-DFFF
E000-FFFF
由地址可取 A0~A12 为片选地址 
与 38译码器相连，让 Y0与 A16 来完成操作，从而进行选择 CS1:0000 CS2:001 CS3:010 CS4:011 CS5:100 CS6:101 CS7:1110 CS8:111 CS9:1000","data/csbench/student_images/CO_9/ANS_CO_1008.jpg"
"CO_9","ANS_CO_1009","P1","possible_teacher_over_score","11.0","model_avg_score","6.0","5.0","5.0","3.75","5.0","3.75","absolute_disagreement|within_question_outlier","0.0","False","15.0","6.0","6.0","6.0","6.0","POS","0.0","high","0.0","0.0","0.0","","","","","解: (1) 8k×16位 / 4k×16位 = 2片(ROM) 56k×16位 / 8k×16位 = 7片(RAM) 
∴需2片4k×16位的ROM 7片8k×16位的RAM 
(2) 片选 
地址表如表所示
ROM1: A15 A13 A14 A15 
ROM2: A15 A11 A13 A14 A15 A15 A14 A13 A12 
RAM1: A13 A14 A15 A15 A13 A14 A13 
RAM2: A13 A14 A15 A15 A15 A14 A13 
RAM3: A13 A15 A15 A14 A14 
RAM4: A15 A14 A15 
RAM5: A15 A14 A13 
RAM6: A15 A14 A13 
RAM7: A15 A14 A13","data/csbench/student_images/CO_9/ANS_CO_1009.jpg"
"CO_9","ANS_CO_1014","P1","possible_teacher_under_score","10.0","model_avg_score","14.5","-4.5","4.5","3.75","-4.5","3.75","absolute_disagreement|within_question_outlier","0.0","False","15.0","14.5","14.5","13.0","13.0","BND","0.7071","high","0.0","0.5","0.133333","","","","","解(1)因为低8KW采用ROM，采用4KX16的ROM，一个字为16 因此需要ROM两片 主存共64K存储单元，低8KW用ROM，因此50KW采用RAM，用8KX16的RAM，因此需要RAM共 56/8=7片 
(2)
 CS1(0000H～3FFFH) 
CS2(4000H～7FFFH) 
CS3(8000H～BFFFH) 
CS4(C000H～FFFFH)","data/csbench/student_images/CO_9/ANS_CO_1014.jpg"
"CO_9","ANS_CO_1017","P1","possible_teacher_over_score","7.0","model_avg_score","0.0","7.0","7.0","3.75","7.0","3.75","absolute_disagreement|within_question_outlier","0.0","False","15.0","0.0","0.0","0.0","0.0","POS","0.0","high","0.0","0.0","0.3","","","","","(1) 64K×16 / 4K×16 = 16片
 64K×16 / 8K×16 = 8片 
故需 ROM 16片 
RAM 8片
 (2)  CS一 端与译码器相连, 另一端与 ROM 和 RAM 芯片相连 3-8 译码器, 分两组, 有 CS₁, CS₂, CS₃, CS₄","data/csbench/student_images/CO_9/ANS_CO_1017.jpg"
"CO_9","ANS_CO_1027","P1","possible_teacher_under_score","11.0","model_avg_score","15.0","-4.0","4.0","3.75","-4.0","3.75","absolute_disagreement|within_question_outlier","0.0","False","15.0","15.0","15.0","15.0","15.0","POS","0.0","high","0.0","0.0","0.0","","","","","解：1)64-8=56
 ROM：8k×16/4k×16=2片
RAM：56k×16/8k×16=7片
(2) 4k=2¹²
8k=2¹³
64k=2^16 共用16条地址线
ROM1：0000
ROM2：0001
RAM1：001
RAM2：010
RAM3：011
RAM4：100
RAM5：101
RAM6：110
RAM7:    111","data/csbench/student_images/CO_9/ANS_CO_1027.jpg"
"CO_9","ANS_CO_1030","P1","possible_teacher_over_score","8.0","model_avg_score","3.0","5.0","5.0","3.75","5.0","3.75","absolute_disagreement|within_question_outlier","0.0","False","15.0","3.0","3.0","3.0","3.0","POS","0.0","high","0.0","0.0","0.0","","","","","解(1)ROM: 8K/4K ×16/16=2
RAM: 8K/8K ×16/16=1
∴ ROM芯片需要2片
RAM芯片需要1片
(2)
ROM:4K=2¹² RAM:8K=2¹³
其结合如图所示
RAM的片选信号非CS = 非Y₁
ROM的片选信号非CS₁ =非Y₀ + A₁₂
ROM₂的片选信号非CS₂ = 非Y₀ + 非A₁₂","data/csbench/student_images/CO_9/ANS_CO_1030.jpg"
"CO_9","ANS_CO_1041","P1","possible_teacher_over_score","11.0","model_avg_score","6.0","5.0","5.0","3.75","5.0","3.75","absolute_disagreement|within_question_outlier","0.0","False","15.0","6.0","6.0","7.0","7.0","BND","1.2247","high","0.0","1.0","0.133333","","","","","解:(1)生存64K=2^16个字节=2^5字
按字编址主存地址共15位.0000H~7FFFH (A0~A14)
ROM: 8K*16 /(4K*16)=2(个)
RAM: (2^15*16 -8K*16)/(8K*16)=3(个)
(2) 
将主存地址高两位和地址接入38译码器，
再将非Y0与A12和非A12用或门相连
引脚示意图如图所示
CS1=Ā13 Ā14 Ā12 (Ȳ0+A12)
CS2=Ā13 Ā14 Ā12 (Ȳ0+Ā12)
CS3=Ā13 Ā14 (Ȳ1)
CS4=Ā13 Ā14 (Ȳ2)
CS5=Ā13 Ā14 (Ȳ3)
","data/csbench/student_images/CO_9/ANS_CO_1041.jpg"
"CO_9","ANS_CO_1075","P2","possible_teacher_over_score","4.0","model_avg_score","0.0","4.0","4.0","3.75","4.0","3.75","absolute_disagreement|within_question_outlier","0.0","False","15.0","0.0","0.0","0.0","0.0","BND","0.0","low","0.6","0.0","0.6","extraction_risk|rubric_mapping_risk","","","","①需要的基本芯片数量为8块。
②每个基片（Rom1、Rom2…、Ram1、Ram2…）的片选信号（CS1、CS2…）用若干4k*16的Rom、8k*16的Ram以及38译码器。","data/csbench/student_images/CO_9/ANS_CO_1075.jpg"
"CO_9","ANS_CO_922","P2","possible_teacher_over_score","5.0","model_avg_score","0.0","5.0","5.0","3.75","5.0","3.75","absolute_disagreement|within_question_outlier","0.0","False","15.0","0.0","0.0","0.0","0.0","NEG","0.0","low","1.0","0.0","1.0","extraction_risk|rubric_mapping_risk","","","","解：一字占16位，字长共64K个存储单元，主存低8KW用ROM，其余为RAM且ROM为4K×16，RAM为8K×16 
4) 需要2个ROM，6个RAM","data/csbench/student_images/CO_9/ANS_CO_922.jpg"
"CO_9","ANS_CO_926","P2","possible_teacher_over_score","12.0","model_avg_score","7.5","4.5","4.5","3.75","4.5","3.75","absolute_disagreement|within_question_outlier","0.0","False","15.0","7.5","7.5","4.5","4.5","BND","2.1213","high","0.0","1.0","0.2","a3wa_changed_score_materially|unstable_model_judgements","","","","解：(1)依题意知: 
存储中采用ROM容量为8K×16
 采用RAM的为56K×16 
∴需ROM(8/4)=2个 
需RAM(56/8)=7个
 (2) ROM₁=CS1∨CS2 ROM₂=CS1∨CS2 RAM₁=CS3∨CS4 RAM₂=CS3∨CS4 RAM₃=CS3∨CS4 RAM₄=CS3∨CS4 RAM₅=CS3∨CS4 RAM₆=CS3∨CS4 RAM₇=CS3∨CS4","data/csbench/student_images/CO_9/ANS_CO_926.jpg"
"CO_9","ANS_CO_931","P1","possible_teacher_under_score","10.0","model_avg_score","15.0","-5.0","5.0","3.75","-5.0","3.75","absolute_disagreement|within_question_outlier","0.0","False","15.0","15.0","15.0","15.0","15.0","POS","0.0","high","0.0","0.0","0.0","","","","","1.
(8K×16)/(4K×16)=2
(64K×8×16－8K×16)/(8K×16)=7
∴需要9个

2.
ROM1=取反(CS1)+取反(CS2)+取反(CS3)+取反(CS4)
RAM1=CS1+取反(CS2)+取反(CS3)+取反(CS4)
RAM2=CS1+取反(CS2)+取反(CS3)+CS4
RAM3=CS1+取反(CS2)+CS3+取反(CS4)
RAM4=CS1+取反(CS2)+CS3+CS4
RAM5=CS1+CS2+取反(CS3)+取反(CS4)
RAM6=CS1+CS2+取反(CS3)+CS4
RAM7=CS1+CS2+CS3+取反(CS4)
ROM2=取反(CS1)+取反(CS2)+取反(CS3)+CS4","data/csbench/student_images/CO_9/ANS_CO_931.jpg"
"CO_9","ANS_CO_943","P1","possible_teacher_under_score","9.0","model_avg_score","15.0","-6.0","6.0","3.75","-6.0","3.75","absolute_disagreement|within_question_outlier","0.0","False","15.0","15.0","15.0","15.0","15.0","POS","0.0","high","0.0","0.0","0.066667","","","","","低8K位字采用ROM
2片 4*16的 ROM
7片 8*16的 RAM

ROM1  CS1（上划线）
ROM2  CS1（上划线）
RAM1  CS2（上划线）
RAM2  CS3（上划线）
RAM3  CS4（上划线）
RAM4  CS5（上划线）
RAM5  CS6（上划线）
RAM6  CS7（上划线）
RAM7  CS8（上划线）","data/csbench/student_images/CO_9/ANS_CO_943.jpg"
"CO_9","ANS_CO_951","P2","possible_teacher_over_score","6.0","model_avg_score","2.0","4.0","4.0","3.75","4.0","3.75","absolute_disagreement|within_question_outlier","0.0","False","15.0","2.0","2.0","2.0","2.0","NEG","1.4142","low","0.6","1.0","0.666667","extraction_risk|rubric_mapping_risk","","","","(1)由题知主存为64k×16，低8kw采用Rom，其余使用RAM
Rom数= (16k×16)/(4k×16)=16²个   Rom 2个，RAM 1个
RAM数= (48k×16)/(8k×16)=7个 (2)由题使用3-8译码器，且输出为低电平时有效，和或门构造目标主存储器，各芯片的片选信号均只有低电平时有效。 片选信号逻辑表达式：","data/csbench/student_images/CO_9/ANS_CO_951.jpg"
"CO_9","ANS_CO_957","P2","possible_teacher_over_score","11.0","model_avg_score","7.0","4.0","4.0","3.75","4.0","3.75","absolute_disagreement|within_question_outlier","0.0","False","15.0","7.0","7.0","4.0","4.0","BND","1.4142","high","0.0","1.0","0.133333","a3wa_changed_score_materially","","","","解(1). ROM数量= 8K×16 / 4K×16 = 2片
RAM数量= 56K×16 / 8K×16 = 7片
(2)由题使用的译码器为3-8译码器，译码器如图所示
则RAM₁=非O₀VO₁VO₂VO₃VO₄VO₅VO₆VO₇.
RAM₂=O₀V非O₁VO₂VO₃VO₄VO₅VO₆VO₇.
ROM₁=ROM₂= O₀VO₁VO₂VO₃VO₄VO₅VO₆V非O₇.
RAM₃= O₀VO₁V非O₂VO₃VO₄VO₅VO₆VO₇. RAM₇=O₀VO₁VO₂VO₃VO₄VO₅V非O₆VO₇.
RAM₄= O₀VO₁VO₂V非O₃VO₄VO₅VO₆VO₇.
RAM₅= O₀VO₁VO₂VO₃V非O₄VO₅VO₆VO₇.
RAM₆= O₀VO₁VO₂VO₃VO₄V非O₅VO₆VO₇.","data/csbench/student_images/CO_9/ANS_CO_957.jpg"
"CO_9","ANS_CO_962","P1","possible_teacher_under_score","10.0","model_avg_score","14.5","-4.5","4.5","3.75","-4.5","3.75","absolute_disagreement|within_question_outlier","0.0","False","15.0","14.5","14.5","14.5","14.5","BND","0.7071","high","0.0","0.5","0.133333","","","","","8K×16 / 4K×16 = 2；需2片ROM

(64K-8K)×16 / 8K×16 = 56K×16 / 8K×16 = 7；需7片RAM

(2)
编号  地址        A15~A12
ROM1  0000~0FFF   0000
ROM2  1000~1FFF   0001
RAM1  2000~3FFF   0010
                   0011
RAM2  4000~5FFF   0100
                   0101
RAM3  6000~7FFF   0110
                   0111
RAM4  8000~9FFF   1000
                   1001
RAM5  A000~BFFF   1010
                   1011
RAM6  C000~DFFF   1100
                   1101
RAM7  E000~FFFF   1110
                   1111

∴A14、A13、A12连3-8译码器的ABC端
ROM1片选信号 CS1=取反(A15)·取反(Y0)
ROM2片选信号 CS2=取反(A15)·取反(Y1)
RAM1片选信号 CS3=取反(A15)·取反(Y2)+取反(A15)·取反(Y3)
RAM2片选信号 CS4=取反(A15)·(取反(Y4)+取反(Y5))
RAM3片选信号 CS5=取反(A15)(取反(Y6)+取反(Y7))，CS6=A15(取反(Y0)+取反(Y1))，CS7=A15(取反(Y2)+取反(Y3))，CS8=A15(取反(Y4)+取反(Y5))
CS9=A15(取反(Y7)+取反(Y8))","data/csbench/student_images/CO_9/ANS_CO_962.jpg"
"CO_9","ANS_CO_967","P2","possible_teacher_over_score","13.0","model_avg_score","8.5","4.5","4.5","3.75","4.5","3.75","absolute_disagreement|within_question_outlier","0.0","False","15.0","8.5","8.5","5.5","5.5","BND","3.5355","high","0.0","1.0","0.2","a3wa_changed_score_materially|unstable_model_judgements","","","","解：(1) ROM需要8k/4k=2片 4k×16
RAM需要(64k-8k)/8k=7片 8k×16
(2) 64K=2^16，所以地址总线从16位开始往上为片选地址
ROM：
CS₁=Ā₁₀
CS₂=A₁₆
RAM：
CS₁=A₁₇非(A₁₈A₁₉)
CS₂=Ā₁₇A₁₈Ā₁₉
CS₃=A₁₇A₁₈Ā₁₉
CS₄=非(A₁₇A₁₈)A₁₉
CS₅=A₁₇Ā₁₈A₁₉
CS₆=Ā₁₇A₁₈A₁₉
CS₇=A₁₇A₁₈A₁₉","data/csbench/student_images/CO_9/ANS_CO_967.jpg"
"CO_9","ANS_CO_969","P1","possible_teacher_under_score","9.0","model_avg_score","13.7","-4.7","4.7","3.75","-4.7","3.75","absolute_disagreement|within_question_outlier","0.0","False","15.0","13.7","13.7","13.7","13.7","POS","0.2357","high","0.0","0.166667","0.0","","","","","2. 1)
ROM: (8k×16)/(4k×16) = 2

64 -8 = 56 kW
RAM: (56 k×16)/(8k×16) = 7

2)
ROM1: 0000~0FFF
ROM2: 1000~1FFF

RAM1: 2000~3FFF
RAM2: 4000~5FFF
RAM3: 6000~7FFF
RAM4: 8000~9FFF
RAM5: A000~BFFF
RAM6: C000~DFFF
RAM7: D000~EFFF","data/csbench/student_images/CO_9/ANS_CO_969.jpg"
"CO_9","ANS_CO_977","P2","possible_teacher_over_score","13.0","model_avg_score","9.0","4.0","4.0","3.75","4.0","3.75","absolute_disagreement|within_question_outlier","0.0","False","15.0","9.0","9.0","6.0","6.0","BND","4.2426","high","0.0","1.0","0.2","a3wa_changed_score_materially|unstable_model_judgements","","","","解:1)由题:主存低8KW 
用ROM 
则需要ROM的数量为 
8K/4k=2(个) 
需要RAM的数量为 
(64K-8K)/8K=7(个) 
2)由(1)知 
用字扩展时. 
基本芯片的片选信号相同. 
用3-8译码器进行片选.设其输出为A2A1A0 基本芯片为(ROM1,ROM2,RAM1,RAM2,…RAM7)
片选信号为( CS1,CS2,…CS9)
则CS1=CS2=A2A1A0 
RAM1=A2A1Ā0 
RAM2=A2Ā1A0 
RAM3=A2Ā1Ā0 
RAM4=Ā2A1A0 
RAM5=Ā2A1Ā0 
RAM6=Ā2Ā1A0 
RAM7=Ā2Ā1Ā0","data/csbench/student_images/CO_9/ANS_CO_977.jpg"
"CO_9","ANS_CO_981","P1","possible_teacher_over_score","6.0","model_avg_score","1.2","4.8","4.8","3.75","4.8","3.75","absolute_disagreement|within_question_outlier","0.0","False","15.0","1.2","1.2","0.0","0.0","BND","0.8498","high","0.0","0.666667","0.133333","","","","","解(a)由题意得 Rom与RAM为2:1.
(2×4k·a +8ka)/6k·=1 => a=4
则 4k×16 Rom 8块，8k×16 RAM 4块
(b) Rom1. Rom2. Rom1: CS1:000
Rom3. Rom4 RAM2 CS2:001
Rom5. Rom6 RAM3 CS3:010
Rom7. Rom8 RAM4 CS4:100","data/csbench/student_images/CO_9/ANS_CO_981.jpg"
"CPL_1","ANS_CPL_01","P2","possible_teacher_over_score","5.0","model_avg_score","2.1","2.9","2.9","1.0","2.9","1.0","absolute_disagreement|within_question_outlier","0.0","False","5.0","2.1","2.1","1.1","1.1","BND","0.5893","low","0.5","1.0","0.666667","extraction_risk|rubric_mapping_risk|a3wa_changed_score_materially|unstable_model_judgements","","","","答：3 4 5 4","data/csbench/student_images/CPL_1/ANS_CPL_01.jpg"
"CPL_1","ANS_CPL_02","P2","possible_teacher_over_score","5.0","model_avg_score","1.7","3.3","3.3","1.0","3.3","1.0","absolute_disagreement|within_question_outlier","0.0","False","5.0","1.7","1.7","2.7","2.7","BND","0.5893","low","0.5","1.0","0.5","extraction_risk|rubric_mapping_risk|a3wa_changed_score_materially|unstable_model_judgements","","","","3 4 5 4","data/csbench/student_images/CPL_1/ANS_CPL_02.jpg"
"CPL_1","ANS_CPL_06","P2","possible_teacher_over_score","4.0","model_avg_score","2.5","1.5","1.5","1.0","1.5","1.0","absolute_disagreement|within_question_outlier","0.0","False","5.0","2.5","2.5","2.5","2.5","POS","0.0","high","0.0","0.0","0.0","","","","","3 3 45","data/csbench/student_images/CPL_1/ANS_CPL_06.jpg"
"CPL_1","ANS_CPL_10","P2","possible_teacher_over_score","4.0","model_avg_score","2.5","1.5","1.5","1.0","1.5","1.0","absolute_disagreement|within_question_outlier","0.0","False","5.0","2.5","2.5","2.5","2.5","BND","0.0","low","0.5","0.0","0.5","extraction_risk|rubric_mapping_risk","","","","4 5 4","data/csbench/student_images/CPL_1/ANS_CPL_10.jpg"
"CPL_1","ANS_CPL_20","P2","possible_teacher_over_score","5.0","model_avg_score","0.4","4.6","4.6","1.0","4.6","1.0","absolute_disagreement|within_question_outlier","0.0","False","5.0","0.4","0.4","0.4","0.4","NEG","0.5893","low","0.75","1.0","0.833333","extraction_risk|rubric_mapping_risk|unstable_model_judgements","","","","3454","data/csbench/student_images/CPL_1/ANS_CPL_20.jpg"
"CPL_1","ANS_CPL_31","P2","possible_teacher_over_score","5.0","model_avg_score","3.9","1.1","1.1","1.0","1.1","1.0","absolute_disagreement|within_question_outlier","0.0","False","5.0","3.9","3.9","3.9","3.9","POS","0.198","high","0.0","0.42","0.0","","","","","3 4 5 4","data/csbench/student_images/CPL_1/ANS_CPL_31.jpg"
"CPL_1","ANS_CPL_42","P2","possible_teacher_over_score","5.0","model_avg_score","0.8","4.2","4.2","1.0","4.2","1.0","absolute_disagreement|within_question_outlier","0.0","False","5.0","0.8","0.8","0.8","0.8","NEG","0.5893","low","0.75","1.0","0.75","extraction_risk|rubric_mapping_risk|unstable_model_judgements","","","","3454","data/csbench/student_images/CPL_1/ANS_CPL_42.jpg"
"CPL_1","ANS_CPL_46","P2","possible_teacher_over_score","5.0","model_avg_score","1.7","3.3","3.3","1.0","3.3","1.0","absolute_disagreement|within_question_outlier","0.0","False","5.0","1.7","1.7","2.7","2.7","BND","0.5893","low","0.5","1.0","0.666667","extraction_risk|rubric_mapping_risk|a3wa_changed_score_materially|unstable_model_judgements","","","","3 4 5 4 ","data/csbench/student_images/CPL_1/ANS_CPL_46.jpg"
"CPL_3","ANS_CPL_130","P2","possible_teacher_over_score","2.0","model_avg_score","0.0","2.0","2.0","1.5","2.0","1.5","absolute_disagreement|within_question_outlier","0.0","False","10.0","0.0","0.0","0.0","0.0","NEG","0.0","low","1.0","0.0","1.0","extraction_risk|rubric_mapping_risk","","","","6,row:21,col:17","data/csbench/student_images/CPL_3/ANS_CPL_130.jpg"
"CPL_3","ANS_CPL_133","P2","possible_teacher_over_score","2.0","model_avg_score","0.0","2.0","2.0","1.5","2.0","1.5","absolute_disagreement|within_question_outlier","0.0","False","10.0","0.0","0.0","0.0","0.0","NEG","0.0","low","1.0","0.0","1.0","extraction_risk|rubric_mapping_risk","","","","6,row:21,col:17","data/csbench/student_images/CPL_3/ANS_CPL_133.jpg"
"CPL_3","ANS_CPL_169","P2","possible_teacher_over_score","3.0","model_avg_score","1.3","1.7","1.7","1.5","1.7","1.5","absolute_disagreement|within_question_outlier","0.0","False","10.0","1.3","1.3","1.3","1.3","NEG","0.4714","low","0.8","0.5","0.833333","extraction_risk|rubric_mapping_risk","","","","5, row:2l, col:17","data/csbench/student_images/CPL_3/ANS_CPL_169.jpg"
"CPL_4","ANS_CPL_182","P2","possible_teacher_over_score","9.0","model_avg_score","4.7","4.3","4.3","2.5","2.0","2.5","absolute_disagreement","2.3","True","10.0","4.7","4.7","6.7","6.7","BND","3.3993","high","0.0","1.0","0.25","a3wa_changed_score_materially|unstable_model_judgements","","","","19 28 20 24 22 5 24 15 23 16","data/csbench/student_images/CPL_4/ANS_CPL_182.jpg"
"CPL_4","ANS_CPL_184","P2","possible_teacher_over_score","9.0","model_avg_score","3.3","5.7","5.7","2.5","3.4","2.5","absolute_disagreement|within_question_outlier","2.3","True","10.0","3.3","3.3","3.3","3.3","BND","4.714","high","0.0","1.0","0.666667","rubric_mapping_risk|unstable_model_judgements","","","","19 28 20 24 22 5 24 15 23 16","data/csbench/student_images/CPL_4/ANS_CPL_184.jpg"
"CPL_4","ANS_CPL_185","P2","possible_teacher_over_score","9.0","model_avg_score","6.0","3.0","3.0","2.5","0.7","2.5","absolute_disagreement","2.3","True","10.0","6.0","6.0","6.0","6.0","BND","2.1213","high","0.0","1.0","0.25","unstable_model_judgements","","","","19 28 20 24 22 5 24 15 23 16","data/csbench/student_images/CPL_4/ANS_CPL_185.jpg"
"CPL_4","ANS_CPL_186","P2","possible_teacher_over_score","5.0","model_avg_score","1.8","3.2","3.2","2.5","0.9","2.5","absolute_disagreement","2.3","True","10.0","1.8","1.8","1.8","1.8","NEG","2.2485","low","0.75","1.0","0.833333","extraction_risk|rubric_mapping_risk|unstable_model_judgements","","","","18,27,19,24,5,22,24,16,24,17","data/csbench/student_images/CPL_4/ANS_CPL_186.jpg"
"CPL_4","ANS_CPL_187","P2","possible_teacher_over_score","9.0","model_avg_score","1.8","7.2","7.2","2.5","4.9","2.5","absolute_disagreement|within_question_outlier","2.3","True","10.0","1.8","1.8","1.8","1.8","NEG","1.5411","low","0.75","1.0","0.75","extraction_risk|rubric_mapping_risk|unstable_model_judgements","","","","19 28 20 24 22 5 24 15 23 16","data/csbench/student_images/CPL_4/ANS_CPL_187.jpg"
"CPL_4","ANS_CPL_188","P2","possible_teacher_over_score","9.0","model_avg_score","6.5","2.5","2.5","2.5","0.2","2.5","absolute_disagreement","2.3","True","10.0","6.5","6.5","6.5","6.5","NEG","3.3417","low","0.75","1.0","0.833333","extraction_risk|rubric_mapping_risk|unstable_model_judgements","","","","19 28 20 24 22 5 24 15 23 16","data/csbench/student_images/CPL_4/ANS_CPL_188.jpg"
"CPL_4","ANS_CPL_189","P2","possible_teacher_over_score","9.0","model_avg_score","0.0","9.0","9.0","2.5","6.7","2.5","absolute_disagreement|within_question_outlier","2.3","True","10.0","0.0","0.0","0.0","0.0","NEG","0.0","low","1.0","0.0","1.0","extraction_risk|rubric_mapping_risk","","","","19 28 20 24 22 5 24 15 23 16","data/csbench/student_images/CPL_4/ANS_CPL_189.jpg"
"CPL_4","ANS_CPL_190","P2","possible_teacher_over_score","6.0","model_avg_score","0.8","5.2","5.2","2.5","2.9","2.5","absolute_disagreement|within_question_outlier","2.3","True","10.0","0.8","0.8","0.0","0.0","BND","1.1785","high","0.0","1.0","0.083333","unstable_model_judgements","","","","19 23 15 24 5 22 24 20 28 16","data/csbench/student_images/CPL_4/ANS_CPL_190.jpg"
"CPL_4","ANS_CPL_191","P2","possible_teacher_over_score","5.0","model_avg_score","0.4","4.6","4.6","2.5","2.3","2.5","absolute_disagreement","2.3","True","10.0","0.4","0.4","1.65","1.65","BND","0.5893","high","0.0","0.625","0.333333","a3wa_changed_score_materially","","","","16 19 15 24 5 22 24 20 16 19","data/csbench/student_images/CPL_4/ANS_CPL_191.jpg"
"CPL_4","ANS_CPL_192","P2","possible_teacher_over_score","9.0","model_avg_score","4.0","5.0","5.0","2.5","2.7","2.5","absolute_disagreement|within_question_outlier","2.3","True","10.0","4.0","4.0","2.5","2.5","BND","2.8284","high","0.0","1.0","0.333333","a3wa_changed_score_materially|unstable_model_judgements","","","","19 28 20 24 22 5 24 15 23 16","data/csbench/student_images/CPL_4/ANS_CPL_192.jpg"
"CPL_4","ANS_CPL_194","P1","possible_teacher_over_score","9.0","model_avg_score","0.0","9.0","9.0","2.5","6.7","2.5","absolute_disagreement|within_question_outlier","2.3","True","10.0","0.0","0.0","0.0","0.0","POS","0.0","high","0.0","0.0","0.333333","","","","","19 28 20 24 22 5 24 15 23 16","data/csbench/student_images/CPL_4/ANS_CPL_194.jpg"
"CPL_4","ANS_CPL_196","P2","possible_teacher_over_score","9.0","model_avg_score","0.0","9.0","9.0","2.5","6.7","2.5","absolute_disagreement|within_question_outlier","2.3","True","10.0","0.0","0.0","0.0","0.0","NEG","0.0","low","1.0","0.0","1.0","extraction_risk|rubric_mapping_risk","","","","19 28 20 24 22 5 24 15 23 16","data/csbench/student_images/CPL_4/ANS_CPL_196.jpg"
"CPL_4","ANS_CPL_197","P2","possible_teacher_over_score","9.0","model_avg_score","5.3","3.7","3.7","2.5","1.4","2.5","absolute_disagreement","2.3","True","10.0","5.3","5.3","3.3","3.3","BND","4.1096","high","0.0","1.0","0.416667","rubric_mapping_risk|a3wa_changed_score_materially|unstable_model_judgements","","","","19 28 20 24 22 5 24 15 23 16","data/csbench/student_images/CPL_4/ANS_CPL_197.jpg"
"CPL_4","ANS_CPL_203","P2","possible_teacher_over_score","4.0","model_avg_score","0.8","3.2","3.2","2.5","0.9","2.5","absolute_disagreement","2.3","True","10.0","0.8","0.8","0.0","0.0","BND","1.1785","high","0.0","1.0","0.333333","unstable_model_judgements","","","","28 19 15 24 5 22 24 20 16 23.","data/csbench/student_images/CPL_4/ANS_CPL_203.jpg"
"CPL_4","ANS_CPL_204","P2","possible_teacher_over_score","10.0","model_avg_score","5.0","5.0","5.0","2.5","2.7","2.5","absolute_disagreement|within_question_outlier","2.3","True","10.0","5.0","5.0","5.0","5.0","BND","3.5355","high","0.0","1.0","0.333333","unstable_model_judgements","","","","19 28 20 24 5 22 24 15 13 16","data/csbench/student_images/CPL_4/ANS_CPL_204.jpg"
"CPL_4","ANS_CPL_205","P2","possible_teacher_over_score","5.0","model_avg_score","0.0","5.0","5.0","2.5","2.7","2.5","absolute_disagreement|within_question_outlier","2.3","True","10.0","0.0","0.0","0.0","0.0","NEG","0.0","low","1.0","0.0","1.0","extraction_risk|rubric_mapping_risk","","","","18,23,15,24,5,22,24,20,28,17","data/csbench/student_images/CPL_4/ANS_CPL_205.jpg"
"CPL_4","ANS_CPL_210","P2","possible_teacher_over_score","5.0","model_avg_score","0.8","4.2","4.2","2.5","1.9","2.5","absolute_disagreement","2.3","True","10.0","0.8","0.8","0.0","0.0","BND","1.1785","high","0.0","1.0","0.333333","unstable_model_judgements","","","","4.16 19 15 24 5 22 24 20 16 19","data/csbench/student_images/CPL_4/ANS_CPL_210.jpg"
"CPL_4","ANS_CPL_211","P2","possible_teacher_over_score","9.0","model_avg_score","6.0","3.0","3.0","2.5","0.7","2.5","absolute_disagreement","2.3","True","10.0","6.0","6.0","6.0","6.0","BND","1.633","high","0.0","1.0","0.166667","unstable_model_judgements","","","","19 28 20 24 22 5 24 15 23 16","data/csbench/student_images/CPL_4/ANS_CPL_211.jpg"
"CPL_4","ANS_CPL_214","P2","possible_teacher_over_score","5.0","model_avg_score","0.0","5.0","5.0","2.5","2.7","2.5","absolute_disagreement|within_question_outlier","2.3","True","10.0","0.0","0.0","0.0","0.0","NEG","0.0","low","1.0","0.0","1.0","extraction_risk|rubric_mapping_risk","","","","23 15 24 5 22 24 20 28 15","data/csbench/student_images/CPL_4/ANS_CPL_214.jpg"
"CPL_4","ANS_CPL_218","P2","possible_teacher_over_score","9.0","model_avg_score","2.1","6.9","6.9","2.5","4.6","2.5","absolute_disagreement|within_question_outlier","2.3","True","10.0","2.1","2.1","4.1","4.1","BND","1.559","high","0.0","1.0","0.25","a3wa_changed_score_materially|unstable_model_judgements","","","","19 18 20 24 22 5 24 15 23 16","data/csbench/student_images/CPL_4/ANS_CPL_218.jpg"
"CPL_4","ANS_CPL_220","P2","possible_teacher_over_score","9.0","model_avg_score","3.8","5.2","5.2","2.5","2.9","2.5","absolute_disagreement|within_question_outlier","2.3","True","10.0","3.8","3.8","5.8","5.8","BND","1.0274","high","0.0","1.0","0.333333","a3wa_changed_score_materially|unstable_model_judgements","","","","19 28 20 24 22 5 24 15 23 16","data/csbench/student_images/CPL_4/ANS_CPL_220.jpg"
"CPL_4","ANS_CPL_225","P2","possible_teacher_over_score","9.0","model_avg_score","4.2","4.8","4.8","2.5","2.5","2.5","absolute_disagreement|within_question_outlier","2.3","True","10.0","4.2","4.2","4.2","4.2","BND","3.2745","high","0.0","1.0","0.333333","unstable_model_judgements","","","","19 28 20 24 22 5 24 15 23 16","data/csbench/student_images/CPL_4/ANS_CPL_225.jpg"
"CPL_4","ANS_CPL_227","P2","possible_teacher_over_score","9.0","model_avg_score","2.7","6.3","6.3","2.5","4.0","2.5","absolute_disagreement|within_question_outlier","2.3","True","10.0","2.7","2.7","4.7","4.7","BND","3.7712","high","0.0","1.0","0.333333","a3wa_changed_score_materially|unstable_model_judgements","","","","19 28 20 24 22 5 24 15 23 16","data/csbench/student_images/CPL_4/ANS_CPL_227.jpg"
"CPL_4","ANS_CPL_229","P2","possible_teacher_over_score","9.0","model_avg_score","4.3","4.7","4.7","2.5","2.4","2.5","absolute_disagreement","2.3","True","10.0","4.3","4.3","2.42","2.42","BND","0.9428","high","0.0","1.0","0.416667","rubric_mapping_risk|a3wa_changed_score_materially","","","","19 28 20 24 22 5 24 15 23 16","data/csbench/student_images/CPL_4/ANS_CPL_229.jpg"
"CPL_4","ANS_CPL_230","P2","possible_teacher_over_score","9.0","model_avg_score","0.0","9.0","9.0","2.5","6.7","2.5","absolute_disagreement|within_question_outlier","2.3","True","10.0","0.0","0.0","0.0","0.0","NEG","0.0","low","1.0","0.0","1.0","extraction_risk|rubric_mapping_risk","","","","19 28 20 24 22 5 24 15 23 16","data/csbench/student_images/CPL_4/ANS_CPL_230.jpg"
"CPL_4","ANS_CPL_231","P2","possible_teacher_over_score","5.0","model_avg_score","0.0","5.0","5.0","2.5","2.7","2.5","absolute_disagreement|within_question_outlier","2.3","True","10.0","0.0","0.0","0.0","0.0","NEG","0.0","low","1.0","0.0","1.0","extraction_risk|rubric_mapping_risk","","","","19 28 28 24 22 5 24 15 23 16","data/csbench/student_images/CPL_4/ANS_CPL_231.jpg"
"CPL_4","ANS_CPL_233","P2","possible_teacher_over_score","9.0","model_avg_score","6.5","2.5","2.5","2.5","0.2","2.5","absolute_disagreement","2.3","True","10.0","6.5","6.5","4.5","4.5","BND","1.7795","high","0.0","1.0","0.416667","rubric_mapping_risk|a3wa_changed_score_materially|unstable_model_judgements","","","","19 28 20 24 22 5 24 15 23 16","data/csbench/student_images/CPL_4/ANS_CPL_233.jpg"
"CPL_4","ANS_CPL_238","P2","possible_teacher_over_score","5.0","model_avg_score","0.0","5.0","5.0","2.5","2.7","2.5","absolute_disagreement|within_question_outlier","2.3","True","10.0","0.0","0.0","0.0","0.0","NEG","0.0","low","1.0","0.0","1.0","extraction_risk|rubric_mapping_risk","","","","19 18 20 24 5 22 24 15 23 16","data/csbench/student_images/CPL_4/ANS_CPL_238.jpg"
"CPL_4","ANS_CPL_240","P2","possible_teacher_over_score","9.0","model_avg_score","2.8","6.2","6.2","2.5","3.9","2.5","absolute_disagreement|within_question_outlier","2.3","True","10.0","2.8","2.8","4.8","4.8","BND","3.0092","high","0.0","1.0","0.333333","a3wa_changed_score_materially|unstable_model_judgements","","","","19 28 20 24 22 5 24 15 23 16","data/csbench/student_images/CPL_4/ANS_CPL_240.jpg"
"CPL_5","ANS_CPL_245","P2","possible_teacher_over_score","5.0","model_avg_score","1.7","3.3","3.3","2.5","3.0","2.5","absolute_disagreement|within_question_outlier","0.3","False","10.0","1.7","1.7","0.7","0.7","BND","1.2472","high","0.2","1.0","0.4","rubric_mapping_risk|unstable_model_judgements","","","","【1】(4). float result =1.0 | 【2】 | 【3】(24) printf(""%2.2f"",polynomial(x,c)) | 【4】(22) for(int i=N;i>0;i--) | 【5】(25) fclose(argtxt)","data/csbench/student_images/CPL_5/ANS_CPL_245.jpg"
"CPL_5","ANS_CPL_251","P1","possible_teacher_over_score","6.0","model_avg_score","2.7","3.3","3.3","2.5","3.0","2.5","absolute_disagreement|within_question_outlier","0.3","False","10.0","2.7","2.7","2.7","2.7","BND","0.4714","high","0.0","0.5","0.133333","","","","","1. 2)#define N 6 → #define N 6; | 2. 4) float result=0; → float result=1 | 3. 17) if(argc!=2||fp=fopen(argv[1],""w"")==NULL)→ if(argc!=2||fp=fopen(argv,""w"")==NULL) | 4. 22) for(int i=N; i>=0 ; i--)→ for(int i=N-i; i>=0;i-) | 5. 24)printf(""%.2f"",polynomial(x,&c));→ printf(""%.2f"",polynomial(x,c));","data/csbench/student_images/CPL_5/ANS_CPL_251.jpg"
"CPL_5","ANS_CPL_254","P2","possible_teacher_over_score","6.0","model_avg_score","3.0","3.0","3.0","2.5","2.7","2.5","absolute_disagreement|within_question_outlier","0.3","False","10.0","3.0","3.0","2.0","2.0","BND","2.4495","high","0.2","1.0","0.466667","rubric_mapping_risk|unstable_model_judgements","","","","1. 6) { result = 1 ; result *= X ; } | 2. if(argc != 2 || (pf = fopen(argv[1], ""w"")) == NULL) | 3. for(int i = N-1; i >= 0; i--) | 4. printf(""%.2f"", polynomial(X, c)); | 5. ","data/csbench/student_images/CPL_5/ANS_CPL_254.jpg"
"CPL_5","ANS_CPL_258","P1","possible_teacher_over_score","4.0","model_avg_score","1.0","3.0","3.0","2.5","2.7","2.5","absolute_disagreement|within_question_outlier","0.3","False","10.0","1.0","1.0","0.0","0.0","BND","0.8165","high","0.0","1.0","0.2","","","","","【1】将'||'换成'&&' | 【2】float result=1 ; | 【3】for(int i=N; i>0; i--) | 
【4】去掉 int argc, char * argv[]; | 
【5】printf(""%2f"", polynomial(x,0))","data/csbench/student_images/CPL_5/ANS_CPL_258.jpg"
"CPL_5","ANS_CPL_260","P2","possible_teacher_over_score","8.0","model_avg_score","4.0","4.0","4.0","2.5","3.7","2.5","absolute_disagreement|within_question_outlier","0.3","False","10.0","4.0","4.0","4.0","4.0","BND","0.8165","high","0.0","1.0","0.4","rubric_mapping_risk","","","","1. 4) 把0改为1.0 | 2. 17) 把""w""改为""r"" | 3. 24) 把&c改为c | 4. 19) 把注释改为""在敌未知投x"" | 5. 17) 扎 f=fopen(argv[1],""w"") 后添加""z"","")""","data/csbench/student_images/CPL_5/ANS_CPL_260.jpg"
"CPL_6","ANS_CPL_310","P1","possible_teacher_under_score","6.0","model_avg_score","9.5","-3.5","3.5","2.5","-3.5","2.5","absolute_disagreement|within_question_outlier","0.0","False","10.0","9.5","9.5","9.5","9.5","BND","0.7071","high","0.0","0.75","0.333333","","","","","【1】 ch <= z && ch >= a | 【2】 (ch <= z && ch >= a) || (ch <= Z && ch >= A) | 【3】 a[n] != 0 | 【4】 words [Upper (ch) - 'A'] --  | 【5】EqualArray ( words , 26)","data/csbench/student_images/CPL_6/ANS_CPL_310.jpg"
"CPL_6","ANS_CPL_318","P1","possible_teacher_under_score","2.0","model_avg_score","6.3","-4.3","4.3","2.5","-4.3","2.5","absolute_disagreement|within_question_outlier","0.0","False","10.0","6.3","6.3","5.3","5.3","BND","0.4714","high","0.0","0.5","0.2","","","","","(1) 'a' <= ch <= 'z' | (2) ('a' <= ch <= 'z' || 'A' <= ch <= 'Z' )| (3) a[i] = 0 = 0 | (4) words[Upper(ch)-'A']-- | (5) int Equal Array(int word[], int 26)","data/csbench/student_images/CPL_6/ANS_CPL_318.jpg"
"CPL_6","ANS_CPL_321","P2","possible_teacher_over_score","10.0","model_avg_score","7.3","2.7","2.7","2.5","2.7","2.5","absolute_disagreement|within_question_outlier","0.0","False","10.0","7.3","7.3","8.3","8.3","BND","1.2472","high","0.0","1.0","0.2","a3wa_changed_score_materially|unstable_model_judgements","","","","(1) ch<='z'&&ch>='A' | (2) (ch<='z'&&ch>='A')||(ch<='z'&&ch>='a') | (3) a[i]!=0 | (4) words[Upper(ch)-'A']-- | (5) EqualArray(words,26)","data/csbench/student_images/CPL_6/ANS_CPL_321.jpg"
"CPL_6","ANS_CPL_325","P1","possible_teacher_under_score","0.0","model_avg_score","2.5","-2.5","2.5","2.5","-2.5","2.5","absolute_disagreement|within_question_outlier","0.0","False","10.0","2.5","2.5","2.5","2.5","BND","0.4082","high","0.1","0.5","0.15","","","","","(1) 'a'<ch<'z' | (2) 'a'<ch<'z' || 'A'<ch<'Z' | (3) a[i]=0. | (4) words[upper (ch)-'A']++ | (5) words = words","data/csbench/student_images/CPL_6/ANS_CPL_325.jpg"
"CPL_6","ANS_CPL_328","P1","possible_teacher_under_score","6.0","model_avg_score","9.0","-3.0","3.0","2.5","-3.0","2.5","absolute_disagreement|within_question_outlier","0.0","False","10.0","9.0","9.0","8.0","8.0","BND","0.8165","high","0.0","1.0","0.2","","","","","(1) if(ch>='a'&&ch<='z') | (2) if((ch>='a'&&ch<='z')||(ch>='A'&&ch<='Z'))?1:0; | (3) a[i]!=0 | (4) words[Upper(ch)-'A']-- | (5) if(words[26]=={0})","data/csbench/student_images/CPL_6/ANS_CPL_328.jpg"
"CPL_6","ANS_CPL_329","P2","possible_teacher_over_score","6.0","model_avg_score","3.3","2.7","2.7","2.5","2.7","2.5","absolute_disagreement|within_question_outlier","0.0","False","10.0","3.3","3.3","4.3","4.3","BND","1.2472","high","0.0","1.0","0.133333","unstable_model_judgements","","","","(1) A'<=ch && 'a'<=ch && ch<='z' | (2) 'a'<=ch && ch<='z' || 'A'<=ch && ch<='Z' | (3) a[i] == 0 | (4) words[Upperch)-'A']-- | (5) words == 0 words == 0","data/csbench/student_images/CPL_6/ANS_CPL_329.jpg"
"CPL_6","ANS_CPL_338","P2","possible_teacher_over_score","10.0","model_avg_score","6.7","3.3","3.3","2.5","3.3","2.5","absolute_disagreement|within_question_outlier","0.0","False","10.0","6.7","6.7","5.2","5.2","BND","0.9428","high","0.0","1.0","0.133333","a3wa_changed_score_materially","","","","'Z' < ch | ((a' <= ch && ch <= 'Z') || (A' <= ch && ch <= 'Z')) ? 1 : 0 | a[i] != 0 | words[Upper(ch) - 'A'] -- | EqualArray(words, 26)","data/csbench/student_images/CPL_6/ANS_CPL_338.jpg"
"CPL_6","ANS_CPL_339","P1","possible_teacher_under_score","6.0","model_avg_score","8.7","-2.7","2.7","2.5","-2.7","2.5","absolute_disagreement|within_question_outlier","0.0","False","10.0","8.7","8.7","8.7","8.7","POS","0.2357","high","0.0","0.25","0.0","","","","","(1)(ch >'a' && ch <'z') | (2)((ch >'a' && ch <'z') || (ch >'A' && ch <'Z')) | (3)a[i] != 0 | (4)words[Upper(ch)-'A']-- | (5)EqualArray(words, 26)","data/csbench/student_images/CPL_6/ANS_CPL_339.jpg"
"CPL_6","ANS_CPL_346","P2","possible_teacher_under_score","4.0","model_avg_score","7.0","-3.0","3.0","2.5","-3.0","2.5","absolute_disagreement|within_question_outlier","0.0","False","10.0","7.0","7.0","5.88","5.88","BND","0.7071","high","0.2","0.75","0.333333","a3wa_changed_score_materially","","","","(1)(ch<'z'&&ch>'a') | (2)((ch<'z'&&ch>'a')||(ch<'Z'&&ch>'A'))?1:0 | (3)a[i]!=0. | (5)Equal(Array(words,26)","data/csbench/student_images/CPL_6/ANS_CPL_346.jpg"
"CPL_6","ANS_CPL_352","P1","possible_teacher_over_score","9.0","model_avg_score","6.3","2.7","2.7","2.5","2.7","2.5","absolute_disagreement|within_question_outlier","0.0","False","10.0","6.3","6.3","6.3","6.3","POS","0.4714","high","0.0","0.5","0.066667","","","","","【1】ch >= 'a' | 【2】( 'a' <= ch || ch <= 'z' ) && ( 'A' <= ch || ch <= 'Z' ) | 【3】a[i] != 0 | 【4】words[ Upper(ch) - 'A' ] -- | 【5】EqualArray( words[], 26 )","data/csbench/student_images/CPL_6/ANS_CPL_352.jpg"
"CPL_6","ANS_CPL_353","P1","possible_teacher_under_score","6.0","model_avg_score","10.0","-4.0","4.0","2.5","-4.0","2.5","absolute_disagreement|within_question_outlier","0.0","False","10.0","10.0","10.0","10.0","10.0","POS","0.0","high","0.0","0.0","0.0","","","","","【1】'a' <= ch <= 'z' | 【2】('a' <= ch <= 'z') || ('A' <= ch <= 'Z') ? 1 : 0 | 【3】a[i]!= 0 | 【4】words[ Upper(ch) - 'A' ] -- | 【5】EqualArray(word, 26)","data/csbench/student_images/CPL_6/ANS_CPL_353.jpg"
"CPL_6","ANS_CPL_360","P2","possible_teacher_over_score","8.0","model_avg_score","5.5","2.5","2.5","2.5","2.5","2.5","absolute_disagreement|within_question_outlier","0.0","False","10.0","5.5","5.5","7.0","7.0","BND","0.7071","high","0.0","0.75","0.066667","a3wa_changed_score_materially","","","","【1】ch-'a'+'A' < ch | 【2】(ch>'a' && ch<'z') || (ch>'A' && ch<'z')?1:0 | 【3】a[i] != 0 | 【4】Words[Upper(ch)-'A'] | 【5】EqualArray(words, 26)","data/csbench/student_images/CPL_6/ANS_CPL_360.jpg"
"CPL_7","ANS_CPL_368","P2","possible_teacher_under_score","3.0","model_avg_score","9.2","-6.2","6.2","3.75","-6.4","3.75","absolute_disagreement|within_question_outlier","0.2","False","15.0","9.2","9.2","11.2","11.2","BND","2.095","high","0.0","1.0","0.222222","a3wa_changed_score_materially|unstable_model_judgements","","","","#include<stdio.h>int main(){ //输入且同时计算int (*b)[5];for(int i=0;i<5;i++){ for(int j=0;j<5;j++){ scanf(""%d"",*(b+j)+i);}}FILE * fp = fopen(""matrix.txt"",""w"");for(int i=0;i<5;i++){ fwirte((*b)+i,5,fp);fputc(""\n"",fp);}fclose(fp);return 0;}","data/csbench/student_images/CPL_7/ANS_CPL_368.jpg"
"CPL_7","ANS_CPL_370","P2","possible_teacher_over_score","11.0","model_avg_score","7.0","4.0","4.0","3.75","3.8","3.75","absolute_disagreement|within_question_outlier","0.2","False","15.0","7.0","7.0","4.0","4.0","BND","2.0412","high","0.0","1.0","0.222222","a3wa_changed_score_materially|unstable_model_judgements","","","","#include<stdio.h>int main {int a[5][5], b[5][5];for(int i=0 ; i<=4; i++){for(int j=0; j<=4; j++)scanf(""%d "", &a[i][j];}for(int i=0; i<=4 ; i++)  // 生成转置矩阵{ for(int j=0; j<=4 ; j++)b[i][j] = a[j][i];}FILE *pf=NULL ;  // 保存pf = fopen(""matrix.txt"",""w"");fputs(pf, fclose(pf);return 0;}","data/csbench/student_images/CPL_7/ANS_CPL_370.jpg"
"CPL_7","ANS_CPL_375","P2","possible_teacher_under_score","10.0","model_avg_score","14.0","-4.0","4.0","3.75","-4.2","3.75","absolute_disagreement|within_question_outlier","0.2","False","15.0","14.0","14.0","14.0","14.0","BND","1.0801","high","0.0","0.833333","0.444444","rubric_mapping_risk","","","","#include <stdio.h>|#include <stdlib.h>|int main(){|int a[5][5]={0};|for(int i=0;i<5;i++){|for(int j=0;j<5;j++){|scanf(""%d"",&a[i][j]);|}|}|int zhong = 0;|for(int i=0;i<5;i++){|for(int j=i;j<5;j++){| zhong=a[i][j];|a[i][j]=a[j][i];|a[j][i]=zhong;|}|}|FILE* fp = fopen(matrix.txt,""w"");|if(fp == Null)|exit(0);|char cun[29]={0};|int g=0;|for(int i=0;i<5;i++){|for(int j=0;j<5;j++){|cun[g]=a[i][j]+48|g++;|}|}|cun[g]='\n'|g++;|}|fputs(cun,fp);|fclose(fp);|return 0;|}","data/csbench/student_images/CPL_7/ANS_CPL_375.jpg"
"CPL_7","ANS_CPL_388","P1","possible_teacher_over_score","10.0","model_avg_score","3.2","6.8","6.8","3.75","6.6","3.75","absolute_disagreement|within_question_outlier","0.2","False","15.0","3.2","3.2","3.2","3.2","BND","0.8498","high","0.333333","0.666667","0.333333","","","","","#include<stdio.h>|#include<stdlib.h>|int main()|{ int i,j,a[5][5],b[5][5]={0};|for(i=0;i<5;i++)|{for(j=0;j<5;j++)|{scanf(""%d"",a[i][j]);|}|printf(""\n"");|}|for(i=0;i<5;i++)|for(j=0;j<5;j++)|{|fprintf(matrix.txt,b,w);|return 0;|}","data/csbench/student_images/CPL_7/ANS_CPL_388.jpg"
"CPL_7","ANS_CPL_393","P2","possible_teacher_over_score","10.0","model_avg_score","6.2","3.8","3.8","3.75","3.6","3.75","absolute_disagreement","0.2","False","15.0","6.2","6.2","3.7","3.7","BND","1.5456","high","0.0","1.0","0.194444","a3wa_changed_score_materially|unstable_model_judgements","","","","#include<stdio.h>int main(){fopen (""matrix.txt"",""w"");int a[5][5],b[5][5];int i,j;for(i=0;i<5;i++)for(j=0;j<5;j++)scanf(""%d"",&a[i][j]);for(i=0;i<5;i++)for(j=0;j<5;j++)b[i][j]=a[i][j];fclose(matrix.txt);return 0;}","data/csbench/student_images/CPL_7/ANS_CPL_393.jpg"
"CPL_8","ANS_CPL_423","P2","possible_teacher_under_score","4.0","model_avg_score","8.3","-4.3","4.3","2.5","-3.5","2.5","absolute_disagreement|within_question_outlier","-0.8","False","10.0","8.3","8.3","6.8","6.8","BND","1.6997","high","0.0","1.0","0.2","a3wa_changed_score_materially|unstable_model_judgements","","","","(6) (Sum= sum+)x calculate((*score)[5],5); sum= sum+ *(score+i) | (7) *(*(score+i)+j) < *(*(score+i)+max) | (8) *score,5 | (9) unsigned size 2000 | (10) *(player+i)+j","data/csbench/student_images/CPL_8/ANS_CPL_423.jpg"
"CPL_8","ANS_CPL_426","P2","possible_teacher_under_score","4.0","model_avg_score","7.3","-3.3","3.3","2.5","-2.5","2.5","absolute_disagreement","-0.8","False","10.0","7.3","7.3","5.8","5.8","BND","0.9428","high","0.0","1.0","0.133333","a3wa_changed_score_materially","","","","【6】sum += *(score + i) | 【7】*(*(score + i) + j) < *(*(score + i) + min) | 【8】(*score)[5], 5 | 【9】player | 【10】*(score + i) + j","data/csbench/student_images/CPL_8/ANS_CPL_426.jpg"
"CPL_8","ANS_CPL_431","P1","possible_teacher_under_score","5.0","model_avg_score","7.7","-2.7","2.7","2.5","-1.9","2.5","absolute_disagreement","-0.8","False","10.0","7.7","7.7","7.7","7.7","POS","0.4714","high","0.0","0.5","0.0","","","","","【6】sum += *score | 【7】*(*（score + i) + j）< *(*score + i) + min） | 【8】score,3 | 【9】5 * sizeof(float) | 【10】*(player + i) + j","data/csbench/student_images/CPL_8/ANS_CPL_431.jpg"
"CPL_8","ANS_CPL_433","P1","possible_teacher_under_score","2.0","model_avg_score","5.7","-3.7","3.7","2.5","-2.9","2.5","absolute_disagreement|within_question_outlier","-0.8","False","10.0","5.7","5.7","5.7","5.7","POS","0.4714","high","0.0","0.5","0.066667","","","","","【6】sum += (*score)[i] . | 【7】*(* (score+i)+j) < *(* (score+i)+min) | 【8】&score >5 | 【9】float score[100][5] | 【10】&score[i][j]","data/csbench/student_images/CPL_8/ANS_CPL_433.jpg"
"CPL_8","ANS_CPL_437","P1","possible_teacher_under_score","6.0","model_avg_score","9.3","-3.3","3.3","2.5","-2.5","2.5","absolute_disagreement|within_question_outlier","-0.8","False","10.0","9.3","9.3","9.3","9.3","POS","0.4714","high","0.0","0.5","0.066667","","","","","(6) sum = sum + score[i] | (7) *(*(score + i) + j) < *(*(score + i) + min)) | (8) score, 5 | (9) sizeof(player) | (10) *(player + i) + j","data/csbench/student_images/CPL_8/ANS_CPL_437.jpg"
"CPL_8","ANS_CPL_442","P1","possible_teacher_under_score","2.0","model_avg_score","5.7","-3.7","3.7","2.5","-2.9","2.5","absolute_disagreement|within_question_outlier","-0.8","False","10.0","5.7","5.7","6.2","6.2","BND","0.2357","high","0.2","0.25","0.266667","","","","","(6) sum += *score | (7) *(*(score+i)+j) < *(*(score+i)+min) | (8) *score, 5 | (9)  | (10) &score","data/csbench/student_images/CPL_8/ANS_CPL_442.jpg"
"CPL_8","ANS_CPL_452","P2","possible_teacher_under_score","2.0","model_avg_score","5.3","-3.3","3.3","2.5","-2.5","2.5","absolute_disagreement","-0.8","False","10.0","5.3","5.3","5.3","5.3","BND","1.5456","high","0.0","1.0","0.2","unstable_model_judgements","","","","(6) Sum += (*score) | (7) *(*(score + i) + j) < *(*(score + i) + min) | (8) (*score)[5], m) | (9) a[5][100] | (10) a[j][i]","data/csbench/student_images/CPL_8/ANS_CPL_452.jpg"
"CPL_8","ANS_CPL_454","P2","possible_teacher_under_score","2.0","model_avg_score","6.2","-4.2","4.2","2.5","-3.4","2.5","absolute_disagreement|within_question_outlier","-0.8","False","10.0","6.2","6.2","4.7","4.7","BND","1.1785","high","0.1","1.0","0.166667","a3wa_changed_score_materially|unstable_model_judgements","","","","(6) Sum+= a [i] | (7) * (*(score+i)+j) < *(*(score+i)+min) | (8) score , 5 | (9) score | (10)  & (* score )[j]","data/csbench/student_images/CPL_8/ANS_CPL_454.jpg"
"CPL_8","ANS_CPL_456","P1","possible_teacher_under_score","6.0","model_avg_score","9.8","-3.8","3.8","2.5","-3.0","2.5","absolute_disagreement|within_question_outlier","-0.8","False","10.0","9.8","9.8","9.8","9.8","POS","0.2357","high","0.0","0.25","0.066667","","","","","【6】sum+=*score | 【7】*(*(score+i)+j)<*(*(score+i)+min) | 【8】*(player+i),5 | 【9】100*5*sizeof(float) | 【10】*(player+i)+j","data/csbench/student_images/CPL_8/ANS_CPL_456.jpg"
"CPL_8","ANS_CPL_458","P1","possible_teacher_under_score","4.0","model_avg_score","7.8","-3.8","3.8","2.5","-3.0","2.5","absolute_disagreement|within_question_outlier","-0.8","False","10.0","7.8","7.8","7.8","7.8","BND","0.9428","high","0.0","1.0","0.1","","","","","【6】sum+ = *(score + i) | 【7】*( *(score + i) + j ) < *( *(score + i) + min ) | 【8】score + i , 5| 【9】float,500 | 【10】player[ i ] + j","data/csbench/student_images/CPL_8/ANS_CPL_458.jpg"
"CPL_8","ANS_CPL_461","P1","possible_teacher_under_score","2.0","model_avg_score","4.7","-2.7","2.7","2.5","-1.9","2.5","absolute_disagreement","-0.8","False","10.0","4.7","4.7","4.7","4.7","POS","0.4714","high","0.0","0.5","0.0","","","","","(6) sum += *score. | (7) *(*(score+i)+j) < *(*(score+i)+min) | (8) *score[5],m | (9) Average (float* score, int n) | (10) Average (float* score, int n)","data/csbench/student_images/CPL_8/ANS_CPL_461.jpg"
"CPL_8","ANS_CPL_467","P1","possible_teacher_under_score","4.0","model_avg_score","7.2","-3.2","3.2","2.5","-2.4","2.5","absolute_disagreement","-0.8","False","10.0","7.2","7.2","7.2","7.2","BND","0.2357","high","0.2","0.25","0.333333","","","","","【6】sum+=score[i] | 【7】*(*(score+i)+j ) < *( *(score+i)+min) | 【8】&score,5 | 【9】 | 【10】&score[i][j]","data/csbench/student_images/CPL_8/ANS_CPL_467.jpg"
"CPL_8","ANS_CPL_471","P2","possible_teacher_over_score","6.0","model_avg_score","3.7","2.3","2.3","2.5","3.1","2.5","within_question_outlier","-0.8","False","10.0","3.7","3.7","3.7","3.7","POS","0.4714","high","0.0","0.5","0.1","","","","","【6】sum+ = *score[i] | 【7】*(*(score+i)+j) < *(*(score+i)+min)) | 【8】*score[5],98 | 【9】score , 4 | 【10】*(player[i]+j)","data/csbench/student_images/CPL_8/ANS_CPL_471.jpg"
"CPL_8","ANS_CPL_479","P2","possible_teacher_over_score","9.0","model_avg_score","6.3","2.7","2.7","2.5","3.5","2.5","absolute_disagreement|within_question_outlier","-0.8","False","10.0","6.3","6.3","4.8","4.8","BND","1.2472","high","0.0","1.0","0.2","a3wa_changed_score_materially|unstable_model_judgements","","","","【6】 sum += *(score + i) | 【7】 *(* (score + i) + j) < *(*(score + i)+min) | 【8】 float *score, 5 | 【9】 sizeof (float (*player)[5]) | 【10】*(* (player + i) + j)","data/csbench/student_images/CPL_8/ANS_CPL_479.jpg"
"DM_1","ANS_DM_09","P2","possible_teacher_under_score","3.0","model_avg_score","4.3","-1.3","1.3","1.2","-1.3","1.2","absolute_disagreement|within_question_outlier","0.0","False","8.0","4.3","4.3","4.8","4.8","BND","0.2357","high","0.375","0.3125","0.416667","rubric_mapping_risk","","","","1. 如图所示
(2)极大元为54，极小元为1
(3)最大元与最小元均不存在。","data/csbench/student_images/DM_1/ANS_DM_09.jpg"
"DM_1","ANS_DM_16","P2","possible_teacher_over_score","8.0","model_avg_score","6.7","1.3","1.3","1.2","1.3","1.2","absolute_disagreement|within_question_outlier","0.0","False","8.0","6.7","6.7","5.1","5.1","BND","0.9428","high","0.3125","1.0","0.395833","a3wa_changed_score_materially|unstable_model_judgements","","","","(1) 如图所示
(2) 由哈斯图可以看出 极大元:24. 54. 极小元:1
(3) 最元:1 最大元不在
(4) 最大下界：1
最小上界不存在","data/csbench/student_images/DM_1/ANS_DM_16.jpg"
"DM_1","ANS_DM_32","P1","possible_teacher_under_score","6.0","model_avg_score","8.0","-2.0","2.0","1.2","-2.0","1.2","absolute_disagreement|within_question_outlier","0.0","False","8.0","8.0","8.0","8.0","8.0","POS","0.0","high","0.125","0.0","0.125","","","","","1.如图所示
(2)①不存在其他元素x∈A满足x！=1且x整除1
所以1是极小元.
②∵24.54满足y∈A不存在y！=24且24整除y
及4！=54且54整除y的情况.
所以24和54为极大元
(3)①由极1元x1且对于A中其他元素.都可以被整除.
故1为最小元.
②最大元不存在.
(4).子集B{4,6,9}的最小下界是1,最大上界不存在","data/csbench/student_images/DM_1/ANS_DM_32.jpg"
"DM_1","ANS_DM_36","P2","possible_teacher_over_score","8.0","model_avg_score","6.2","1.8","1.8","1.2","1.8","1.2","absolute_disagreement|within_question_outlier","0.0","False","8.0","6.2","6.2","5.2","5.2","BND","1.3123","high","0.3125","1.0","0.479167","rubric_mapping_risk|a3wa_changed_score_materially|unstable_model_judgements","","","","(1)如图所示
(2) 极大元为24和54. 极小元为1
(3) 没有最大元，最小元为1
(4) 最大下界为1，无最小上界","data/csbench/student_images/DM_1/ANS_DM_36.jpg"
"DM_1","ANS_DM_41","P1","possible_teacher_under_score","6.0","model_avg_score","8.0","-2.0","2.0","1.2","-2.0","1.2","absolute_disagreement|within_question_outlier","0.0","False","8.0","8.0","8.0","8.0","8.0","BND","0.0","high","0.3125","0.0","0.354167","","","","","(1)如图所示
(2) 极大元 24.54
极小元 1
(3) 最大元 不存在
最小元 1
(4) 4.6.9 等价
B={4,6,9}上界 24.54 最大上界无
下界 1,2,3 最小上界 1","data/csbench/student_images/DM_1/ANS_DM_41.jpg"
"DM_1","ANS_DM_46","P2","possible_teacher_over_score","6.0","model_avg_score","3.3","2.7","2.7","1.2","2.7","1.2","absolute_disagreement|within_question_outlier","0.0","False","8.0","3.3","3.3","4.9","4.9","BND","2.4944","high","0.3125","1.0","0.5","rubric_mapping_risk|a3wa_changed_score_materially|unstable_model_judgements","","","","(1)如图所示
(2),由(1)中哈斯图得：A的极大元：24 54 极小元：1
(3),由(1)中哈斯图得：A的最大元：不存在 最小元：1
(4),由(1)中哈斯图得：A的子集B={4,6,9}的最小上界：24 最大下界：3.","data/csbench/student_images/DM_1/ANS_DM_46.jpg"
"DM_1","ANS_DM_49","P1","possible_teacher_under_score","6.0","model_avg_score","8.0","-2.0","2.0","1.2","-2.0","1.2","absolute_disagreement|within_question_outlier","0.0","False","8.0","8.0","8.0","8.0","8.0","BND","0.0","high","0.25","0.0","0.291667","","","","","1)如图所示
2)极大元：24.54
极小元：1
3)最大元：不存在.
最小元：1.
4)最上界：24.54
最大下界:1","data/csbench/student_images/DM_1/ANS_DM_49.jpg"
"DM_2","ANS_DM_110","P2","possible_teacher_under_score","8.0","model_avg_score","9.8","-1.8","1.8","1.5","-1.8","1.5","absolute_disagreement|within_question_outlier","0.0","False","10.0","9.8","9.8","9.8","9.8","POS","0.2357","high","0.0","0.25","0.033333","","","","","证明：要证R为等价关系，即证其满足自反性，对称性，以及传递性.
先证自反性：
对∀<a,b>∈A×A，由题可得
<a,b>R<a,b><=>a+b=a+b
满足自反性.
现证对称性:
对∀<a,b>∈A×A.有：
<a,b>R<b,a><=>a+b=b+a
满足对称性.
再证传递性：
对∀<a,b>，<c,d>，<e,f>有：
<a,b>R<c,d><=>a+b=c+d (1)
<c,d>R<e,f><=>c+d=e+f (2)
由(1),(2)可得：
a+b=e+f，
即<a+b>R<e+f>
满足传递性. 故综上得证.","data/csbench/student_images/DM_2/ANS_DM_110.jpg"
"DM_2","ANS_DM_113","P2","possible_teacher_under_score","8.0","model_avg_score","10.0","-2.0","2.0","1.5","-2.0","1.5","absolute_disagreement|within_question_outlier","0.0","False","10.0","10.0","10.0","10.0","10.0","POS","0.0","high","0.0","0.0","0.133333","","","","","证：
∀<a,b>,<c,d>∈A×A
①<a,b>R<a,b>，即a+b=a+b，故满足自反. ②由a+b=b+a，故<a,b>R<b,a>⇔a+b=b+a，故满足对称 ③∀<e,f>∈A×A，若<a,b>R<c,d>∧<c,d>R<e,f>即a+b=c+d，c+d=e+f，故a+b=e+f，故<a,b>R<e,f>⇔a+b=e+f，故R满足传递性. 综上，R为等价关系.","data/csbench/student_images/DM_2/ANS_DM_113.jpg"
"DM_2","ANS_DM_114","P1","possible_teacher_under_score","7.0","model_avg_score","10.0","-3.0","3.0","1.5","-3.0","1.5","absolute_disagreement|within_question_outlier","0.0","False","10.0","10.0","10.0","10.0","10.0","POS","0.0","high","0.0","0.0","0.0","","","","","证明：∵R是A×A上的二元关系
①∀<a,b>∈A×A
<a,b>R<a,b>⇒a+b=b+a
<c,d>R<d,c>⇒c+d=d+c
②∀<a,b>,<c,d>∈A×A
∵<a,b>R<c,d>⇒a+b=c+d
∴c+d=a+b⇒<a,b>R<c,d>
③设<a,b>,<c,d>,<e,f>∈A×A.
∴<a,b>R<c,d>⇒a+b=c+d
设<c,d>R<e,f>⇒c+d=e+f
又a+b=c+d=e+f∴a+b=e+f⇒<a,b>R<e,f>
∴满足自反性,对称性,传递性∴R为等价关系","data/csbench/student_images/DM_2/ANS_DM_114.jpg"
"DM_2","ANS_DM_117","P2","possible_teacher_over_score","6.0","model_avg_score","2.0","4.0","4.0","1.5","4.0","1.5","absolute_disagreement|within_question_outlier","0.0","False","10.0","2.0","2.0","3.5","3.5","BND","0.7071","high","0.0","0.75","0.2","a3wa_changed_score_materially","","","","证：A={1,2,3,4}。
∀<a,b>,<c,d>∈A×A, <a,b>R<c,d>⇔a+b=c+d 自反性：a=b=c=d时，有<a,a>R<a,a> <b,b>R<b,b> <c,c>R<c,c> <d,d>R<d,d> 
对称性∀a,b. <a,b>R<b,a> 
传递性∀a,b,c,d <a,b>R<b,c>，则a+b=b+c，a=c， 又<b,c>R<c,d>，则b+c=c+d，b=d 有<a,b>R<c,d> 
∴R是等价关系。","data/csbench/student_images/DM_2/ANS_DM_117.jpg"
"DM_2","ANS_DM_131","P2","possible_teacher_under_score","8.0","model_avg_score","10.0","-2.0","2.0","1.5","-2.0","1.5","absolute_disagreement|within_question_outlier","0.0","False","10.0","10.0","10.0","10.0","10.0","POS","0.0","high","0.0","0.0","0.0","","","","","证明：①自反性.
∀<a,b>,<a,b>∈A×A，<a,b>R<a,b>⇔a+b=a+b 成立
∀<a,a>,<a,a>∈A×A，<a,a>R<a,a>⇔a+a=a+a 成立

②对称性
∀<a,b>,<b,a>∈A×A，<a,b>R<b,a>⇔a+b=b+a 由加法可交换，成立

③传递性 取a,b,c,d,e,f∈A
则若<a,b>R<c,d>⇔a+b=c+d ①
<c,d>R<e,f>⇔c+d=e+f ②
由①+②得 a+b=e+f
即<a,b>R<e,f>
故R可传递

由上R为等价关系","data/csbench/student_images/DM_2/ANS_DM_131.jpg"
"DM_2","ANS_DM_133","P2","possible_teacher_under_score","5.0","model_avg_score","7.5","-2.5","2.5","1.5","-2.5","1.5","absolute_disagreement|within_question_outlier","0.0","False","10.0","7.5","7.5","7.5","7.5","BND","1.0801","high","0.0","1.0","0.133333","unstable_model_judgements","","","","证明①自反性
∴∀<a,b>,<c,d>∈A×A
<a,b>R<c,d> ⇔ a+b=c+d
∴∀<x,y>,<x,y>∈A×A
则<x,y>R<x,y> ⇔ x+y=x+y
∴满足自反性
②对称性
∀<x,y>,<y,x>∈A×A
∴<x,y>R<y,x> ⇔ x+y=y+x
满足对称性
③传递性
∀<x,y>,<y,z>,<x,z>∈A×A
∴<x,y>R<y,z> ⇔ x+y=y+z
<x,y>R<x,z> ⇔ x+y=x+z
满足传递性
AxA={<1,1>,<1,2>,<1,3>,<1,4>,
<2,1>,<2,2>,<2,3>,<2,4>,
<3,1>,<3,2>,<3,3>,<3,4>,
<4,1>,<4,2>,<4,3>,<4,4>,}","data/csbench/student_images/DM_2/ANS_DM_133.jpg"
"DM_2","ANS_DM_169","P1","possible_teacher_under_score","7.0","model_avg_score","10.0","-3.0","3.0","1.5","-3.0","1.5","absolute_disagreement|within_question_outlier","0.0","False","10.0","10.0","10.0","10.0","10.0","POS","0.0","high","0.0","0.0","0.033333","","","","","①自反性: ∀<a,a>∈A×A. ∵a+a=a+a. ∴<a,a>R<a,a>成立, 自反性得证 ②对称性. ∀<a,b>∈A×A. ∵a+b=b+a. ∴<a,b>R<b,a>成立. ∴对称性得证 ③传递性. ∀<a,b>、<c,d>、<e,f>∈A×A. 若<a,b>R<c,d>,则a+b=c+d…(Δ₁) 若<c,d>R<e,f>,则c+d=e+f…(Δ₂). 观察Δ₁与Δ₂式不难发现.a+b=e+f成立 ∴<a,b>R<e,f>成立. ∴对称性得证 
综上,R是等价关系.","data/csbench/student_images/DM_2/ANS_DM_169.jpg"
"DM_2","ANS_DM_170","P2","possible_teacher_over_score","2.0","model_avg_score","0.0","2.0","2.0","1.5","2.0","1.5","absolute_disagreement|within_question_outlier","0.0","False","10.0","0.0","0.0","0.0","0.0","NEG","0.0","low","1.0","0.0","1.0","extraction_risk|rubric_mapping_risk","","","","R={A×A}={<1,1>,<1,2>,<2,1>,<1,3>,<3,1>,<1,4>,<4,1>,<2,2>,<2,3>,<3,2>,<2,4>,<4,2>,<3,3>,<3,4>,<4,3>,<4,4>}
R={<1,2>,<2,1>,<1,3>,<3,1>,<1,4>,<4,1>,<2,2>,<2,3>,<3,2>,<2,4>,<4,2>,<3,3>,<3,4>,<4,3>,<4,4>}
M_R=[0 1 1 1
     1 1 1 1
     1 1 1 1
     1 1 1 1]
由图知，R自反对称，且可传递。","data/csbench/student_images/DM_2/ANS_DM_170.jpg"
"DM_2","ANS_DM_177","P1","possible_teacher_under_score","3.0","model_avg_score","6.0","-3.0","3.0","1.5","-3.0","1.5","absolute_disagreement|within_question_outlier","0.0","False","10.0","6.0","6.0","5.0","5.0","BND","0.8165","high","0.0","1.0","0.333333","","","","","解.
若R为AxA上等价关系，则R在AxA上同时拥有自反性，对称性和传递性
自反性: a+b=c+d.
c+d=a+b.
b+a=c+d.
∴满足自反性.

对称性: a+b=c+d.
-a-c=-c-d.
∴满足对称性

传递性：设e∈A×A
a+b+e=c+d+e
∴满足传递性.
∴R为A×A上等价关系","data/csbench/student_images/DM_2/ANS_DM_177.jpg"
"DM_2","ANS_DM_178","P1","possible_teacher_under_score","3.0","model_avg_score","7.3","-4.3","4.3","1.5","-4.3","1.5","absolute_disagreement|within_question_outlier","0.0","False","10.0","7.3","7.3","6.3","6.3","BND","0.6236","high","0.0","0.75","0.233333","","","","","证明：考证自等价关系则需证。
①自反性. ∵<a,b>R<c,d>⇔a+b=c+d
∀a∈A a+a=a+a ⇒<a,a>R<a,a>.
 得证 
②对称性. ∵<a,b>R<c,d>⇔a+b=c+d 
故∀a,b∈A a+b=b+a ⇒<a,b>R<b,a> 
得证 
③传递性. ∵<a,b>R<c,d>⇔a+b=c+d 
故∀a,b,c∈A 
a+a=b+b ⇒<a,a>R<b,b>
b+b=c+c ⇒<b,b>R<c,c>
 ⇒a+a=b+b=c+c.  
故<a,a>R<c,c> 
得证","data/csbench/student_images/DM_2/ANS_DM_178.jpg"
"DM_2","ANS_DM_183","P2","possible_teacher_over_score","9.0","model_avg_score","7.0","2.0","2.0","1.5","2.0","1.5","absolute_disagreement|within_question_outlier","0.0","False","10.0","7.0","7.0","7.0","7.0","POS","0.0","high","0.0","0.0","0.0","","","","","证：<1>自反性. 对∀<a,b>∈A×A ，∵a+b=b+a ∴<b,a>∈A×A ∴可得<a,b>R<b,a>. 满足自反性. 
<2>对称性：对∀<a,b>、<c,d>∈A×A ∵<a,b>R<c,d>⇔a+b=c+d 
又∵a+b=c+d 
∴<c,d>R<a,b>⇔<c,d>R<a,b> ∴由<a,b>R<c,d>→<c,d>R<a,b>,满足对称性. 
<3>传递性：对∀<a,b>、<c,d>、<e,f>∈A×A. 由<a,b>R<c,d>可得:a+b=c+d. 
由<c,d>R<e,f>可得:c+d=e+f 
∴a+b=e+f ∴可得<a,b>R<e,f>. ∴由<a,b>R<c,d>∧<c,d>R<e,f>→<a,b>R<e,f>,满足传递性 ∴综上R是A×A上的等价关系.","data/csbench/student_images/DM_2/ANS_DM_183.jpg"
"DM_2","ANS_DM_99","P2","possible_teacher_under_score","8.0","model_avg_score","9.7","-1.7","1.7","1.5","-1.7","1.5","absolute_disagreement|within_question_outlier","0.0","False","10.0","9.7","9.7","9.7","9.7","BND","0.4714","high","0.0","0.5","0.133333","","","","","证：R为A×A上的二元关系，∀<a,b>,<c,d>∈A×A，
<a,b>R<c,d>⇔a+b=c+d. 
①自反性：取<a,b>∈A×A. ∴a+b=a+b. ∴<a,b>R<a,b>成立. ②对称性：取<a,b>∈A×A ∴<b,a>∈A×A. 又∵a+b=b+a. ∴<a,b>R<b,a>与<b,a>R<a,b>均成立. ③传递性：取<a,b>,<c,d>,<e,f>∈A×A. ∴<a,b>R<c,d>⇔a+b=c+d. 
<c,d>R<e,f>⇔c+d=e+f 
∴a+b=e+f 即<a,b>R<e,f>成立. 
综上，R是等价关系.","data/csbench/student_images/DM_2/ANS_DM_99.jpg"
"DM_3","ANS_DM_192","P1","possible_teacher_under_score","6.0","model_avg_score","8.7","-2.7","2.7","2.5","-2.7","2.5","absolute_disagreement|within_question_outlier","0.0","False","10.0","8.7","8.7","8.7","8.7","POS","0.4714","high","0.0","0.5","0.0","","","","","∀x( A(x)→B(x)∨C(x))
∀x( A(x)∧B(x) →D(x))
∃X( A(X)∧¬D(X))
结论：∃X (A(X)∧C(X))
(1)∀x ( A(x)→B(x)∨C(x)) P
(2)∀x ( ¬A(x)∨B(x)∨C(x)) T (1)
(3)¬A(a)∨B(a)∨C(a) US (2)
(4)∀x( A(x)∧B(x) →D(x)) P
(5)∀x(¬(A(x)∧B(x))∨D(x)) T (4)
(6)∀x(¬A(x)∨¬B(x))∨D(x)) T (5)
(7)(¬A(a)∨¬B(a))∨D(a) US (6)
(8) ∃X (A(X)∧¬D(X)) P
(9) A(a)∧¬D(a) ES (8)
(10) ¬D(a) (9)
(11) ¬A(a)∨¬B(a) T(7)
(12) ¬A(a)∨B(a) F(3)
(13) C(a) T(3) P
(14) A(a) (9) T
(15) A(a)∧C(a) (13)(14)
(16) ∃X (A(X)∧C(X)) EG (15)","data/csbench/student_images/DM_3/ANS_DM_192.jpg"
"DM_3","ANS_DM_203","P1","possible_teacher_under_score","7.0","model_avg_score","10.0","-3.0","3.0","2.5","-3.0","2.5","absolute_disagreement|within_question_outlier","0.0","False","10.0","10.0","10.0","10.0","10.0","POS","0.0","high","0.0","0.0","0.0","","","","","∀x(A(x)→B(x)∨C(x))、∀x(A(x)∧B(x)→D(x))、∃x(A(x)∧¬D(x))
结论：∃x(A(x)∧C(x))
证：
1. ∃x(A(x)∧¬D(x)) P
2. A(a)∧¬D(a) ES,T,1
3. A(a) T,2
4. ¬D(a) T,2
5. D(a) F,4
6. ∀x(A(x)∧B(x)→D(x)) P
7. A(a)∧B(a)→D(a) US,T,6
8. A(a)∧B(a) F,5,7
9. B(a) F,3,8
10. ∀x(A(x)→B(x)∨C(x)) P
11. A(a)→B(a)∨C(a) US,T,10
12. B(a)∨C(a) T,3,11
13. C(a) T,9,12
14. A(a)∧C(a) T,3,13
15. ∃x(A(x)∧C(x)) EG,T,14","data/csbench/student_images/DM_3/ANS_DM_203.jpg"
"DM_3","ANS_DM_213","P2","possible_teacher_over_score","10.0","model_avg_score","5.8","4.2","4.2","2.5","4.2","2.5","absolute_disagreement|within_question_outlier","0.0","False","10.0","5.8","5.8","7.8","7.8","BND","2.7183","high","0.0","1.0","0.366667","a3wa_changed_score_materially|unstable_model_judgements","","","","解：∀x(A(x)→B(x)∨C(x))，∀x(A(x)∧B(x)→D(x))∴∀x(A(x)∧D(x))⇒∃x(A(x)∧C(x))
步骤    断言            根据
1   ∃x(A(x)∧¬D(x))      P
2   A(a)∧¬D(a)          T,1,ES
3   A(a)                T,2
4   ¬D(a)               T,2
5   ∀x(A(x)→B(x)∨D(x))  P
6  A(a)→B(a)∨D(a)       T,5,US
7  B(a)∨C(a)            T,3,6
8  ∀x(A(x)∧B(x)→D(x)) P
9  A(a)∧B(a)→D(a)       T,8,US
10 ¬A(a)∨¬B(a)          T,4,9
11  ¬B(a)               T,3,10
12  C(a)                T,7,11
13  A(a)∧C(a)           T,3,12
14  ∃x(A(x)∧C(x))       T,13,EG","data/csbench/student_images/DM_3/ANS_DM_213.jpg"
"DM_3","ANS_DM_216","P1","possible_teacher_under_score","4.0","model_avg_score","9.5","-5.5","5.5","2.5","-5.5","2.5","absolute_disagreement|within_question_outlier","0.0","False","10.0","9.5","9.5","9.5","9.5","POS","0.4082","high","0.0","0.5","0.1","","","","","①每个参赛者跑完全程提前退赛：∀A(x)(B(x)∨C(x))
②每个跑完完全程的参赛者都将得到奖励：∀A(x)(B(x)→D(x))
③有些参赛者没有得到奖励：∃A(x)(¬D(x))
④有些参赛者退赛了：∃A(x)C(x)
证明 由∃A(x)(¬D(x))，可假设存在a，s.t. ¬D(a)成立
由∀A(x)(B(x)→D(x))⇒B(a)→D(a)
∵¬D(a)为真，且B(a)→D(a)，根据拒取式⇒¬B(a)
由∀A(x)(B(x)∨C(x))⇒B(a)∨C(a)
∵¬B(a)为真，且B(a)∨C(a)，根据析取三段式⇒C(a)
⇒∃A(x)C(x)，即证明了有的参赛者退赛了","data/csbench/student_images/DM_3/ANS_DM_216.jpg"
"DM_3","ANS_DM_217","P1","possible_teacher_under_score","7.0","model_avg_score","9.7","-2.7","2.7","2.5","-2.7","2.5","absolute_disagreement|within_question_outlier","0.0","False","10.0","9.7","9.7","9.7","9.7","BND","0.4714","high","0.0","0.5","0.133333","","","","","① ∀x(A(x)→B(x)∨C(x)) ② ∀x(A(x)∧B(x)→D(x)) ③ ∃x(A(x)∧¬D(x))
=>④ ∃x(A(x)∧C(x))

步骤    断言
T1 ∃x(A(x)∧¬D(x)) P
T2 A(a)∧¬D(a) T1, ES
T3 ∀x(A(x)∧B(x)→D(x)) P
T4 ∀x(¬D(x)→¬A(x)∨¬B(x)) T3
T5 ¬D(a)→¬A(a)∨¬B(a) T4, US
T6 ¬B(a) T2, T5
T7 ∀x(A(x)→B(x)∨C(x)) P
T8 A(a)→B(a)∨C(a) T7, US
T9 C(a) T2, T6, T8
T10 A(a)∧C(a) T2, T9
T11 ∃x(A(x)∧C(x)) T10, EG","data/csbench/student_images/DM_3/ANS_DM_217.jpg"
"DM_3","ANS_DM_221","P2","possible_teacher_over_score","10.0","model_avg_score","6.0","4.0","4.0","2.5","4.0","2.5","absolute_disagreement|within_question_outlier","0.0","False","10.0","6.0","6.0","6.0","6.0","BND","1.4142","high","0.0","1.0","0.066667","unstable_model_judgements","","","","解：∀x(A(x)→B(x)V∀C(x)),∀x(A(x)∧B(x)→D(x)),∃x(A(x)∧D(x))⇒∃x(A(x)∧C(x)).
1. ∃x(A(x)∧D(x)) P.
2. A(x)∧D(x) T,(1),ES
3. A(x) T,(2)
4. ¬D(x) T,(2)
5. ∀x(A(x)→B(x)V∀C(x)) P.
6. A(x)→B(x)V∀C(x) T,(5),US
7. ∀x(A(x)∧B(x)→D(x)) P
8. A(x)∧B(x)→D(x) T,(7),US.
9. ¬(A(x)∧B(x)) T,(4),(8)
10. ¬B(x) T,(3),(9)
11. B(x)V∀C(x) T,(3),(6)
12. C(x) T,(10),(11)
13. A(x)∧C(x) T,(3),(12)
14. ∃x(A(x)∧C(x)) T,(13),EG
证毕.","data/csbench/student_images/DM_3/ANS_DM_221.jpg"
"DM_3","ANS_DM_224","P2","possible_teacher_under_score","0.0","model_avg_score","4.2","-4.2","4.2","2.5","-4.2","2.5","absolute_disagreement|within_question_outlier","0.0","False","10.0","4.2","4.2","2.7","2.7","BND","0.8498","high","0.1","1.0","0.266667","a3wa_changed_score_materially","","","","解：由题意得
∀A(x)≡X（B(x)≡X∨C(x)≡X） ∀B(x)≡X，D(x)≡X
∃¬D(x)≡X，C(x)≡X
即 ∀x∈A(x)（B(x)∨C(x)），B(x)↔D(x)⇒A(x)∧¬D(x)→C(x)
1. A(x) P
2. B(x)∨C(x) T
3. ¬D(x) P
4. B(x)↔D(x) P
5. ¬B(x) T3,4
6. C(x) T2,5
得证","data/csbench/student_images/DM_3/ANS_DM_224.jpg"
"DM_3","ANS_DM_235","P2","possible_teacher_over_score","4.0","model_avg_score","1.2","2.8","2.8","2.5","2.8","2.5","absolute_disagreement|within_question_outlier","0.0","False","10.0","1.2","1.2","1.2","1.2","BND","0.2357","high","0.4","0.25","0.633333","rubric_mapping_risk","","","","解:由题意,可构造谓词公式
∀(A(x)→B(x)∨C(x)∧∀x(A(x)∧B(x))→D(x))∧¬(∀x(A(x)→D(x))⇒∃x(A(x)∧C(x)) 
步骤 断言 根据 
1 ∀x(A(x)→B(x)∨C(x)) P 
2 ∀x(A(x)∧B(x))→D(x)) P 
3 ¬(∀x(A(x)→D(x))) P 
4 ∃x(A(x)→¬D(x)) P 
5 ∃x(A(x)∧C(x)) P 
6 A(a)∧C(a) P 
7 ∃x(A(x)∧C(x)) P","data/csbench/student_images/DM_3/ANS_DM_235.jpg"
"DM_3","ANS_DM_239","P1","possible_teacher_under_score","7.0","model_avg_score","10.0","-3.0","3.0","2.5","-3.0","2.5","absolute_disagreement|within_question_outlier","0.0","False","10.0","10.0","10.0","10.0","10.0","POS","0.0","high","0.0","0.0","0.066667","","","","","解
t₁: ∀x(A(x)→B(x)∨C(x))
t₂: ∀x(A(x)∧B(x)→D(x))
t₃ ∃x(A(x)∧¬D(x))
t₄: ∃x(A(x)∧C(x))
t₁∧t₂∧t₃→t₄
证明：
1 A₀(x)∧¬D₀(x) Tt₃,ES
2 A₀(x) T₁
3 ¬D₀(x) T₁
4 B₀(x)∨C₀(x) T₂,t₁
5 ∀x(¬D(x)→¬(A(x)∧B(x))) Tt₂
6 ¬(A₀(x)∧B₀(x)) T₃,5
7 ¬A₀(x)∨¬B₀(x) T₆
8 ¬B₀(x) T,2,7
9 C₀(x) T₄,8
10 ∃x(A(x)∧C(x)) T2,9","data/csbench/student_images/DM_3/ANS_DM_239.jpg"
"DM_3","ANS_DM_256","P2","possible_teacher_over_score","10.0","model_avg_score","7.5","2.5","2.5","2.5","2.5","2.5","absolute_disagreement|within_question_outlier","0.0","False","10.0","7.5","7.5","9.5","9.5","BND","2.0412","high","0.0","1.0","0.333333","a3wa_changed_score_materially|unstable_model_judgements","","","","解:由题：∀x(A(x)→B(x)∨C(x))∧∀x(A(w)∧B(w)→D(x))∧∃x(A(x)∧¬D(x))=>∃x(A(w)∧C(x))
序号.断言.依据.
1.  ∃x(A(x)∧¬D(x))  P
2.  A(y)∧¬D(y)  T,1,ES.
3.  A(y)  T,2
4  ¬D(y)  T,2.
5.  ∀x(A(x)→B(x)∨C(x))  P
6.  A(y)→B(y)∨C(y)  T,5,US.
7.  B(y)∨C(y)  T,3,6假言推理
8.  ∀x(A(x)∧B(x)→D(x))  P
9.  A(y)∧B(y)→D(y)  T,8,US.
10. ¬(A(y)∧B(y))  T,4,9拒取式.
11. ¬B(y)  T,3,10.
12. C(y).  T,7,11.
13. A(y)∧C(y)  T,3,12
14  ∃x(A(w)∧C(x))  T,13,EG
故得证","data/csbench/student_images/DM_3/ANS_DM_256.jpg"
"DM_3","ANS_DM_261","P1","possible_teacher_under_score","7.0","model_avg_score","10.0","-3.0","3.0","2.5","-3.0","2.5","absolute_disagreement|within_question_outlier","0.0","False","10.0","10.0","10.0","10.0","10.0","POS","0.0","high","0.0","0.0","0.0","","","","","解:由题:∀x(A(x)→B(x)∨C(x))，∀x(A(x)∧B(x)→D(x))，∃x(A(x)∧¬D(x))⇒目标∃x(A(x)∧C(x)).
步骤 断言 根据 
1 ∃x(A(x)∧¬D(x)) P
2. A(a)∧¬D(a) T1.ES 
3. A(a) T2 
4. ¬D(a) T2
5. ∀x(A(x)∧B(x)→D(x))  P 
6. A(a)∧B(a)→D(a) T5.US
7. ¬B(a) T3,4,6
8. ∀x(A(x)→B(x)∨C(x)) P
9. A(a)→B(a)∨C(a) T8.US.
10. C(a) T3,7,9 
11. A(a)∧C(a). T3,10.
12. ∃x(A(x)∧C(x)) ,T11,EG

","data/csbench/student_images/DM_3/ANS_DM_261.jpg"
"DM_3","ANS_DM_268","P2","possible_teacher_under_score","5.0","model_avg_score","9.2","-4.2","4.2","2.5","-4.2","2.5","absolute_disagreement|within_question_outlier","0.0","False","10.0","9.2","9.2","9.2","9.2","BND","1.1785","high","0.0","1.0","0.2","unstable_model_judgements","","","","∀x(A(x)→(B(x)∨C(x))), ∀x(B(x)∧A(x)→D(x)),
∃x(A(x)∧¬D(x)) ⇒ ∃x(A(x)∧C(x)).
证: 
1 ∀x(A(x)→(B(x)∨C(x))) P
2 A(a)→B(a)∨C(a) T₁.US.
3 ¬A(a)∨(B(a)∨C(a)) T₂
4 ∀x(B(x)∧A(x)→D(x)) P
5 B(a)∧A(a)→D(a) T₄.us.
6 ¬D(a)→¬(B(a)∧A(a)) T₅.
7. ¬D(a)→¬B(a)∨¬A(a) T₆
8 ¬D(a)→¬A(a)∨C(a) T₃.₇
9 ∃x(A(x)∧¬D(x)) P.
10 A(a)∧¬D(a) T₉.ES
11. ¬D(a)→C(a) T₈.₁₀
12. ¬(¬D(a))∨C(a) T₁₁.
13 D(a)∨C(a) T₁₂
14 A(a)∧C(a) T₁₀.₁₃
15 ∃x(A(x)∧C(x)) T₁₄ EG.
证毕.","data/csbench/student_images/DM_3/ANS_DM_268.jpg"
"DM_3","ANS_DM_272","P1","possible_teacher_under_score","7.0","model_avg_score","10.0","-3.0","3.0","2.5","-3.0","2.5","absolute_disagreement|within_question_outlier","0.0","False","10.0","10.0","10.0","10.0","10.0","POS","0.0","high","0.0","0.0","0.0","","","","","推理：由题可知前提为
∀x(A(x)→B(x)∨C(x))，∀x(A(x)∧B(x)→D(x))，∃x(A(x)∧¬D(x))
结论为 ∃x(A(x)∧C(x)).
过程：
1  ∀x(A(x)→B(x)∨C(x))  P
2  A(a)→B(a)∨C(a)  T.1.US
3  ∀x(A(x)∧B(x)→D(x))  P
4  A(a)∧B(a)→D(a)  T.3.US
5  ∃x(A(x)∧¬D(x))  P
6  A(a)∧¬D(a)  T.5.ES
7  A(a)  T6
8  B(a)∨C(a)  T2,7.
9  ¬D(a)  T.6
10 ¬(A(a)∧B(a))  T4,9
11 ¬A(a)∨¬B(a)  T10
12 C(a)  T8,11
13 A(a)∧C(a)  T7,12
14 ∃x(A(x)∧C(x))  T13.EG
证毕","data/csbench/student_images/DM_3/ANS_DM_272.jpg"
"DM_3","ANS_DM_274","P1","possible_teacher_under_score","7.0","model_avg_score","9.7","-2.7","2.7","2.5","-2.7","2.5","absolute_disagreement|within_question_outlier","0.0","False","10.0","9.7","9.7","9.7","9.7","BND","0.4714","high","0.0","0.5","0.133333","","","","","证：
1  ∀x(A(x)→B(x)∨C(x))  P
2  ∀x(A(x)∧B(x)→D(x))  P
3  ∃x(A(x)∧¬D(x))  P
4  A(x)→B(x)∨C(x)  US1
5  A(x)∧B(x)→D(x)  US2
6  A(a)∧¬D(a)  ES3
7  A(a)  T6
8  ¬D(a)  T6
9  B(a)∨C(a)  T4,7
10  ¬(A(a)∧B(a))  T5,8
11  ¬A(a)∨¬B(a)  T10
12  ¬B(a)  T7,11
13  C(a)  T9,12
14  A(a)∧C(a)  T7,13
15  ∃x(A(x)∧C(x))  EG,14","data/csbench/student_images/DM_3/ANS_DM_274.jpg"
"ISC_1","ANS_ISC_386","P2","possible_teacher_under_score","3.0","model_avg_score","4.4","-1.4","1.4","2.0","-2.65","2.0","within_question_outlier","1.25","True","5.0","4.4","4.4","4.4","4.4","BND","0.4779","high","0.0","1.0","0.333333","","","","","摩尔定律是指芯片制造领域，每六个月芯片的性能翻一番，而成本降低一半。而今，这个定律却因半导体制造产业发展受阻，以及芯片制造精度接近硅原子物理极限而几近失效。 业界正通过多方面的努力延续计算性能提升： 芯片制造端：通过引入GAAFin替代。FinFin工艺，使芯片制程进一步下探；通过使用碳基芯片随开硅基芯片物理极限； 芯片封装端：使用更好的封装使多核芯片通过总线互联， 以实现更高的算力密度；软件开发端：开发更加高效的算法，使算力更加充分的被利用。","data/csbench/student_images/ISC_1/ANS_ISC_386.jpg"
"ISC_1","ANS_ISC_390","P2","possible_teacher_over_score","3.0","model_avg_score","0.9","2.1","2.1","2.0","0.85","2.0","absolute_disagreement","1.25","True","5.0","0.9","0.9","0.9","0.9","BND","0.0779","low","0.666667","0.17","0.666667","extraction_risk|rubric_mapping_risk","","","","1、覆盖的问题不够全面
2、研究量子计算机，生物计算机与光计算机，提高芯片集成度","data/csbench/student_images/ISC_1/ANS_ISC_390.jpg"
"ISC_1","ANS_ISC_392","P2","possible_teacher_over_score","2.0","model_avg_score","0.0","2.0","2.0","2.0","0.75","2.0","absolute_disagreement","1.25","True","5.0","0.0","0.0","0.0","0.0","BND","0.0","low","0.666667","0.0","0.666667","extraction_risk|rubric_mapping_risk","","","","正在通过AI、人工智能来推动计算机性能","data/csbench/student_images/ISC_1/ANS_ISC_392.jpg"
"ISC_1","ANS_ISC_396","P2","possible_teacher_under_score","2.0","model_avg_score","3.2","-1.2","1.2","2.0","-2.45","2.0","within_question_outlier","1.25","True","5.0","3.2","3.2","3.2","3.2","POS","0.0864","high","0.0","0.183333","0.0","","","","","集成电路和摩尔定律让计算机性能飞升. 现在面临物理极限挑战,行业用多核,3D 堆叠,量子计算等新技术突破瓶颈.","data/csbench/student_images/ISC_1/ANS_ISC_396.jpg"
"ISC_1","ANS_ISC_397","P2","possible_teacher_over_score","3.0","model_avg_score","0.0","3.0","3.0","2.0","1.75","2.0","absolute_disagreement","1.25","True","5.0","0.0","0.0","0.0","0.0","BND","0.0","high","0.333333","0.0","0.444444","rubric_mapping_risk","","","","挑战：定律的进一步拓展延伸，摩尔定律在实际问题中的应用和其解决问的能力如何提升、计算性能如何提升 新的技术方向：利用人工智能对其性能验证、通过多种其它定律加以佐证辅助力在实际场景中应用","data/csbench/student_images/ISC_1/ANS_ISC_397.jpg"
"ISC_1","ANS_ISC_401","P2","possible_teacher_over_score","4.0","model_avg_score","1.0","3.0","3.0","2.0","1.75","2.0","absolute_disagreement","1.25","True","5.0","1.0","1.0","1.0","1.0","BND","0.0","high","0.333333","0.0","0.444444","rubric_mapping_risk","","","","挑战:受到散热器件工艺制造成本等多因素制约. 新方向:不断提高集成电路芯片的集成度","data/csbench/student_images/ISC_1/ANS_ISC_401.jpg"
"ISC_1","ANS_ISC_403","P2","possible_teacher_over_score","2.0","model_avg_score","0.0","2.0","2.0","2.0","0.75","2.0","absolute_disagreement","1.25","True","5.0","0.0","0.0","0.0","0.0","BND","0.0","low","0.666667","0.0","0.777778","extraction_risk|rubric_mapping_risk","","","","挑战:要处理的数据日趋庞大；人们希望计算机能够具有像人的思维","data/csbench/student_images/ISC_1/ANS_ISC_403.jpg"
"ISC_1","ANS_ISC_405","P2","possible_teacher_over_score","3.0","model_avg_score","0.8","2.2","2.2","2.0","0.95","2.0","absolute_disagreement","1.25","True","5.0","0.8","0.8","0.8","0.8","BND","0.1862","high","0.333333","0.45","0.444444","rubric_mapping_risk","","","","1、挑战：技术革新进入瓶颈，技术突破更加困难，缓慢，对资金的需求增加；
2、应对、②型化、网络化、","data/csbench/student_images/ISC_1/ANS_ISC_405.jpg"
"ISC_1","ANS_ISC_406","P1","possible_teacher_over_score","3.0","model_avg_score","0.8","2.2","2.2","2.0","0.95","2.0","absolute_disagreement","1.25","True","5.0","0.8","0.8","0.8","0.8","BND","0.0","high","0.333333","0.0","0.333333","","","","","挑战① ai等新技术对计算机性能要求的更新大于硬件算力的发展速度。
② 硬件提升，算力更新已到达瓶颈，边际效益明显。

方向：① 巨型化：应用巨型计算机推动多学科发展，解决复杂难题。
② 微型化：使计算机体型变小，满足人们广泛需求。
③ 网络化：做到资源整合，带来便利。
④ 智能化，让计算机在更多应用场景与环节代替人力劳动。","data/csbench/student_images/ISC_1/ANS_ISC_406.jpg"
"ISC_1","ANS_ISC_414","P1","possible_teacher_over_score","3.0","model_avg_score","0.9","2.1","2.1","2.0","0.85","2.0","absolute_disagreement","1.25","True","5.0","0.9","0.9","0.9","0.9","BND","0.0794","high","0.333333","0.17","0.333333","","","","","答：挑战：知识的获取与知识库的构建问题；高效的推理机制的实现问题。①持续开发新技术提高芯片集成度 ②进行生物计算机、光计算机和量子计算机等非电子计算机的研究和探索。③提升其网络化、智能化的程度。","data/csbench/student_images/ISC_1/ANS_ISC_414.jpg"
"ISC_1","ANS_ISC_425","P2","possible_teacher_over_score","3.0","model_avg_score","0.8","2.2","2.2","2.0","0.95","2.0","absolute_disagreement","1.25","True","5.0","0.8","0.8","0.8","0.8","BND","0.5987","high","0.333333","1.0","0.555556","rubric_mapping_risk|unstable_model_judgements","","","","挑战：功能有限，速率如何加快，处理能力如何增强，体积如何变小。
新的技术方向：可穿戴设备，人工智能或t或","data/csbench/student_images/ISC_1/ANS_ISC_425.jpg"
"ISC_1","ANS_ISC_429","P1","possible_teacher_over_score","3.0","model_avg_score","1.0","2.0","2.0","2.0","0.75","2.0","absolute_disagreement","1.25","True","5.0","1.0","1.0","1.0","1.0","POS","0.0","high","0.0","0.0","0.333333","","","","","答：①影响：使计算机体积更小、运算速度更快、可靠性更高。使计算机发展迈向新的阶段。②挑战：需要不断创新、打破之前的桎梏，应用于更多的行业。③新的技术方向：提高电路芯片的集成度、模拟人脑的思维、联想等，压缩体积、提高精度。","data/csbench/student_images/ISC_1/ANS_ISC_429.jpg"
"ISC_1","ANS_ISC_434","P2","possible_teacher_over_score","2.0","model_avg_score","0.0","2.0","2.0","2.0","0.75","2.0","absolute_disagreement","1.25","True","5.0","0.0","0.0","0.0","0.0","BND","0.0","high","0.333333","0.0","0.444444","rubric_mapping_risk","","","","摩尔定律面临的挑战：随着时代的发展逐步淘汰。
业界正通过：巨型化、微型化、网络化、智能化的发展趋势对计算机进行进步的性能提升。","data/csbench/student_images/ISC_1/ANS_ISC_434.jpg"
"ISC_1","ANS_ISC_439","P2","possible_teacher_over_score","2.0","model_avg_score","0.0","2.0","2.0","2.0","0.75","2.0","absolute_disagreement","1.25","True","5.0","0.0","0.0","0.0","0.0","BND","0.0","high","0.333333","0.0","0.555556","rubric_mapping_risk","","","","主要挑战：计算能力不足，急需改进。
新的技术方向：人工智能领域","data/csbench/student_images/ISC_1/ANS_ISC_439.jpg"
"ISC_1","ANS_ISC_440","P2","possible_teacher_over_score","4.0","model_avg_score","1.9","2.1","2.1","2.0","0.85","2.0","absolute_disagreement","1.25","True","5.0","1.9","1.9","0.9","0.9","BND","0.3928","high","0.0","0.833333","0.222222","a3wa_changed_score_materially","","","","1、影响；推动计算机朝体积更小，成本降低，运算速度更快，可靠性更高的方向发展。
2、挑战；与现代社会发展节奏有差距。
3、通过不断提高集成电路芯片的集成度；还要在进行生物计算机、光计算机等非电子计算机的研究和探索来延续计算性能的提升。","data/csbench/student_images/ISC_1/ANS_ISC_440.jpg"
"ISC_1","ANS_ISC_441","P2","possible_teacher_over_score","3.0","model_avg_score","0.6","2.4","2.4","2.0","1.15","2.0","absolute_disagreement","1.25","True","5.0","0.6","0.6","0.6","0.6","BND","0.792","high","0.333333","1.0","0.555556","rubric_mapping_risk|unstable_model_judgements","","","","答：挑战：计算速度慢，易出现差错，对计算机消耗磨损大 新技术：提高系统存储总容量，加快运算速度与精度，研发超级计算机等。","data/csbench/student_images/ISC_1/ANS_ISC_441.jpg"
"ISC_1","ANS_ISC_452","P2","possible_teacher_over_score","3.0","model_avg_score","0.2","2.8","2.8","2.0","1.55","2.0","absolute_disagreement","1.25","True","5.0","0.2","0.2","0.2","0.2","BND","0.2619","high","0.333333","0.5556","0.444444","rubric_mapping_risk","","","","一、知识的获取与知识库的构建存在问题
二、高效的推理机制无法实现
实现可容错通用量子计算机的实际问题严峻。提高运算速度、运算精度，提高存储器的记忆能力，提高判断能力。
","data/csbench/student_images/ISC_1/ANS_ISC_452.jpg"
"ISC_2","ANS_ISC_468","P1","possible_teacher_over_score","3.0","model_avg_score","0.7","2.3","2.3","1.83434","2.0","1.83434","absolute_disagreement|within_question_outlier","0.3","False","5.0","0.7","0.7","0.7","0.7","BND","0.4714","high","0.0","1.0","0.0","","","","","操作系统是其他系统软件和应用有效运行的基础
在一个进程中创造多个线程，实现多个线程的并发执行，即一个进程的多个部分可以并发执行。","data/csbench/student_images/ISC_2/ANS_ISC_468.jpg"
"ISC_2","ANS_ISC_526","P2","possible_teacher_over_score","4.0","model_avg_score","0.8","3.2","3.2","1.83434","2.9","1.83434","absolute_disagreement|within_question_outlier","0.3","False","5.0","0.8","0.8","0.8","0.8","BND","0.6236","high","0.0","1.0","0.333333","unstable_model_judgements","","","","多任务调度：操作系统通过进程的调度使进程灵活在内存与外存中进行进程交换，通过高级调度，中级调度和作级调度灵活让进程进行，实现多任务的调度","data/csbench/student_images/ISC_2/ANS_ISC_526.jpg"
"ISC_3","ANS_ISC_541","P1","possible_teacher_over_score","4.0","model_avg_score","2.0","2.0","2.0","2.0","0.7","1.28956","absolute_disagreement","1.3","True","5.0","2.0","2.0","2.0","2.0","POS","0.0","high","0.0","0.0","0.0","","","","","组成：语言编译程序、控制数据库运行程序、维护故障程序 重要性：信息处理是计算机的一个重要应用领域,信息处理领域,由于数据量庞大如何有效地组织、存储数据对实现高效的信息处理至关重要.数据库技术是最有效的数据管理技术 
作用：1.非过程化的语言：只需想'做什么'不需理解'怎么做'对存取路径选择和语句的操作自动完成：
2.功能一体化的语言：集数据之义语言，数据操作为一体
3.语法两种使用方式
4语句集合操作的语言
5语法简介易于易懂的好准语言
","data/csbench/student_images/ISC_3/ANS_ISC_541.jpg"
"ISC_3","ANS_ISC_542","P1","possible_teacher_over_score","5.0","model_avg_score","2.7","2.3","2.3","2.0","1.0","1.28956","absolute_disagreement","1.3","True","5.0","2.7","3.0","3.0","3.0","POS","0.2357","high","0.0","0.5","0.0","","","","","1.数据库系统 数据库 数据库管理系统，关系数据库 2.1）提供了内模式和外模式间的两级映像功能，使数据具有更高的物理独立性和逻辑独立性2）降低了数据冗余，提高数据共享度
③SQL 1）允许用户在较高层的数据结构上作，操作对象可以是若干集合
2）减轻用户的负担，提高了数据的独立性与安全性，
3）使用户只学习一种语言形式即可完成对多种平台的数据存储请求4）符合人类的思维习惯，容易掌握与学习","data/csbench/student_images/ISC_3/ANS_ISC_542.jpg"
"ISC_3","ANS_ISC_543","P2","possible_teacher_over_score","5.0","model_avg_score","3.0","2.0","2.0","2.0","0.7","1.28956","absolute_disagreement","1.3","True","5.0","3.0","3.5","4.0","4.0","BND","0.4082","high","0.5","1.0","0.5","rubric_mapping_risk|a3wa_changed_score_materially","","","","1.数据库系统由数据库管理系统和数据库应用系统组成。
2.信息处理领域中，数据库技术是目前最有效的数据管理技术，数据库是长期存储在计算机内的、有组织的、可共享的数据集合，其数据冗余度低，数据共享度高。数据库技术的出现是数据管理技术发展的又一次跨越，在当今信息多元化，复杂化的时代使信息数据化、方便化，更高效快捷
3.SQL功能丰富，语言简洁，使用方法灵活。被程序员、数据库管理员和终端用户广泛使用。由SQL来决定对指定数据使用何种存取手段以保证最快的速度。能够完成包括关系模式定义，数据记录的插入等一系列操作要求，视功能一体化的语言，既可以作为一种自含式语言，又可以作为一种嵌入式语言，灵活方便；是面向集合操作的语言，也是语言简洁易用的标准语言","data/csbench/student_images/ISC_3/ANS_ISC_543.jpg"
"ISC_3","ANS_ISC_552","P2","possible_teacher_over_score","4.0","model_avg_score","1.7","2.3","2.3","2.0","1.0","1.28956","absolute_disagreement","1.3","True","5.0","1.7","2.0","2.5","2.5","BND","0.2076","high","0.5","0.5","0.5","rubric_mapping_risk|a3wa_changed_score_materially","","","","组成:语言编译程序、控制数据库运行程序、维护数据库程序。 SQL语言作用:能够完成包括关系模式定义,数据库对象的创建、修改和删除,数据记录的插入、修改和删除,数据查询,数据库完整性、一致性保持与安全性控制等操作。","data/csbench/student_images/ISC_3/ANS_ISC_552.jpg"
"ISC_3","ANS_ISC_558","P2","possible_teacher_over_score","5.0","model_avg_score","3.0","2.0","2.0","2.0","0.7","1.28956","absolute_disagreement","1.3","True","5.0","3.0","3.5","3.5","3.5","BND","0.4082","high","0.5","1.0","0.5","rubric_mapping_risk","","","","A. 数据库系统组成：①以数据库为核心，在数据库管理系统及其支持下完成一定的数据存储和管理功能的应用软件系统
B. 重要性：是目前最有效数据管理技术，数据冗余度低 数据共享度高 数据独立性高
C. SQL语言：是一门关系数据库语言，能完成包括关系模式定义 数据库对象创建等一系列操作要求","data/csbench/student_images/ISC_3/ANS_ISC_558.jpg"
"ISC_3","ANS_ISC_560","P1","possible_teacher_over_score","5.0","model_avg_score","2.8","2.2","2.2","2.0","0.9","1.28956","absolute_disagreement","1.3","True","5.0","2.8","3.0","3.0","3.0","POS","0.2357","high","0.0","0.5","0.0","","","","","（1）以数据库为核心的，在数据库管理系统的支持下完成一定的数据存储和管理功能的应用软件系统。
（2）1数据冗余度低，数据共享度高；2数据和程序间有较高独立性
（3）1用于构造用于分析的多维度数据集2面向过程，减轻用户负担，提高数据独立安全3功能一体化，只需学一种语言可以完成多平台数据请求4一种语法多种使用方式，灵活方便","data/csbench/student_images/ISC_3/ANS_ISC_560.jpg"
"ISC_3","ANS_ISC_562","P2","possible_teacher_over_score","5.0","model_avg_score","2.0","3.0","3.0","2.0","1.7","1.28956","absolute_disagreement|within_question_outlier","1.3","True","5.0","2.0","2.0","2.0","2.0","BND","0.0","high","0.5","0.0","0.5","rubric_mapping_risk","","","","数据库系统组成：语言编译程序，控制数据库运行程序，维护数据库程序

重要性：数据库技术是目前最有效的数据管理技术

SQL语言应用：既可以作为一种自含式语言，被用以一种人机交互的方式在终端键盘上直接输入SQL命令对数据库进行操作；又可以作为一种嵌入式语言，被程序员在开发应用程序时直接嵌入某种高级语言中使用","data/csbench/student_images/ISC_3/ANS_ISC_562.jpg"
"ISC_3","ANS_ISC_564","P2","possible_teacher_over_score","4.0","model_avg_score","1.5","2.5","2.5","2.0","1.2","1.28956","absolute_disagreement","1.3","True","5.0","1.5","2.0","2.0","2.0","BND","0.4082","high","0.5","1.0","0.5","rubric_mapping_risk","","","","数据库系统的组成：需求分析.概念结构分析.逻辑结构分析.物理结构分析.数据库实施.数据库运行和维护 数据库系统的重要性：数据冗余度低.数据共享度高；数据库系统的数据和程序之间具有较高的独立性 SQL语言用于OLAP和数据挖掘.将数据仓库中的数据组织成包含预先计算的数据集，以便快速解答.","data/csbench/student_images/ISC_3/ANS_ISC_564.jpg"
"ISC_3","ANS_ISC_567","P2","possible_teacher_over_score","5.0","model_avg_score","2.8","2.2","2.2","2.0","0.9","1.28956","absolute_disagreement","1.3","True","5.0","2.8","3.5","3.5","3.5","BND","0.4714","high","0.5","1.0","0.5","rubric_mapping_risk|a3wa_changed_score_materially","","","","组成：数据库 数据管理系统 数据应用系统 
重要性：数据库系统的数据冗余度低 数据共享度高 数据库系统的数据和程序之间具有较高的独立性
作用: ①非过程化语言，由SQL决定对指定数据使用何种存取手段以保证最快速度
②功能一体化语言 语言风格统一 能完成包括关系 模式定义 数据库对象的创建 修改 删除等要求操作
③一语法两使用 既可作为一种自含式语言 又能作为一种嵌入式语言 ④面向集合操作的语言 允许用户在较高层的数据结构上工作 ⑤语法简洁 易学易用","data/csbench/student_images/ISC_3/ANS_ISC_567.jpg"
"ISC_3","ANS_ISC_572","P2","possible_teacher_over_score","5.0","model_avg_score","2.0","3.0","3.0","2.0","1.7","1.28956","absolute_disagreement|within_question_outlier","1.3","True","5.0","2.0","2.5","3.0","3.0","BND","0.4082","high","0.5","1.0","0.5","rubric_mapping_risk|a3wa_changed_score_materially","","","","定义：软件开发环境，办公软件，辅助医疗软件，多媒体制作软件，网页制作软件， 网络通信软件，工具软件，零应用软件。 意义：数据库系统降低了数据冗余度，减少数据冗余带来的数据冲突，提高数据共享 程度，使得数据具有高度的物理独立性和逻辑独立性。 SQL作用：功能丰富，语言简洁，为使用方便灵活，可以减轻用户负担，提高数据独立性和安全性，比较容易学习和掌握，优化功能，符合人类思维习惯。","data/csbench/student_images/ISC_3/ANS_ISC_572.jpg"
"ISC_3","ANS_ISC_577","P2","possible_teacher_over_score","5.0","model_avg_score","3.0","2.0","2.0","2.0","0.7","1.28956","absolute_disagreement","1.3","True","5.0","3.0","3.0","3.0","3.0","BND","0.0","high","0.5","0.0","0.5","rubric_mapping_risk","","","","答：①数据库系统由三类程序文件组成：语言编译程序.控制数据库运行程序.维护数据库程序. ②重要性：在信息处理领域.由于数据量庞大.而数据库技术可以有效地组织.存储数据.对实现高效率的信息处理至关重要；而数据库系统的两个鲜明特点：数据库系统的数据冗余度低.数据共享度高；数据库系统的数据和程序之间具有较高的独立性使其更好有效管理数据.对现代信息管理系统至关重要 ③SQL语言作用：非过程化语言.轻减了客户负担.提高数据独立性及安全性；功能一体化语言.语言风格一致.完成多项操作；一种语法两种使用：人机交互.嵌入式；面向集合操作的语言，允许操作对象为记录集.","data/csbench/student_images/ISC_3/ANS_ISC_577.jpg"
"ISC_3","ANS_ISC_587","P2","possible_teacher_over_score","4.0","model_avg_score","1.8","2.2","2.2","2.0","0.9","1.28956","absolute_disagreement","1.3","True","5.0","1.8","2.0","2.0","2.0","BND","0.2357","high","0.5","0.5","0.5","rubric_mapping_risk","","","","组成：①数据库管理系统 ②数据库应用系统 重要性：在现代信息系统中，数据量庞大，如何有效地组织、存储数据对实现高效率的信息处理至关重要。而数据库系统是目前最有效久的数据管理技术 SQL作用：功能强大、简洁易学，可以简洁灵活地进行结构化的数据查询","data/csbench/student_images/ISC_3/ANS_ISC_587.jpg"
"ISC_3","ANS_ISC_588","P2","possible_teacher_over_score","3.0","model_avg_score","0.7","2.3","2.3","2.0","1.0","1.28956","absolute_disagreement","1.3","True","5.0","0.7","1.0","1.0","1.0","BND","0.4714","high","0.5","1.0","0.666667","rubric_mapping_risk","","","","数据库系统的组成：本地数据库管理系统、全局数据库管理系统、全局数据字典、通信管理。SQL语句的作用是被构造出来访问关系数据库。","data/csbench/student_images/ISC_3/ANS_ISC_588.jpg"
"ISC_3","ANS_ISC_593","P2","possible_teacher_over_score","5.0","model_avg_score","2.8","2.2","2.2","2.0","0.9","1.28956","absolute_disagreement","1.3","True","5.0","2.8","3.0","3.5","3.5","BND","0.2357","high","0.5","0.5","0.5","rubric_mapping_risk|a3wa_changed_score_materially","","","","数据库系统是以数据库为核心的在数据库管理系统的支持下完成一定的数据存储和管理功能的应用软件系统。数据库技术是数据管理技术发展的又一次跨越，减少数据冗余带来的数据冲突和不一致性问题，提高了数据共享度。SQL集DDL、DML、DCL及附加语言元素于一体，语言风格统一，能够完成包括关系模式定义，数据库对象的构建，修改和删除，数据记录的插入等一系列操作要求。","data/csbench/student_images/ISC_3/ANS_ISC_593.jpg"
"ISC_3","ANS_ISC_598","P2","possible_teacher_over_score","4.0","model_avg_score","1.8","2.2","2.2","2.0","0.9","1.28956","absolute_disagreement","1.3","True","5.0","1.8","2.0","2.5","2.5","BND","0.2357","high","0.5","0.5","0.5","rubric_mapping_risk|a3wa_changed_score_materially","","","","答数据库系统是以数据库为核心的在数据库管理系统的支持下完成一定的数据存储和管理功能的应用软件系统. ①数据库技术是目前最有效的数据管理技术对实现高效率的信息处理至关重要. ②SQL语言即减轻了用户负担又提高了数据的独立性与安全性具有较好的灵活性与方便性.","data/csbench/student_images/ISC_3/ANS_ISC_598.jpg"
"ISC_3","ANS_ISC_607","P2","possible_teacher_over_score","4.0","model_avg_score","1.7","2.3","2.3","2.0","1.0","1.28956","absolute_disagreement","1.3","True","5.0","1.7","2.0","2.0","2.0","BND","0.2076","high","0.5","0.5","0.5","rubric_mapping_risk","","","","1)数据库是长期存储在计算机内的、有组织的、可共享的数据集合。
数据库系统的数据冗余度低，数据共享度高，数据和程序有较高的独立性。
对现代信息系统有重要意义。
2)SQL是用于OLAP和数据挖掘的中层服务器，包括一个服务器，可用于
构造用于分析的多维数据集，提供对多维数据收集信息的客户端访问，
为复杂的分析查询提供快速解答。","data/csbench/student_images/ISC_3/ANS_ISC_607.jpg"
"ISC_3","ANS_ISC_613","P2","possible_teacher_over_score","5.0","model_avg_score","2.5","2.5","2.5","2.0","1.2","1.28956","absolute_disagreement","1.3","True","5.0","2.5","3.0","4.0","4.0","BND","0.4082","high","0.5","1.0","0.5","rubric_mapping_risk|a3wa_changed_score_materially","","","","数据库系统是以数据库为核心，在数据库管理系统支持下完成一定数据存储和管理功能的应用软件系统。由本地数据库管理系统、全局数据库管理系统、全局数据字典、通信管理组成。
重要性：降低数据冗余度，使数据共享度高、独立性高。
SQL语言作用①非过程化语言，只要提出‘做什么’不指明‘如何做’②功能一体化的语言，只需学习一种语言形式可完成多平台数据请求③一种语法两种使用方式。④面向集合操作。⑤语法简洁，易学易用、简洁易上手。","data/csbench/student_images/ISC_3/ANS_ISC_613.jpg"
"ISC_3","ANS_ISC_615","P2","possible_teacher_over_score","5.0","model_avg_score","3.0","2.0","2.0","2.0","0.7","1.28956","absolute_disagreement","1.3","True","5.0","3.0","3.0","3.0","3.0","BND","0.0","high","0.5","0.0","0.5","rubric_mapping_risk","","","","组成：数据库管理系统、数据库应用系统
重要性：①降低了数据冗余度，减少了其带来的数据冲突问题。②提高了数据共享度 ③使数据具有较高独立性，当数据要更改时应用程序不用改变。
SQL作用：①减轻用户负担。②提高数据独立性、安全性。③减轻管理负担。④提高灵活性、方便性。⑤语法简单，易学易用","data/csbench/student_images/ISC_3/ANS_ISC_615.jpg"
"ISC_3","ANS_ISC_616","P2","possible_teacher_under_score","0.0","model_avg_score","0.0","0.0","0.0","2.0","-1.3","1.28956","within_question_outlier","1.3","True","5.0","0.0","0.0","0.0","0.0","NEG","0.0","low","1.0","0.0","1.0","extraction_risk|rubric_mapping_risk","","","","","data/csbench/student_images/ISC_3/ANS_ISC_616.jpg"
"ISC_4","ANS_ISC_617","P2","possible_teacher_over_score","3.0","model_avg_score","1.3","1.7","1.7","1.0","1.2","1.0","absolute_disagreement|within_question_outlier","0.5","False","5.0","1.3","1.3","1.3","1.3","POS","0.1179","high","0.0","0.25","0.0","","","","","“协议”是一种互联网信息传递的规范
以HTTP为例，协议规定了数据以怎样的方式被传输。 规定了网络发包发式，发包频率等。","data/csbench/student_images/ISC_4/ANS_ISC_617.jpg"
"ISC_4","ANS_ISC_620","P2","possible_teacher_over_score","2.0","model_avg_score","0.4","1.6","1.6","1.0","1.1","1.0","absolute_disagreement|within_question_outlier","0.5","False","5.0","0.4","0.4","0.4","0.4","BND","0.5893","high","0.0","1.0","0.166667","unstable_model_judgements","","","","计算机网络中‘协议’就是各方遵守相关的规则制度,共同维护计算机网络的稳定,不去造成破坏. 基本构成是如何正确使用计算机网络，应当遵守怎样的规则","data/csbench/student_images/ISC_4/ANS_ISC_620.jpg"
"ISC_4","ANS_ISC_629","P1","possible_teacher_over_score","2.0","model_avg_score","0.0","2.0","2.0","1.0","1.5","1.0","absolute_disagreement|within_question_outlier","0.5","False","5.0","0.0","0.0","0.0","0.0","POS","0.0","high","0.0","0.0","0.0","","","","","用于操纵HTML来其他WWW文档的协议称为HTTP。
构成：主要由统一资源定位器组成。","data/csbench/student_images/ISC_4/ANS_ISC_629.jpg"
"ISC_4","ANS_ISC_637","P1","possible_teacher_over_score","5.0","model_avg_score","2.5","2.5","2.5","1.0","2.0","1.0","absolute_disagreement|within_question_outlier","0.5","False","5.0","2.5","2.5","2.5","2.5","POS","0.0","high","0.0","0.0","0.0","","","","","(1)TCP协议是为在计算机网络中进行数据交换而建立的规则、标准或约定。由语法、语义和时序3个要素组成。

(2)HTTP是超文本传输协议，通过发送请求把待传输的数据文件分成数据单元，以单元为基本单位发送，接收方收到后，再整合成完整数据文件。","data/csbench/student_images/ISC_4/ANS_ISC_637.jpg"
"ISC_4","ANS_ISC_650","P2","possible_teacher_over_score","2.0","model_avg_score","0.4","1.6","1.6","1.0","1.1","1.0","absolute_disagreement|within_question_outlier","0.5","False","5.0","0.4","0.4","0.4","0.4","BND","0.5893","low","0.5","1.0","0.5","extraction_risk|rubric_mapping_risk|unstable_model_judgements","","","","协议由语法 语义 时序构成 HTTP是超文本传输协议","data/csbench/student_images/ISC_4/ANS_ISC_650.jpg"
"ISC_4","ANS_ISC_653","P2","possible_teacher_over_score","4.0","model_avg_score","2.5","1.5","1.5","1.0","1.0","1.0","absolute_disagreement|within_question_outlier","0.5","False","5.0","2.5","2.5","2.5","2.5","POS","0.0","high","0.0","0.0","0.0","","","","","①协议的概念：为在计算机网络中进行数据交换而建立的规则，标准或约定称为网络协议 ②协议的构成：对于HTTP协议而言，由HTML语法，和语义，时序等构成。","data/csbench/student_images/ISC_4/ANS_ISC_653.jpg"
"ISC_4","ANS_ISC_657","P2","possible_teacher_over_score","2.0","model_avg_score","0.0","2.0","2.0","1.0","1.5","1.0","absolute_disagreement|within_question_outlier","0.5","False","5.0","0.0","0.0","0.0","0.0","NEG","0.0","low","1.0","0.0","1.0","extraction_risk|rubric_mapping_risk","","","","HTTP是使用统一资源定位器这一概念.即URL是‘地址’ URL用于标识‘Internet’或‘数据对象’ ","data/csbench/student_images/ISC_4/ANS_ISC_657.jpg"
"ISC_4","ANS_ISC_658","P2","possible_teacher_over_score","4.0","model_avg_score","2.8","1.2","1.2","1.0","0.7","1.0","absolute_disagreement","0.5","False","5.0","2.8","2.8","3.3","3.3","BND","0.4714","high","0.0","1.0","0.166667","","","","","答：概念：为在计算机网络中使行数据交换而建立的规则 基本构成：①语法：HTTP的语法及 HTML 超文本标记语言 ②语义：使用URL标识可用的数据对象，并用HTML文件的标记指定显示方式 ③时序：由客户端、程序与服务器连接，然后用户浏览器向服务器发出请求，得到所需信息后，服务器将结果返回客户端，最后服务器关闭连接。","data/csbench/student_images/ISC_4/ANS_ISC_658.jpg"
"ISC_4","ANS_ISC_662","P1","possible_teacher_over_score","2.0","model_avg_score","0.0","2.0","2.0","1.0","1.5","1.0","absolute_disagreement|within_question_outlier","0.5","False","5.0","0.0","0.0","0.0","0.0","POS","0.0","high","0.0","0.0","0.0","","","","","协议:各令域通过商量后达成共识，制定出最为安全有效的文件制约计算机网络
构成:协议要包含条约，目的和限制对象以及处理方法","data/csbench/student_images/ISC_4/ANS_ISC_662.jpg"
"ISC_4","ANS_ISC_665","P2","possible_teacher_over_score","2.0","model_avg_score","0.0","2.0","2.0","1.0","1.5","1.0","absolute_disagreement|within_question_outlier","0.5","False","5.0","0.0","0.0","0.0","0.0","BND","0.0","low","0.5","0.0","0.666667","extraction_risk|rubric_mapping_risk","","","","协议可以将主机A中的内容转移至主机B中. HTTP使用了统一资源定位器这一概念,","data/csbench/student_images/ISC_4/ANS_ISC_665.jpg"
"ISC_4","ANS_ISC_679","P2","possible_teacher_under_score","2.0","model_avg_score","2.5","-0.5","0.5","1.0","-1.0","1.0","within_question_outlier","0.5","False","5.0","2.5","2.5","2.5","2.5","POS","0.0","high","0.0","0.0","0.0","","","","","4.概念：为在计算机网络中进行数据交换而建立的规则、标准或约定称为网络协议，简称协议。 基本构成：物理层、数据链路层、网络层、传输层， 会话层、表示层、应用层。","data/csbench/student_images/ISC_4/ANS_ISC_679.jpg"
"ISC_4","ANS_ISC_682","P2","possible_teacher_under_score","2.0","model_avg_score","2.5","-0.5","0.5","1.0","-1.0","1.0","within_question_outlier","0.5","False","5.0","2.5","2.5","2.5","2.5","POS","0.0","high","0.0","0.0","0.0","","","","","答：计算机网络中‘协议’是由语法、语义、时序组成
HTTP可提供WWW服务.","data/csbench/student_images/ISC_4/ANS_ISC_682.jpg"
"ISC_5","ANS_ISC_06","P1","possible_teacher_over_score","5.0","model_avg_score","1.8","3.2","3.2","2.0","2.9","2.0","absolute_disagreement|within_question_outlier","0.3","False","6.0","1.8","1.8","1.8","1.8","BND","0.4714","high","0.25","0.833333","0.25","","","","","字符串为：Hello，AHE！
48，65，6C，6F，41，55，为字符
2C，21为标点。","data/csbench/student_images/ISC_5/ANS_ISC_06.jpg"
"ISC_5","ANS_ISC_14","P2","possible_teacher_over_score","5.5","model_avg_score","3.2","2.3","2.3","2.0","2.0","2.0","absolute_disagreement|within_question_outlier","0.3","False","6.0","3.2","3.2","2.2","2.2","BND","0.736","high","0.25","1.0","0.5","rubric_mapping_risk|a3wa_changed_score_materially|unstable_model_judgements","","","","Hello, ADU!
字母: 48, 65, 6C, 6C, 6F
标点: 21, 2C
数字符号 20","data/csbench/student_images/ISC_5/ANS_ISC_14.jpg"
"ISC_5","ANS_ISC_20","P2","possible_teacher_over_score","5.0","model_avg_score","2.8","2.2","2.2","2.0","1.9","2.0","absolute_disagreement","0.3","False","6.0","2.8","2.8","1.6","1.6","BND","0.8498","high","0.25","1.0","0.416667","rubric_mapping_risk|a3wa_changed_score_materially|unstable_model_judgements","","","","Hello, ADU!
字母: He l l o A D U
标点: ，！
数字符: 无","data/csbench/student_images/ISC_5/ANS_ISC_20.jpg"
"ISC_5","ANS_ISC_29","P1","possible_teacher_over_score","4.0","model_avg_score","0.2","3.8","3.8","2.0","3.5","2.0","absolute_disagreement|within_question_outlier","0.3","False","6.0","0.2","0.2","0.2","0.2","POS","0.1179","high","0.0","0.208333","0.083333","","","","","字符串：OAllo，DC4 > O 7 NAK 
字母：A、0、1 标点：， > 
数字字符：O、O、7","data/csbench/student_images/ISC_5/ANS_ISC_29.jpg"
"ISC_5","ANS_ISC_33","P2","possible_teacher_over_score","6.0","model_avg_score","1.0","5.0","5.0","2.0","4.7","2.0","absolute_disagreement|within_question_outlier","0.3","False","6.0","1.0","1.0","0.0","0.0","BND","1.4142","high","0.375","1.0","0.645833","rubric_mapping_risk|a3wa_changed_score_materially|unstable_model_judgements","","","","Hello, SPACE AHU!
字母 标点 标点 字母 标点","data/csbench/student_images/ISC_5/ANS_ISC_33.jpg"
"ISC_5","ANS_ISC_35","P2","possible_teacher_over_score","6.0","model_avg_score","3.1","2.9","2.9","2.0","2.6","2.0","absolute_disagreement|within_question_outlier","0.3","False","6.0","3.1","3.1","1.9","1.9","BND","1.3591","high","0.375","1.0","0.5","rubric_mapping_risk|a3wa_changed_score_materially|unstable_model_judgements","","","","Hellx (SPACE)AHU!
字母：Hellx AHU
标点：SPACE,!","data/csbench/student_images/ISC_5/ANS_ISC_35.jpg"
"ISC_5","ANS_ISC_36","P2","possible_teacher_over_score","3.5","model_avg_score","0.0","3.5","3.5","2.0","3.2","2.0","absolute_disagreement|within_question_outlier","0.3","False","6.0","0.0","0.0","0.0","0.0","BND","0.0","low","0.75","0.0","0.75","extraction_risk|rubric_mapping_risk","","","","转为10进制:48 65 108 108 111 44 20 41 48 55 21 转为2进制:01001000 01100101. 01101100. 01101100. 01101111, 00101100 00100000. 01000001.01001000. 01010101. 00100001 解码:Hello,world!","data/csbench/student_images/ISC_5/ANS_ISC_36.jpg"
"ISC_5","ANS_ISC_38","P1","possible_teacher_over_score","5.5","model_avg_score","2.8","2.7","2.7","2.0","2.4","2.0","absolute_disagreement|within_question_outlier","0.3","False","6.0","2.8","2.8","2.8","2.8","BND","0.5401","high","0.25","1.0","0.333333","","","","","解答：由十六进制→二进制→ASCII码可知：48→H，65→'e'，6c→'l'，6F→'o'，2C→','，20→'SPACE'，41→'A'，55→'U'，21→'!' 对应字符串为Hello,SPACE AHU!，字母有H,e,l,o,A,U,SPACE.
标点有"",""""!""  数字字符没有","data/csbench/student_images/ISC_5/ANS_ISC_38.jpg"
"ISC_5","ANS_ISC_41","P2","possible_teacher_over_score","5.0","model_avg_score","1.2","3.8","3.8","2.0","3.5","2.0","absolute_disagreement|within_question_outlier","0.3","False","6.0","1.2","1.2","0.0","0.0","BND","0.9354","high","0.375","1.0","0.541667","rubric_mapping_risk|a3wa_changed_score_materially|unstable_model_judgements","","","","新对应的字符 Hemmo - AHU! 其中“H”“e”“m”“m”“o”“A”“H”“U”为字母 
“ ”“-”“!” 为标点字符.","data/csbench/student_images/ISC_5/ANS_ISC_41.jpg"
"ISC_5","ANS_ISC_51","P1","possible_teacher_under_score","3.0","model_avg_score","5.3","-2.3","2.3","2.0","-2.6","2.0","absolute_disagreement|within_question_outlier","0.3","False","6.0","5.3","5.3","5.3","5.3","BND","0.1179","high","0.25","0.208333","0.25","","","","","48:01001000→H 2c:00101100→, 65:01100101→e 20:00100000→space  6c:01101100→l 41:01000001→A 6c:01101100→l y3:01010010→R 55:01010101→U 6p:01101111→o 21:00100001→!","data/csbench/student_images/ISC_5/ANS_ISC_51.jpg"
"ISC_5","ANS_ISC_53","P2","possible_teacher_over_score","5.0","model_avg_score","1.7","3.3","3.3","2.0","3.0","2.0","absolute_disagreement|within_question_outlier","0.3","False","6.0","1.7","1.7","1.7","1.7","BND","0.4249","high","0.25","0.833333","0.5","rubric_mapping_risk","","","","Hello， AH - !
其中十六进制序列 48. 65. 6 C. 6 C. 6 F. 4l. 48代表字母
2C. 21代表标点
20 7f代表数字字符","data/csbench/student_images/ISC_5/ANS_ISC_53.jpg"
"ISC_5","ANS_ISC_54","P2","possible_teacher_over_score","6.0","model_avg_score","1.7","4.3","4.3","2.0","4.0","2.0","absolute_disagreement|within_question_outlier","0.3","False","6.0","1.7","1.7","1.2","1.2","BND","1.1785","high","0.25","1.0","0.333333","unstable_model_judgements","","","","Hello, SPACE AHU!
字母：Hello AHU
标点：, SPACE !
数字字符：无","data/csbench/student_images/ISC_5/ANS_ISC_54.jpg"
"ISC_5","ANS_ISC_57","P2","possible_teacher_over_score","6.0","model_avg_score","2.8","3.2","3.2","2.0","2.9","2.0","absolute_disagreement|within_question_outlier","0.3","False","6.0","2.8","2.8","1.6","1.6","BND","0.9354","high","0.25","1.0","0.333333","a3wa_changed_score_materially|unstable_model_judgements","","","","解码:Gello, AHU!
字母:Gello,AHU
标点"","" 空格""SPACE""“!”","data/csbench/student_images/ISC_5/ANS_ISC_57.jpg"
"ISC_5","ANS_ISC_58","P1","possible_teacher_over_score","2.0","model_avg_score","0.0","2.0","2.0","2.0","1.7","2.0","absolute_disagreement","0.3","False","6.0","0.0","0.0","0.0","0.0","BND","0.0","high","0.25","0.0","0.25","","","","","48 65 6c 6c 6F 2c 20  41 48 55 21 
H  \  d  d  g  *  GS   C  H  V RS 
字母：H d d g c H V 
标点 \ * 
数字字符 GS RS","data/csbench/student_images/ISC_5/ANS_ISC_58.jpg"
"ISC_5","ANS_ISC_59","P1","possible_teacher_over_score","3.0","model_avg_score","0.4","2.6","2.6","2.0","2.3","2.0","absolute_disagreement|within_question_outlier","0.3","False","6.0","0.4","0.4","0.4","0.4","BND","0.5893","high","0.0","1.0","0.166667","","","","","HTI\MM}ANULDLE HTLFDC4 .
标点\，6}
字母 M A
数文字符.DC4","data/csbench/student_images/ISC_5/ANS_ISC_59.jpg"
"ISC_5","ANS_ISC_64","P1","possible_teacher_under_score","4.0","model_avg_score","6.0","-2.0","2.0","2.0","-2.3","2.0","absolute_disagreement|within_question_outlier","0.3","False","6.0","6.0","6.0","6.0","6.0","BND","0.0","high","0.375","0.0","0.375","","","","","48 65 6c 6c 6F 2c 20 41 48 55 21 
H e l l o ,   A H U !","data/csbench/student_images/ISC_5/ANS_ISC_64.jpg"
"ISC_5","ANS_ISC_67","P2","possible_teacher_over_score","6.0","model_avg_score","2.4","3.6","3.6","2.0","3.3","2.0","absolute_disagreement|within_question_outlier","0.3","False","6.0","2.4","2.4","1.2","1.2","BND","0.4249","high","0.375","0.833333","0.5","rubric_mapping_risk|a3wa_changed_score_materially","","","","(48)₁₆ = (1001000)₂ → H
(65)₁₆ = (1100101)₂ → e
(6C)₁₆ = (1101100)₂ → l
(6F)₁₆ = (1101111)₂ → o
(2C)₁₆ = (0101100)₂ → ,
(20)₁₆ = (0100000)₂ → SPACE
(41)₁₆ = (1000001)₂ = A
(48)₁₆ = (1001000)₂ = H
(55)₁₆ = (1010101)₂ = U
(21)₁₆ = (0100001)₂ = !
Hello, SPACE AHU!
字符: Hello AHU
标点: ,!","data/csbench/student_images/ISC_5/ANS_ISC_67.jpg"
"ISC_5","ANS_ISC_68","P2","possible_teacher_over_score","5.5","model_avg_score","1.2","4.3","4.3","2.0","4.0","2.0","absolute_disagreement|within_question_outlier","0.3","False","6.0","1.2","1.2","1.2","1.2","BND","0.5888","high","0.375","1.0","0.5","rubric_mapping_risk","","","","相应字符串为 Hello, SPACEAHV!
字母有 H、e、L、o、S、P、A、C、E、V.
标点有 ，！","data/csbench/student_images/ISC_5/ANS_ISC_68.jpg"
"ISC_5","ANS_ISC_76","P2","possible_teacher_over_score","6.0","model_avg_score","2.8","3.2","3.2","2.0","2.9","2.0","absolute_disagreement|within_question_outlier","0.3","False","6.0","2.8","2.8","3.3","3.3","BND","0.2357","high","0.25","0.416667","0.583333","rubric_mapping_risk","","","","Hello！AHU%
48 65 6c 6c 6F 41 48 55为字母
2C.20 21为标点
无数字字符","data/csbench/student_images/ISC_5/ANS_ISC_76.jpg"
"ISC_6","ANS_ISC_100","P2","possible_teacher_over_score","5.0","model_avg_score","1.5","3.5","3.5","2.0","3.0","1.0","absolute_disagreement|within_question_outlier","0.5","False","6.0","1.5","1.5","1.5","1.5","BND","0.0","low","0.75","0.0","0.75","extraction_risk|rubric_mapping_risk","","","","0.625 0.625 二进制0.101 1.250 ----1 0.500 ----0 1.000 ----1","data/csbench/student_images/ISC_6/ANS_ISC_100.jpg"
"ISC_6","ANS_ISC_101","P2","possible_teacher_under_score","5.5","model_avg_score","6.0","-0.5","0.5","2.0","-1.0","1.0","within_question_outlier","0.5","False","6.0","6.0","6.0","6.0","6.0","POS","0.0","high","0.0","0.0","0.0","","","","","0.625 212与0 #7(0.625)10 = (0.101)2 1.25 …1 0.5 …1 0.5 …0 0.5 …0","data/csbench/student_images/ISC_6/ANS_ISC_101.jpg"
"ISC_6","ANS_ISC_103","P2","possible_teacher_over_score","6.0","model_avg_score","2.5","3.5","3.5","2.0","3.0","1.0","absolute_disagreement|within_question_outlier","0.5","False","6.0","2.5","2.5","1.3","1.3","BND","0.7071","low","0.5","1.0","0.583333","extraction_risk|rubric_mapping_risk|a3wa_changed_score_materially|unstable_model_judgements","","","","0.625 整数部分0 小数部分01010一般保留位数 故(0.625)10=(0.101)2","data/csbench/student_images/ISC_6/ANS_ISC_103.jpg"
"ISC_6","ANS_ISC_104","P2","possible_teacher_over_score","6.0","model_avg_score","3.0","3.0","3.0","2.0","2.5","1.0","absolute_disagreement|within_question_outlier","0.5","False","6.0","3.0","3.0","3.0","3.0","BND","0.0","low","0.5","0.0","0.5","extraction_risk|rubric_mapping_risk","","","","(2)₁₀=(0010)₂ (0.125)₁₀=(0.001)₂ ∴(2.125)₁₀=(0010.001)₂","data/csbench/student_images/ISC_6/ANS_ISC_104.jpg"
"ISC_6","ANS_ISC_106","P2","possible_teacher_over_score","6.0","model_avg_score","3.0","3.0","3.0","2.0","2.5","1.0","absolute_disagreement|within_question_outlier","0.5","False","6.0","3.0","3.0","3.0","3.0","BND","0.0","low","0.5","0.0","0.5","extraction_risk|rubric_mapping_risk","","","","0.625 2 / (1.250 - 1) 0.250 2 / (0.500 - 0) 0.500 2 / (1.000 - 1) ⇒ 拆解(0.101)₂","data/csbench/student_images/ISC_6/ANS_ISC_106.jpg"
"ISC_6","ANS_ISC_112","P2","possible_teacher_over_score","6.0","model_avg_score","2.0","4.0","4.0","2.0","3.5","1.0","absolute_disagreement|within_question_outlier","0.5","False","6.0","2.0","2.0","3.2","3.2","BND","0.7071","low","0.5","1.0","0.583333","extraction_risk|rubric_mapping_risk|a3wa_changed_score_materially|unstable_model_judgements","","","","0.625 整数：0 小数：101 转化为二进制为：0.101","data/csbench/student_images/ISC_6/ANS_ISC_112.jpg"
"ISC_6","ANS_ISC_114","P2","possible_teacher_over_score","6.0","model_avg_score","4.5","1.5","1.5","2.0","1.0","1.0","within_question_outlier","0.5","False","6.0","4.5","4.5","4.5","4.5","BND","0.0","high","0.25","0.0","0.25","","","","","(0.625)₁₀ = (0.101)₂ (2)₁₀ = (10)₂ (0.125)₁₀ = (0.001)₂ => (2.125)₁₀ = (10.001)₂","data/csbench/student_images/ISC_6/ANS_ISC_114.jpg"
"ISC_6","ANS_ISC_120","P2","possible_teacher_over_score","6.0","model_avg_score","3.0","3.0","3.0","2.0","2.5","1.0","absolute_disagreement|within_question_outlier","0.5","False","6.0","3.0","3.0","3.0","3.0","BND","0.0","low","0.5","0.0","0.583333","extraction_risk|rubric_mapping_risk","","","","0.625：小：0.625×2=1.25 ，0.25×2=0.5 ，0.5×2=1.0 ； 整：0 ∴0625 =(0.101)₂.","data/csbench/student_images/ISC_6/ANS_ISC_120.jpg"
"ISC_6","ANS_ISC_121","P2","possible_teacher_over_score","6.0","model_avg_score","4.5","1.5","1.5","2.0","1.0","1.0","within_question_outlier","0.5","False","6.0","4.5","4.5","4.5","4.5","BND","0.0","high","0.25","0.0","0.25","","","","","0.625 (0.625)10 → (0.101)2 ×2 1.250 1 2÷2=1 0.5×2=1 ×2 2.500 ×0 0.125×2 0.250 (2.125)10 → (10.001)2 0.5×2=1 1 ×2 0.250 0 0.5×2 0.5 0","data/csbench/student_images/ISC_6/ANS_ISC_121.jpg"
"ISC_6","ANS_ISC_123","P2","possible_teacher_over_score","6.0","model_avg_score","4.5","1.5","1.5","2.0","1.0","1.0","within_question_outlier","0.5","False","6.0","4.5","4.5","4.5","4.5","BND","0.0","high","0.25","0.0","0.416667","rubric_mapping_risk","","","","2.0.625 ： 小数部分：101 ∴表示为 0.101 2.125 整数部分：0010 小数部分001 ∴表示为0010.001","data/csbench/student_images/ISC_6/ANS_ISC_123.jpg"
"ISC_6","ANS_ISC_128","P2","possible_teacher_over_score","6.0","model_avg_score","4.5","1.5","1.5","2.0","1.0","1.0","within_question_outlier","0.5","False","6.0","4.5","4.5","4.5","4.5","BND","0.0","high","0.25","0.0","0.25","","","","","(0.625)₁₀：0.625×2=1.25…1 1.25×2=2.5…0 0.5×2=1…0 →(0.101)₂ (2.125)₁₀：整：2 0.125×2=0.25…0 0.25×2=0.5…0 0.5×2=1…0 ∴(2.125)₁₀→(10.001)₂ →(10.001)₂","data/csbench/student_images/ISC_6/ANS_ISC_128.jpg"
"ISC_6","ANS_ISC_130","P2","possible_teacher_over_score","6.0","model_avg_score","4.5","1.5","1.5","2.0","1.0","1.0","within_question_outlier","0.5","False","6.0","4.5","4.5","4.5","4.5","BND","0.0","high","0.25","0.0","0.333333","","","","","0.625的=进制形式为(0.101)₂ 2.125的=进制形式为(10.001)₂","data/csbench/student_images/ISC_6/ANS_ISC_130.jpg"
"ISC_6","ANS_ISC_131","P2","possible_teacher_over_score","6.0","model_avg_score","4.5","1.5","1.5","2.0","1.0","1.0","within_question_outlier","0.5","False","6.0","4.5","4.5","4.5","4.5","POS","0.0","high","0.0","0.0","0.0","","","","","(0.625)_10 = (0.101)_2 0.125_10 = (10.00)_2 分别 2 1 0 表示： 0 2 1.25 1 2 0.5 0 2 1 2 1 2 0 2 1 0 0.125 2 1 2 0.25 0 0.5 0","data/csbench/student_images/ISC_6/ANS_ISC_131.jpg"
"ISC_6","ANS_ISC_132","P1","possible_teacher_over_score","6.0","model_avg_score","3.0","3.0","3.0","2.0","2.5","1.0","absolute_disagreement|within_question_outlier","0.5","False","6.0","3.0","3.0","3.0","3.0","BND","0.0","high","0.25","0.0","0.25","","","","","0.625 x 2 1.25 --1 x 2 0.50 --0 x 2 1.00 --1 ∴0.625=(0.101)₂ 2.125 2 1/2 0 --0. x 2 0.25 --0 x 2 0.50 --0 x 2 1.00 --1 ∴2.125=(10.00)₂","data/csbench/student_images/ISC_6/ANS_ISC_132.jpg"
"ISC_6","ANS_ISC_135","P2","possible_teacher_over_score","6.0","model_avg_score","3.0","3.0","3.0","2.0","2.5","1.0","absolute_disagreement|within_question_outlier","0.5","False","6.0","3.0","3.0","3.0","3.0","BND","0.0","low","0.5","0.0","0.583333","extraction_risk|rubric_mapping_risk","","","","0为0 .625为.101 所以0.625转为 0.101","data/csbench/student_images/ISC_6/ANS_ISC_135.jpg"
"ISC_6","ANS_ISC_136","P2","possible_teacher_over_score","6.0","model_avg_score","3.0","3.0","3.0","2.0","2.5","1.0","absolute_disagreement|within_question_outlier","0.5","False","6.0","3.0","3.0","3.0","3.0","BND","0.0","low","0.5","0.0","0.5","extraction_risk|rubric_mapping_risk","","","","十进制：0.625 整数0： 二进制：0 小数0.625 二进制：0.1 二进制小数(0.101)₂","data/csbench/student_images/ISC_6/ANS_ISC_136.jpg"
"ISC_6","ANS_ISC_140","P2","possible_teacher_under_score","5.0","model_avg_score","6.0","-1.0","1.0","2.0","-1.5","1.0","within_question_outlier","0.5","False","6.0","6.0","6.0","6.0","6.0","POS","0.0","high","0.0","0.0","0.333333","","","","","0.6258 整数(8位) 0000 0000 小数(3位) 101 2.125 整数(8位) 0000 0010 小数(3位) 000","data/csbench/student_images/ISC_6/ANS_ISC_140.jpg"
"ISC_6","ANS_ISC_144","P2","possible_teacher_over_score","6.0","model_avg_score","4.5","1.5","1.5","2.0","1.0","1.0","within_question_outlier","0.5","False","6.0","4.5","4.5","4.5","4.5","BND","0.0","high","0.25","0.0","0.25","","","","","(0.625)₁₀ = (0.101)₂ (2.125)₁₀ = (10.001)₂ 0.625×2=1.250 -1 0.250×2=0.500 -0 0.500×2=1.000 -1 2 1/2 -0 0 -1 0.125×2=0.250 -0 0.250×2=0.500 -0 0.500×2=1.000 -1","data/csbench/student_images/ISC_6/ANS_ISC_144.jpg"
"ISC_6","ANS_ISC_146","P2","possible_teacher_over_score","6.0","model_avg_score","4.5","1.5","1.5","2.0","1.0","1.0","within_question_outlier","0.5","False","6.0","4.5","4.5","4.5","4.5","POS","0.0","high","0.0","0.0","0.25","","","","","0.625÷(0.10)₂ 2.125÷(10.001)₂ 0.625 ÷ 2 = (0)₂ 0.125 1.250 1 x 2 0.50 0 x 2 1.0 1 2.125 ÷ 2 = (0)₂ 0.125 0.25 0 x 2 0.5 0 x 2 1.0 1","data/csbench/student_images/ISC_6/ANS_ISC_146.jpg"
"ISC_6","ANS_ISC_149","P2","possible_teacher_over_score","6.0","model_avg_score","3.0","3.0","3.0","2.0","2.5","1.0","absolute_disagreement|within_question_outlier","0.5","False","6.0","3.0","3.0","3.0","3.0","BND","0.0","low","0.5","0.0","0.583333","extraction_risk|rubric_mapping_risk","","","","0.625 故有(0.625)₁₀=(0.101)₂ x 2 1.250 …1 x 2 0.5 …0 x 2 1 …1 x 2 0","data/csbench/student_images/ISC_6/ANS_ISC_149.jpg"
"ISC_6","ANS_ISC_151","P2","possible_teacher_over_score","6.0","model_avg_score","4.5","1.5","1.5","2.0","1.0","1.0","within_question_outlier","0.5","False","6.0","4.5","4.5","4.5","4.5","POS","0.0","high","0.0","0.0","0.0","","","","","0.625 2 (0.625)₁₀=(101)₂ 2½ 0 (2)₁₀=(10)₂ 0.125 2 0.25 2 0.5 1 (0.125)₁₀=(0.001)₂ 0.0001 0.00 0.25 (2.125)₁₀=(10.001)₂ 0.500 1 1.000 1","data/csbench/student_images/ISC_6/ANS_ISC_151.jpg"
"ISC_6","ANS_ISC_79","P2","possible_teacher_over_score","6.0","model_avg_score","0.0","6.0","6.0","2.0","5.5","1.0","absolute_disagreement|within_question_outlier","0.5","False","6.0","0.0","0.0","0.0","0.0","BND","0.0","low","0.75","0.0","0.75","extraction_risk|rubric_mapping_risk","","","","x 3625 / 1.25 ∴(2625)6=10,1012 212 / 0 212 / 2 0.250 212 / 0.250 212 / 0.250 212 / 0.250 212 / 1.00","data/csbench/student_images/ISC_6/ANS_ISC_79.jpg"
"ISC_6","ANS_ISC_80","P2","possible_teacher_over_score","6.0","model_avg_score","2.0","4.0","4.0","2.0","3.5","1.0","absolute_disagreement|within_question_outlier","0.5","False","6.0","2.0","2.0","2.0","2.0","NEG","0.7071","low","0.75","1.0","0.833333","extraction_risk|rubric_mapping_risk|unstable_model_judgements","","","","0.625 210 0 …0. 0.625 × 2 1.250 …1 × 2 1.25 …0 × 2 0.5 …0 × 2 1 …1. ∴ (0.101)₂.","data/csbench/student_images/ISC_6/ANS_ISC_80.jpg"
"ISC_6","ANS_ISC_96","P2","possible_teacher_over_score","6.0","model_avg_score","4.5","1.5","1.5","2.0","1.0","1.0","within_question_outlier","0.5","False","6.0","4.5","4.5","4.5","4.5","BND","0.0","high","0.25","0.0","0.25","","","","","(0.625)₁₀→(0.101)₂. (2.125)₁₀→(10.0001)₂. 整数(2)₁₀→(10)₂. 小数(0.125)₁₀→(0.001)₂.","data/csbench/student_images/ISC_6/ANS_ISC_96.jpg"
"ISC_6","ANS_ISC_97","P2","possible_teacher_under_score","5.0","model_avg_score","5.5","-0.5","0.5","2.0","-1.0","1.0","within_question_outlier","0.5","False","6.0","5.5","5.5","4.3","4.3","BND","0.7071","high","0.0","1.0","0.333333","a3wa_changed_score_materially|unstable_model_judgements","","","","ab125 = (10111)2 (0.625)10 = (0.101)2 1.25×2=2.5 0.5×2=1.0","data/csbench/student_images/ISC_6/ANS_ISC_97.jpg"
"ISC_6","ANS_ISC_99","P2","possible_teacher_over_score","6.0","model_avg_score","3.0","3.0","3.0","2.0","2.5","1.0","absolute_disagreement|within_question_outlier","0.5","False","6.0","3.0","3.0","3.0","3.0","BND","0.0","low","0.5","0.0","0.5","extraction_risk|rubric_mapping_risk","","","","0.625整数部分为0，小数部分为101 ∴[0.625]₂=0.101","data/csbench/student_images/ISC_6/ANS_ISC_99.jpg"
"ISC_7","ANS_ISC_155","P1","possible_teacher_over_score","2.0","model_avg_score","0.0","2.0","2.0","2.0","1.25","1.19478","absolute_disagreement|within_question_outlier","0.75","False","4.0","0.0","0.0","0.0","0.0","POS","0.0","high","0.0","0.0","0.0","","","","","8GB 32位.","data/csbench/student_images/ISC_7/ANS_ISC_155.jpg"
"ISC_7","ANS_ISC_157","P1","possible_teacher_over_score","2.0","model_avg_score","0.0","2.0","2.0","2.0","1.25","1.19478","absolute_disagreement|within_question_outlier","0.75","False","4.0","0.0","0.0","0.0","0.0","POS","0.0","high","0.0","0.0","0.0","","","","","2^32GB. 128","data/csbench/student_images/ISC_7/ANS_ISC_157.jpg"
"ISC_7","ANS_ISC_173","P2","possible_teacher_over_score","2.0","model_avg_score","0.0","2.0","2.0","2.0","1.25","1.19478","absolute_disagreement|within_question_outlier","0.75","False","4.0","0.0","0.0","0.0","0.0","BND","0.0","low","0.5","0.0","0.5","extraction_risk|rubric_mapping_risk","","","","32GB 32GB=32×2¹⁰×2¹⁰×2¹⁰×2¹⁰=2³⁵B","data/csbench/student_images/ISC_7/ANS_ISC_173.jpg"
"ISC_7","ANS_ISC_174","P1","possible_teacher_over_score","2.0","model_avg_score","0.0","2.0","2.0","2.0","1.25","1.19478","absolute_disagreement|within_question_outlier","0.75","False","4.0","0.0","0.0","0.0","0.0","POS","0.0","high","0.0","0.0","0.0","","","","","1.64GB；32位、","data/csbench/student_images/ISC_7/ANS_ISC_174.jpg"
"ISC_7","ANS_ISC_188","P1","possible_teacher_over_score","2.0","model_avg_score","0.0","2.0","2.0","2.0","1.25","1.19478","absolute_disagreement|within_question_outlier","0.75","False","4.0","0.0","0.0","0.0","0.0","POS","0.0","high","0.0","0.0","0.0","","","","","寻址内存空间由地址总线决定 2³²=0.5GB 字长是2⁶⁴位","data/csbench/student_images/ISC_7/ANS_ISC_188.jpg"
"ISC_7","ANS_ISC_198","P1","possible_teacher_over_score","2.5","model_avg_score","0.0","2.5","2.5","2.0","1.75","1.19478","absolute_disagreement|within_question_outlier","0.75","False","4.0","0.0","0.0","0.0","0.0","POS","0.0","high","0.0","0.0","0.0","","","","","解：最大可寻址内存空间是2³² = 8GB 字长是32位.","data/csbench/student_images/ISC_7/ANS_ISC_198.jpg"
"ISC_7","ANS_ISC_203","P1","possible_teacher_over_score","2.0","model_avg_score","0.0","2.0","2.0","2.0","1.25","1.19478","absolute_disagreement|within_question_outlier","0.75","False","4.0","0.0","0.0","0.0","0.0","POS","0.0","high","0.0","0.0","0.0","","","","","32×64/1024=2GB ∴最大可寻址内存是2GB 字长为32位","data/csbench/student_images/ISC_7/ANS_ISC_203.jpg"
"ISC_7","ANS_ISC_211","P1","possible_teacher_over_score","2.0","model_avg_score","0.0","2.0","2.0","2.0","1.25","1.19478","absolute_disagreement|within_question_outlier","0.75","False","4.0","0.0","0.0","0.0","0.0","POS","0.0","high","0.0","0.0","0.0","","","","","最大寻址内存空间：2³⁶ = 64GB 其字长为36位","data/csbench/student_images/ISC_7/ANS_ISC_211.jpg"
"ISC_7","ANS_ISC_218","P1","possible_teacher_over_score","2.0","model_avg_score","0.0","2.0","2.0","2.0","1.25","1.19478","absolute_disagreement|within_question_outlier","0.75","False","4.0","0.0","0.0","0.0","0.0","POS","0.0","high","0.0","0.0","0.0","","","","","存储空间： 0.5GB
字长：32位","data/csbench/student_images/ISC_7/ANS_ISC_218.jpg"
"ISC_7","ANS_ISC_222","P2","possible_teacher_over_score","2.0","model_avg_score","0.0","2.0","2.0","2.0","1.25","1.19478","absolute_disagreement|within_question_outlier","0.75","False","4.0","0.0","0.0","0.0","0.0","NEG","0.0","low","1.0","0.0","1.0","extraction_risk|rubric_mapping_risk","","","","地址总线宽度32位，数据总线宽度为34位，","data/csbench/student_images/ISC_7/ANS_ISC_222.jpg"
"ISC_7","ANS_ISC_230","P1","possible_teacher_over_score","2.0","model_avg_score","0.0","2.0","2.0","2.0","1.25","1.19478","absolute_disagreement|within_question_outlier","0.75","False","4.0","0.0","0.0","0.0","0.0","POS","0.0","high","0.0","0.0","0.0","","","","","2³² = 64G ∴最大可寻址的存空间64GB. 字长为32+1=33位","data/csbench/student_images/ISC_7/ANS_ISC_230.jpg"
"ISC_8","ANS_ISC_255","P2","possible_teacher_over_score","3.5","model_avg_score","1.5","2.0","2.0","2.0","1.4","1.48956","absolute_disagreement","0.6","False","4.0","1.5","1.5","0.7","0.7","BND","0.4082","high","0.0","1.0","0.25","a3wa_changed_score_materially|unstable_model_judgements","","","","X=-15=(10001111)₂ 原码 
反=11110000 
补=11110001
Y=+10=(00000110)原 
反=00000110 
补=00000111
(-Y补)=11111010
y=X-Y⇒y(补)=X(补)+(-Y)(补)=11110001+11111010=01110011 
⇒ y(补)=01110011 ⇒ y=-25","data/csbench/student_images/ISC_8/ANS_ISC_255.jpg"
"ISC_8","ANS_ISC_267","P2","possible_teacher_over_score","4.0","model_avg_score","0.0","4.0","4.0","2.0","3.4","1.48956","absolute_disagreement|within_question_outlier","0.6","False","4.0","0.0","0.0","0.0","0.0","NEG","0.0","low","1.0","0.0","1.0","extraction_risk|rubric_mapping_risk","","","","","data/csbench/student_images/ISC_8/ANS_ISC_267.jpg"
"ISC_8","ANS_ISC_284","P2","possible_teacher_over_score","3.5","model_avg_score","1.3","2.2","2.2","2.0","1.6","1.48956","absolute_disagreement|within_question_outlier","0.6","False","4.0","1.3","1.3","0.5","0.5","BND","0.4714","high","0.0","1.0","0.5","rubric_mapping_risk|a3wa_changed_score_materially|unstable_model_judgements","","","","X的原码：1000000000001111 
反码：1111111111110000 
补码：1111111111110001 
Y的原码：00000000000001010 
反码：00000000000001010 
补码：000000000000001010 
设Z=X-Y 
则[Z]补=[X]补+[-Y]补 
即 1111111111110001
+ 1111111111110110 
= 1111111111110111 则 Z=-25","data/csbench/student_images/ISC_8/ANS_ISC_284.jpg"
"ISC_8","ANS_ISC_290","P2","possible_teacher_over_score","4.0","model_avg_score","1.7","2.3","2.3","2.0","1.7","1.48956","absolute_disagreement|within_question_outlier","0.6","False","4.0","1.7","1.7","1.7","1.7","BND","0.4714","high","0.0","1.0","0.166667","unstable_model_judgements","","","","X 原码 10001111 
反码 11110000 
补码 11110001 
-Y=-10 原码 10001010 反码 11110101 补码 11110110 
运算 11110001 
11110110 
111100111 →反码 11100110 →补码 10011001 →二进制 -25.","data/csbench/student_images/ISC_8/ANS_ISC_290.jpg"
"ISC_8","ANS_ISC_302","P2","possible_teacher_under_score","3.0","model_avg_score","4.0","-1.0","1.0","2.0","-1.6","1.48956","within_question_outlier","0.6","False","4.0","4.0","4.0","4.0","4.0","POS","0.0","high","0.0","0.0","0.0","","","","","    原码       反码      补码
X：10001111；11110000；11110001 Y：00001010；00001010；00001010 
(X)补码 - (Y)补码 = 11100111 = (X-Y)补码
X-Y=10011001","data/csbench/student_images/ISC_8/ANS_ISC_302.jpg"
"ISC_9","ANS_ISC_312","P2","possible_teacher_under_score","4.0","model_avg_score","6.7","-2.7","2.7","2.5","-2.7","2.5","absolute_disagreement|within_question_outlier","0.0","False","10.0","6.7","6.7","6.7","6.7","BND","1.1785","high","0.0","1.0","0.166667","unstable_model_judgements","","","","由题意得：2048×2048×12÷8÷1024÷1024=6 MB. 
1000张需要6000 MB的存储空间 即需要 GB的存储空间","data/csbench/student_images/ISC_9/ANS_ISC_312.jpg"
"ISC_9","ANS_ISC_314","P2","possible_teacher_under_score","0.0","model_avg_score","5.0","-5.0","5.0","2.5","-5.0","2.5","absolute_disagreement|within_question_outlier","0.0","False","10.0","5.0","5.0","5.0","5.0","BND","0.0","low","0.5","0.0","0.5","extraction_risk|rubric_mapping_risk","","","","375/256 GB.","data/csbench/student_images/ISC_9/ANS_ISC_314.jpg"
"ISC_9","ANS_ISC_322","P2","possible_teacher_under_score","2.0","model_avg_score","6.7","-4.7","4.7","2.5","-4.7","2.5","absolute_disagreement|within_question_outlier","0.0","False","10.0","6.7","6.7","6.7","6.7","BND","2.357","high","0.0","1.0","0.333333","unstable_model_judgements","","","","灰度深度：2¹² 
分辨率：2¹¹×2¹¹ 
2³⁰=1GB 
2¹¹×2¹¹=2²²=4MB 
 13张：4x2=8Mb 
1000张：8000Mb 
∴共需共需 8000/1024 个GB","data/csbench/student_images/ISC_9/ANS_ISC_322.jpg"
"ISC_9","ANS_ISC_324","P2","possible_teacher_under_score","3.0","model_avg_score","6.7","-3.7","3.7","2.5","-3.7","2.5","absolute_disagreement|within_question_outlier","0.0","False","10.0","6.7","6.7","6.7","6.7","BND","3.118","high","0.0","1.0","0.5","rubric_mapping_risk|unstable_model_judgements","","","","2048X2048X1000 / 1024*1024X4096 = 125/128 GB","data/csbench/student_images/ISC_9/ANS_ISC_324.jpg"
"ISC_9","ANS_ISC_329","P2","possible_teacher_under_score","2.0","model_avg_score","5.0","-3.0","3.0","2.5","-3.0","2.5","absolute_disagreement|within_question_outlier","0.0","False","10.0","5.0","5.0","3.0","3.0","BND","0.0","low","0.5","0.0","0.5","extraction_risk|rubric_mapping_risk|a3wa_changed_score_materially","","","","375/32 GB","data/csbench/student_images/ISC_9/ANS_ISC_329.jpg"
"ISC_9","ANS_ISC_336","P2","possible_teacher_under_score","0.0","model_avg_score","5.0","-5.0","5.0","2.5","-5.0","2.5","absolute_disagreement|within_question_outlier","0.0","False","10.0","5.0","5.0","5.0","5.0","BND","0.0","low","0.5","0.0","0.666667","extraction_risk|rubric_mapping_risk","","","","","data/csbench/student_images/ISC_9/ANS_ISC_336.jpg"
"ISC_9","ANS_ISC_340","P1","possible_teacher_over_score","3.0","model_avg_score","0.5","2.5","2.5","2.5","2.5","2.5","absolute_disagreement|within_question_outlier","0.0","False","10.0","0.5","0.5","0.0","0.0","BND","0.7071","high","0.0","0.75","0.166667","","","","","1000 x 2048x2048x4096.= 1.6x10⁴ GB","data/csbench/student_images/ISC_9/ANS_ISC_340.jpg"
"ISC_9","ANS_ISC_341","P1","possible_teacher_over_score","9.0","model_avg_score","5.0","4.0","4.0","2.5","4.0","2.5","absolute_disagreement|within_question_outlier","0.0","False","10.0","5.0","5.0","5.0","5.0","POS","0.0","high","0.0","0.0","0.333333","","","","","6000/1024 GB","data/csbench/student_images/ISC_9/ANS_ISC_341.jpg"
"ISC_9","ANS_ISC_345","P2","possible_teacher_over_score","4.0","model_avg_score","0.8","3.2","3.2","2.5","3.2","2.5","absolute_disagreement|within_question_outlier","0.0","False","10.0","0.8","0.8","0.8","0.8","BND","1.1785","high","0.0","1.0","0.166667","unstable_model_judgements","","","","(2048×2048×2^12×1000)/(1024×1024×2^24×1) ×3MB = (12000×2^(-12)) m³ = 375×2^(-17)GB 1MB=2^(-10)GB","data/csbench/student_images/ISC_9/ANS_ISC_345.jpg"
"ISC_9","ANS_ISC_349","P2","possible_teacher_over_score","5.0","model_avg_score","0.8","4.2","4.2","2.5","4.2","2.5","absolute_disagreement|within_question_outlier","0.0","False","10.0","0.8","0.8","0.8","0.8","BND","1.1785","high","0.0","1.0","0.166667","unstable_model_judgements","","","","已知一张1024x1024分辨率，真彩色为3MB  1000张2048x2048分辨率，4096灰级的图片大小为375/128 MB","data/csbench/student_images/ISC_9/ANS_ISC_349.jpg"
"ISC_9","ANS_ISC_352","P1","possible_teacher_over_score","3.0","model_avg_score","0.0","3.0","3.0","2.5","3.0","2.5","absolute_disagreement|within_question_outlier","0.0","False","10.0","0.0","0.0","0.0","0.0","POS","0.0","high","0.0","0.0","0.0","","","","","解：1000×2048×2048×4096 = 1000×1024³×2 = 2000GB","data/csbench/student_images/ISC_9/ANS_ISC_352.jpg"
"ISC_9","ANS_ISC_363","P2","possible_teacher_under_score","3.0","model_avg_score","5.8","-2.8","2.8","2.5","-2.8","2.5","absolute_disagreement|within_question_outlier","0.0","False","10.0","5.8","5.8","5.8","5.8","BND","3.118","high","0.0","1.0","0.166667","unstable_model_judgements","","","","∵X光片的分辨率为2048X2048 ∴其大小为12MB. 1000张长即12000MB∵1GB=1024MB. ∴12000MB=375/32GB.","data/csbench/student_images/ISC_9/ANS_ISC_363.jpg"
"ISC_9","ANS_ISC_374","P2","possible_teacher_under_score","3.0","model_avg_score","6.7","-3.7","3.7","2.5","-3.7","2.5","absolute_disagreement|within_question_outlier","0.0","False","10.0","6.7","6.7","6.7","6.7","BND","4.714","high","0.0","1.0","0.333333","unstable_model_judgements","","","","解：1000×2048×2048/4096×12÷1024÷1024÷1024÷8 =240×(1024)⁻²GB","data/csbench/student_images/ISC_9/ANS_ISC_374.jpg"
"ISC_9","ANS_ISC_376","P1","possible_teacher_over_score","3.0","model_avg_score","0.0","3.0","3.0","2.5","3.0","2.5","absolute_disagreement|within_question_outlier","0.0","False","10.0","0.0","0.0","0.0","0.0","POS","0.0","high","0.0","0.0","0.166667","","","","","1000×1024×2×1024×2×4×1024/(1024³×8)=2000GB","data/csbench/student_images/ISC_9/ANS_ISC_376.jpg"
"ISC_9","ANS_ISC_384","P2","possible_teacher_under_score","1.0","model_avg_score","5.8","-4.8","4.8","2.5","-4.8","2.5","absolute_disagreement|within_question_outlier","0.0","False","10.0","5.8","5.8","5.8","5.8","BND","1.1785","high","0.0","1.0","0.166667","unstable_model_judgements","","","","1000×2048×2048×4096 = 1000×2¹¹·2¹¹·2¹² = 1000×2³⁴ ≈2¹⁰·2³⁴=2⁴⁴=2¹⁸GB","data/csbench/student_images/ISC_9/ANS_ISC_384.jpg"
"ML_1","ANS_ML_03","P2","possible_teacher_over_score","4.0","model_avg_score","0.5","3.5","3.5","2.0","1.5","2.0","absolute_disagreement","2.0","True","4.0","0.5","0.5","0.5","0.5","BND","0.7071","high","0.0","1.0","0.333333","unstable_model_judgements","","","","如图所示","data/csbench/student_images/ML_1/ANS_ML_03.jpg"
"ML_1","ANS_ML_04","P1","possible_teacher_over_score","4.0","model_avg_score","1.8","2.2","2.2","2.0","0.2","2.0","absolute_disagreement","2.0","True","4.0","1.8","1.8","1.8","1.8","POS","0.2357","high","0.0","0.625","0.0","","","","","如图所示","data/csbench/student_images/ML_1/ANS_ML_04.jpg"
"ML_1","ANS_ML_05","P2","possible_teacher_over_score","4.0","model_avg_score","1.7","2.3","2.3","2.0","0.3","2.0","absolute_disagreement","2.0","True","4.0","1.7","1.7","1.7","1.7","BND","0.6236","high","0.0","1.0","0.0","unstable_model_judgements","","","","如图所示","data/csbench/student_images/ML_1/ANS_ML_05.jpg"
"ML_1","ANS_ML_08","P2","possible_teacher_under_score","0.0","model_avg_score","0.0","0.0","0.0","2.0","-2.0","2.0","within_question_outlier","2.0","True","4.0","0.0","0.0","0.0","0.0","POS","0.0","high","0.0","0.0","0.333333","","","","","如图所示","data/csbench/student_images/ML_1/ANS_ML_08.jpg"
"ML_1","ANS_ML_09","P2","possible_teacher_over_score","4.0","model_avg_score","0.5","3.5","3.5","2.0","1.5","2.0","absolute_disagreement","2.0","True","4.0","0.5","0.5","0.5","0.5","BND","0.4082","high","0.0","1.0","0.333333","unstable_model_judgements","","","","如图所示","data/csbench/student_images/ML_1/ANS_ML_09.jpg"
"ML_1","ANS_ML_12","P2","possible_teacher_over_score","3.5","model_avg_score","0.8","2.7","2.7","2.0","0.7","2.0","absolute_disagreement","2.0","True","4.0","0.8","0.8","1.6","1.6","BND","0.6236","high","0.0","1.0","0.333333","a3wa_changed_score_materially|unstable_model_judgements","","","","如图所示","data/csbench/student_images/ML_1/ANS_ML_12.jpg"
"ML_1","ANS_ML_13","P2","possible_teacher_over_score","4.0","model_avg_score","1.2","2.8","2.8","2.0","0.8","2.0","absolute_disagreement","2.0","True","4.0","1.2","1.2","1.2","1.2","BND","0.8898","high","0.0","1.0","0.333333","unstable_model_judgements","","","","如图所示","data/csbench/student_images/ML_1/ANS_ML_13.jpg"
"ML_1","ANS_ML_14","P2","possible_teacher_over_score","4.0","model_avg_score","1.3","2.7","2.7","2.0","0.7","2.0","absolute_disagreement","2.0","True","4.0","1.3","1.3","1.3","1.3","BND","0.4714","high","0.0","1.0","0.0","unstable_model_judgements","","","","如图所示","data/csbench/student_images/ML_1/ANS_ML_14.jpg"
"ML_1","ANS_ML_17","P2","possible_teacher_under_score","4.0","model_avg_score","4.0","0.0","0.0","2.0","-2.0","2.0","within_question_outlier","2.0","True","4.0","4.0","4.0","4.0","4.0","POS","0.0","high","0.0","0.0","0.0","","","","","0 0 0 0 0
0 0 0 1 0
0 0 1 0 0
0 0 1 1 0
0 1 0 0 0
0 1 0 1 0
0 1 1 0 0
0 1 1 1 1
1 0 0 0 0
1 0 0 1 1
1 0 1 0 1
1 0 1 1 1
1 1 0 0 1
1 1 0 1 1
1 1 1 0 1
1 1 1 1 1","data/csbench/student_images/ML_1/ANS_ML_17.jpg"
"ML_1","ANS_ML_19","P2","possible_teacher_over_score","4.0","model_avg_score","1.8","2.2","2.2","2.0","0.2","2.0","absolute_disagreement","2.0","True","4.0","1.8","1.8","1.8","1.8","BND","0.6236","high","0.0","1.0","0.0","unstable_model_judgements","","","","如图所示","data/csbench/student_images/ML_1/ANS_ML_19.jpg"
"ML_1","ANS_ML_22","P1","possible_teacher_over_score","4.0","model_avg_score","1.8","2.2","2.2","2.0","0.2","2.0","absolute_disagreement","2.0","True","4.0","1.8","1.8","1.8","1.8","POS","0.2357","high","0.0","0.625","0.0","","","","","如图所示","data/csbench/student_images/ML_1/ANS_ML_22.jpg"
"ML_1","ANS_ML_25","P2","possible_teacher_over_score","4.0","model_avg_score","1.7","2.3","2.3","2.0","0.3","2.0","absolute_disagreement","2.0","True","4.0","1.7","1.7","1.7","1.7","BND","0.4714","high","0.0","1.0","0.0","unstable_model_judgements","","","","如图所示","data/csbench/student_images/ML_1/ANS_ML_25.jpg"
"ML_1","ANS_ML_26","P2","possible_teacher_over_score","4.0","model_avg_score","1.3","2.7","2.7","2.0","0.7","2.0","absolute_disagreement","2.0","True","4.0","1.3","1.3","2.1","2.1","BND","0.9428","high","0.0","1.0","0.333333","a3wa_changed_score_materially|unstable_model_judgements","","","","如图所示","data/csbench/student_images/ML_1/ANS_ML_26.jpg"
"ML_1","ANS_ML_29","P1","possible_teacher_over_score","4.0","model_avg_score","2.0","2.0","2.0","2.0","0.0","2.0","absolute_disagreement","2.0","True","4.0","2.0","2.0","2.0","2.0","POS","0.0","high","0.0","0.0","0.0","","","","","如图所示","data/csbench/student_images/ML_1/ANS_ML_29.jpg"
"ML_1","ANS_ML_32","P2","possible_teacher_over_score","4.0","model_avg_score","0.3","3.7","3.7","2.0","1.7","2.0","absolute_disagreement","2.0","True","4.0","0.3","0.3","0.3","0.3","BND","0.4714","high","0.0","1.0","0.333333","unstable_model_judgements","","","","如图所示","data/csbench/student_images/ML_1/ANS_ML_32.jpg"
"ML_1","ANS_ML_34","P2","possible_teacher_over_score","4.0","model_avg_score","1.7","2.3","2.3","2.0","0.3","2.0","absolute_disagreement","2.0","True","4.0","1.7","1.7","2.5","2.5","BND","0.4714","high","0.0","1.0","0.0","a3wa_changed_score_materially|unstable_model_judgements","","","","如图所示","data/csbench/student_images/ML_1/ANS_ML_34.jpg"
"ML_1","ANS_ML_35","P1","possible_teacher_over_score","4.0","model_avg_score","1.2","2.8","2.8","2.0","0.8","2.0","absolute_disagreement","2.0","True","4.0","1.2","1.2","1.2","1.2","POS","0.2357","high","0.0","0.625","0.0","","","","","如图所示","data/csbench/student_images/ML_1/ANS_ML_35.jpg"
"ML_1","ANS_ML_36","P2","possible_teacher_over_score","3.5","model_avg_score","1.5","2.0","2.0","2.0","0.0","2.0","absolute_disagreement","2.0","True","4.0","1.5","1.5","1.5","1.5","BND","0.4082","high","0.0","1.0","0.0","unstable_model_judgements","","","","如图所示","data/csbench/student_images/ML_1/ANS_ML_36.jpg"
"ML_1","ANS_ML_37","P2","possible_teacher_over_score","4.0","model_avg_score","1.0","3.0","3.0","2.0","1.0","2.0","absolute_disagreement","2.0","True","4.0","1.0","1.0","1.0","1.0","BND","0.8165","high","0.0","1.0","0.333333","unstable_model_judgements","","","","如图所示","data/csbench/student_images/ML_1/ANS_ML_37.jpg"
"ML_1","ANS_ML_38","P2","possible_teacher_over_score","4.0","model_avg_score","0.3","3.7","3.7","2.0","1.7","2.0","absolute_disagreement","2.0","True","4.0","0.3","0.3","0.3","0.3","BND","0.4714","high","0.0","1.0","0.333333","unstable_model_judgements","","","","如图所示","data/csbench/student_images/ML_1/ANS_ML_38.jpg"
"ML_1","ANS_ML_39","P1","possible_teacher_over_score","4.0","model_avg_score","1.5","2.5","2.5","2.0","0.5","2.0","absolute_disagreement","2.0","True","4.0","1.5","1.5","1.5","1.5","POS","0.0","high","0.0","0.0","0.0","","","","","如图所示","data/csbench/student_images/ML_1/ANS_ML_39.jpg"
"ML_1","ANS_ML_40","P1","possible_teacher_over_score","4.0","model_avg_score","2.0","2.0","2.0","2.0","0.0","2.0","absolute_disagreement","2.0","True","4.0","2.0","2.0","2.0","2.0","POS","0.0","high","0.0","0.0","0.0","","","","","如图所示","data/csbench/student_images/ML_1/ANS_ML_40.jpg"
"ML_1","ANS_ML_41","P2","possible_teacher_over_score","4.0","model_avg_score","0.5","3.5","3.5","2.0","1.5","2.0","absolute_disagreement","2.0","True","4.0","0.5","0.5","1.3","1.3","BND","0.4082","high","0.0","1.0","0.0","a3wa_changed_score_materially|unstable_model_judgements","","","","如图所示","data/csbench/student_images/ML_1/ANS_ML_41.jpg"
"ML_1","ANS_ML_43","P2","possible_teacher_over_score","4.0","model_avg_score","1.7","2.3","2.3","2.0","0.3","2.0","absolute_disagreement","2.0","True","4.0","1.7","1.7","2.45","2.45","BND","0.4714","high","0.0","1.0","0.0","a3wa_changed_score_materially|unstable_model_judgements","","","","如图所示","data/csbench/student_images/ML_1/ANS_ML_43.jpg"
"ML_1","ANS_ML_45","P1","possible_teacher_over_score","4.0","model_avg_score","1.2","2.8","2.8","2.0","0.8","2.0","absolute_disagreement","2.0","True","4.0","1.2","1.2","1.2","1.2","POS","0.2357","high","0.0","0.625","0.0","","","","","如图所示","data/csbench/student_images/ML_1/ANS_ML_45.jpg"
"ML_1","ANS_ML_47","P2","possible_teacher_over_score","4.0","model_avg_score","0.6","3.4","3.4","2.0","1.4","2.0","absolute_disagreement","2.0","True","4.0","0.6","0.6","0.6","0.6","BND","0.4249","high","0.0","1.0","0.0","unstable_model_judgements","","","","如图所示","data/csbench/student_images/ML_1/ANS_ML_47.jpg"
"ML_1","ANS_ML_48","P1","possible_teacher_over_score","4.0","model_avg_score","1.3","2.7","2.7","2.0","0.7","2.0","absolute_disagreement","2.0","True","4.0","1.3","1.3","1.3","1.3","POS","0.2357","high","0.0","0.625","0.0","","","","","如图所示","data/csbench/student_images/ML_1/ANS_ML_48.jpg"
"ML_1","ANS_ML_49","P2","possible_teacher_over_score","4.0","model_avg_score","1.5","2.5","2.5","2.0","0.5","2.0","absolute_disagreement","2.0","True","4.0","1.5","1.5","1.5","1.5","BND","0.4082","high","0.0","1.0","0.0","unstable_model_judgements","","","","如图所示","data/csbench/student_images/ML_1/ANS_ML_49.jpg"
"ML_1","ANS_ML_50","P1","possible_teacher_over_score","4.0","model_avg_score","1.3","2.7","2.7","2.0","0.7","2.0","absolute_disagreement","2.0","True","4.0","1.3","1.3","1.3","1.3","POS","0.2357","high","0.0","0.625","0.0","","","","","如图所示","data/csbench/student_images/ML_1/ANS_ML_50.jpg"
"ML_1","ANS_ML_53","P1","possible_teacher_over_score","2.0","model_avg_score","0.0","2.0","2.0","2.0","0.0","2.0","absolute_disagreement","2.0","True","4.0","0.0","0.0","0.0","0.0","POS","0.0","high","0.0","0.0","0.0","","","","","如图所示","data/csbench/student_images/ML_1/ANS_ML_53.jpg"
"ML_1","ANS_ML_54","P1","possible_teacher_over_score","4.0","model_avg_score","1.6","2.4","2.4","2.0","0.4","2.0","absolute_disagreement","2.0","True","4.0","1.6","1.6","1.6","1.6","POS","0.1179","high","0.0","0.3125","0.0","","","","","如图所示","data/csbench/student_images/ML_1/ANS_ML_54.jpg"
"ML_1","ANS_ML_56","P2","possible_teacher_under_score","4.0","model_avg_score","4.0","0.0","0.0","2.0","-2.0","2.0","within_question_outlier","2.0","True","4.0","4.0","4.0","4.0","4.0","POS","0.0","high","0.0","0.0","0.0","","","","","如图所示","data/csbench/student_images/ML_1/ANS_ML_56.jpg"
"ML_2","ANS_ML_101","P2","possible_teacher_over_score","4.0","model_avg_score","1.2","2.8","2.8","1.0","2.8","1.0","absolute_disagreement|within_question_outlier","0.0","False","4.0","1.2","1.2","2.0","2.0","BND","0.5655","high","0.25","1.0","0.416667","rubric_mapping_risk|a3wa_changed_score_materially|unstable_model_judgements","","","","F=(Ā+B+(C+D))(BCD)
= A(B+(C+D))+BCD
= AB+A(C+AD)+BCD","data/csbench/student_images/ML_2/ANS_ML_101.jpg"
"ML_2","ANS_ML_105","P2","possible_teacher_over_score","4.0","model_avg_score","0.7","3.3","3.3","1.0","3.3","1.0","absolute_disagreement|within_question_outlier","0.0","False","4.0","0.7","0.7","0.7","0.7","BND","0.0141","low","0.75","0.0375","0.75","extraction_risk|rubric_mapping_risk","","","","F=(A+B+C+D)BCD
=A·(B+C+D)+BCD
=AB+A(C+AD+BCD","data/csbench/student_images/ML_2/ANS_ML_105.jpg"
"ML_2","ANS_ML_106","P2","possible_teacher_over_score","4.0","model_avg_score","0.3","3.7","3.7","1.0","3.7","1.0","absolute_disagreement|within_question_outlier","0.0","False","4.0","0.3","0.3","0.3","0.3","BND","0.4714","high","0.0","1.0","0.166667","unstable_model_judgements","","","","F = (A + B + C + D) - A + B + C + D + BCD","data/csbench/student_images/ML_2/ANS_ML_106.jpg"
"ML_2","ANS_ML_109","P2","possible_teacher_over_score","2.0","model_avg_score","0.0","2.0","2.0","1.0","2.0","1.0","absolute_disagreement|within_question_outlier","0.0","False","4.0","0.0","0.0","0.0","0.0","BND","0.0","low","0.75","0.0","0.75","extraction_risk|rubric_mapping_risk","","","","解：F = (A + BCD) BCD (A + B + CD) BCD = A + BCD A + B + CD BCD = A(B + CD) BCD = ABCD","data/csbench/student_images/ML_2/ANS_ML_109.jpg"
"ML_2","ANS_ML_110","P1","possible_teacher_over_score","4.0","model_avg_score","0.0","4.0","4.0","1.0","4.0","1.0","absolute_disagreement|within_question_outlier","0.0","False","4.0","0.0","0.0","0.0","0.0","POS","0.0","high","0.0","0.0","0.0","","","","","F = (A + B + C\overline{D}) B\overline{C}D
= (A + B\overline{C}D) ( B + \overline{C} + \overline{D} + B\overline{C}D )
= (A + B\overline{C}D) ( B + \overline{C} + \overline{D} )
= A B + A C + A D + B C\overline{D}","data/csbench/student_images/ML_2/ANS_ML_110.jpg"
"ML_2","ANS_ML_58","P1","possible_teacher_over_score","3.0","model_avg_score","0.0","3.0","3.0","1.0","3.0","1.0","absolute_disagreement|within_question_outlier","0.0","False","4.0","0.0","0.0","0.0","0.0","POS","0.0","high","0.0","0.0","0.166667","","","","","F = (A + B + C + D) BCD = A + B + C + D + BCD = AB + A(+A) + A BCD","data/csbench/student_images/ML_2/ANS_ML_58.jpg"
"ML_2","ANS_ML_60","P1","possible_teacher_over_score","4.0","model_avg_score","0.9","3.1","3.1","1.0","3.1","1.0","absolute_disagreement|within_question_outlier","0.0","False","4.0","0.9","1.0","1.0","1.0","POS","0.157","high","0.0","0.41625","0.0","","","","","F = (B+¬D+A)·B∧D
= (B+¬D)·A + B∧D
= A B + A ¬D + A D + B∧D","data/csbench/student_images/ML_2/ANS_ML_60.jpg"
"ML_2","ANS_ML_64","P1","possible_teacher_under_score","0.0","model_avg_score","4.0","-4.0","4.0","1.0","-4.0","1.0","absolute_disagreement|within_question_outlier","0.0","False","4.0","4.0","4.0","4.0","4.0","POS","0.0","high","0.0","0.0","0.333333","","","","","解：F = [划掉的]A B C + A B D + A B + A B + A3 + A C + A D + B C D","data/csbench/student_images/ML_2/ANS_ML_64.jpg"
"ML_2","ANS_ML_74","P1","possible_teacher_over_score","4.0","model_avg_score","2.0","2.0","2.0","1.0","2.0","1.0","absolute_disagreement|within_question_outlier","0.0","False","4.0","2.0","2.0","2.0","2.0","BND","0.0","high","0.25","0.0","0.25","","","","","F=(¬A + (B + C + D))·BCD = ¬A + (B + C + D) + BCD = A·(B + C + D) + BCD = ¬AB + ¬AC + ¬AD + BCD","data/csbench/student_images/ML_2/ANS_ML_74.jpg"
"ML_2","ANS_ML_81","P1","possible_teacher_over_score","4.0","model_avg_score","0.0","4.0","4.0","1.0","4.0","1.0","absolute_disagreement|within_question_outlier","0.0","False","4.0","0.0","0.0","0.0","0.0","POS","0.0","high","0.0","0.0","0.0","","","","","F = (Ā + (B + C + D))(B̄C̄D) = ĀB + ĀC̄ + ĀD + B̄C̄D = Ā + (B̄ + C̄ + D̄) + B̄C̄D = A(B + C + D) + B̄C̄D","data/csbench/student_images/ML_2/ANS_ML_81.jpg"
"ML_2","ANS_ML_83","P2","possible_teacher_under_score","0.0","model_avg_score","2.0","-2.0","2.0","1.0","-2.0","1.0","absolute_disagreement|within_question_outlier","0.0","False","4.0","2.0","2.0","2.0","2.0","BND","1.633","high","0.0","1.0","0.5","rubric_mapping_risk|unstable_model_judgements","","","","F = AB(CD) + (B + C + D) = (F = AB(CD) + B(CD) + C(CD) + D(CD)) = AB(CD) + B(CD) + C(CD) + D(CD) = (AB + B + C + D)(CD) = (A + 1)B(CD) · (AB + C)(CD) / (A + B + C + D) · (B + C + D)(CD) F = B(CD)","data/csbench/student_images/ML_2/ANS_ML_83.jpg"
"ML_2","ANS_ML_84","P2","possible_teacher_over_score","3.0","model_avg_score","2.0","1.0","1.0","1.0","1.0","1.0","absolute_disagreement|within_question_outlier","0.0","False","4.0","2.0","2.0","2.0","2.0","POS","0.0","high","0.0","0.0","0.0","","","","","F=(Ā+B+C+D)·BĈD = Ā+B+C+D + BCD = A·(B+C+D)+BCD = AB+AC+AD+B(C) = AB+AC+AD+BC","data/csbench/student_images/ML_2/ANS_ML_84.jpg"
"ML_2","ANS_ML_88","P2","possible_teacher_over_score","2.0","model_avg_score","0.3","1.7","1.7","1.0","1.7","1.0","absolute_disagreement|within_question_outlier","0.0","False","4.0","0.3","0.3","0.0","0.0","BND","0.4714","high","0.0","1.0","0.166667","unstable_model_judgements","","","","F=(Ā+B+C+D)·BCD = (Ā+BĒD)·(B+C+D) = ĀB+ĀC+ĀD+BĒD","data/csbench/student_images/ML_2/ANS_ML_88.jpg"
"ML_2","ANS_ML_92","P2","possible_teacher_over_score","3.0","model_avg_score","2.0","1.0","1.0","1.0","1.0","1.0","absolute_disagreement|within_question_outlier","0.0","False","4.0","2.0","2.0","2.0","2.0","BND","0.0","low","0.5","0.0","0.5","extraction_risk|rubric_mapping_risk","","","","F=(Ā + B + C + D)·BCD
= A(B + C + D) + BCD
= AB + AC + AD","data/csbench/student_images/ML_2/ANS_ML_92.jpg"
"ML_2","ANS_ML_93","P2","possible_teacher_over_score","4.0","model_avg_score","0.5","3.5","3.5","1.0","3.5","1.0","absolute_disagreement|within_question_outlier","0.0","False","4.0","0.5","0.5","0.5","0.5","BND","0.4082","high","0.25","1.0","0.5","rubric_mapping_risk|unstable_model_judgements","","","","解F=(Ā + B + C + D) B̅C̅D̅ = A(B̅C + D) B̅C̅D̅ = A(B̅C + D) + B̅C D = AB̅ + A + AD + B̅C D","data/csbench/student_images/ML_2/ANS_ML_93.jpg"
"ML_2","ANS_ML_98","P2","possible_teacher_over_score","4.0","model_avg_score","0.5","3.5","3.5","1.0","3.5","1.0","absolute_disagreement|within_question_outlier","0.0","False","4.0","0.5","0.5","1.3","1.3","BND","0.7071","high","0.0","1.0","0.333333","a3wa_changed_score_materially|unstable_model_judgements","","","","F = (Ā + B + C + D) (B̅ C̅ D̅) = AB + A(+AD) + BCD ÷A + B(+)","data/csbench/student_images/ML_2/ANS_ML_98.jpg"
"ML_3","ANS_ML_113","P2","possible_teacher_over_score","6.0","model_avg_score","1.0","5.0","5.0","1.0","5.0","1.0","absolute_disagreement|within_question_outlier","0.0","False","6.0","1.0","1.0","1.0","1.0","BND","0.8165","high","0.0","1.0","0.222222","unstable_model_judgements","","","","解：激励函数：0 k₁=J₁=X k₂=J₂=ⓝ 5π/4 xy yⁿ⁺¹ x 输出函数表达式：z = y₂yⁿ⁺¹ x","data/csbench/student_images/ML_3/ANS_ML_113.jpg"
"ML_3","ANS_ML_119","P2","possible_teacher_over_score","6.0","model_avg_score","4.7","1.3","1.3","1.0","1.3","1.0","absolute_disagreement|within_question_outlier","0.0","False","6.0","4.7","4.7","3.5","3.5","BND","0.9428","high","0.0","1.0","0.222222","a3wa_changed_score_materially|unstable_model_judgements","","","","k₁=X  yⁿ⁺¹=Xy
J₁=X
k₂=y,x
J₂=y,x
Z=y₁y₂x","data/csbench/student_images/ML_3/ANS_ML_119.jpg"
"ML_3","ANS_ML_121","P2","possible_teacher_over_score","6.0","model_avg_score","2.0","4.0","4.0","1.0","4.0","1.0","absolute_disagreement|within_question_outlier","0.0","False","6.0","2.0","2.0","0.8","0.8","BND","0.8165","high","0.0","1.0","0.222222","a3wa_changed_score_materially|unstable_model_judgements","","","","J₁=X  I₁=zX  J₂=xy,  K₂=xy₁  Z=x₂y₁","data/csbench/student_images/ML_3/ANS_ML_121.jpg"
"ML_3","ANS_ML_122","P2","possible_teacher_over_score","6.0","model_avg_score","3.0","3.0","3.0","1.0","3.0","1.0","absolute_disagreement|within_question_outlier","0.0","False","6.0","3.0","3.0","1.8","1.8","BND","2.1602","high","0.0","1.0","0.333333","a3wa_changed_score_materially|unstable_model_judgements","","","","J₁ = X  k₁ = X  T₂ = x y,  k₂ = x y,  Z = x y, y₂","data/csbench/student_images/ML_3/ANS_ML_122.jpg"
"ML_3","ANS_ML_124","P2","possible_teacher_over_score","6.0","model_avg_score","3.7","2.3","2.3","1.0","2.3","1.0","absolute_disagreement|within_question_outlier","0.0","False","6.0","3.7","3.7","2.5","2.5","BND","1.6997","high","0.0","1.0","0.333333","a3wa_changed_score_materially|unstable_model_judgements","","","","J₁=x，k₁=x；J₂=xy，k₂=xy；Z=y，y₂x","data/csbench/student_images/ML_3/ANS_ML_124.jpg"
"ML_3","ANS_ML_125","P2","possible_teacher_over_score","6.0","model_avg_score","4.7","1.3","1.3","1.0","1.3","1.0","absolute_disagreement|within_question_outlier","0.0","False","6.0","4.7","4.7","3.5","3.5","BND","0.9428","high","0.0","1.0","0.111111","a3wa_changed_score_materially|unstable_model_judgements","","","","J₁=X  K₁=X J₂=xy, k₂=xy, Z=xy₁y₂","data/csbench/student_images/ML_3/ANS_ML_125.jpg"
"ML_3","ANS_ML_126","P2","possible_teacher_over_score","6.0","model_avg_score","4.7","1.3","1.3","1.0","1.3","1.0","absolute_disagreement|within_question_outlier","0.0","False","6.0","4.7","4.7","4.7","4.7","BND","0.4714","high","0.0","0.833333","0.222222","","","","","J₁=X  J₂=xy,  k₁=X  k₂=xy,  z=xy₁y₂","data/csbench/student_images/ML_3/ANS_ML_126.jpg"
"ML_3","ANS_ML_132","P2","possible_teacher_over_score","6.0","model_avg_score","4.7","1.3","1.3","1.0","1.3","1.0","absolute_disagreement|within_question_outlier","0.0","False","6.0","4.7","4.7","4.7","4.7","BND","0.9428","high","0.0","1.0","0.222222","unstable_model_judgements","","","","J₁ = X
y₁ⁿ⁺¹ = J₁Q̄₁ⁿ + K̄₁Q₁ⁿ = xQ̄₁ⁿ + x̄Q₁ⁿ
X₂ = xy₁
J₂ = xy₁
y₂ⁿ⁺¹ = J₂Q̄₂ⁿ + K̄₂Q₂ⁿ
= xy₁Q̄₂ⁿ + x̄y₁Q₂ⁿ
= xy₁⊕Q₂ⁿ
= xy₁⊕y₂
Z = xy₁y₂","data/csbench/student_images/ML_3/ANS_ML_132.jpg"
"ML_3","ANS_ML_135","P2","possible_teacher_over_score","6.0","model_avg_score","3.0","3.0","3.0","1.0","3.0","1.0","absolute_disagreement|within_question_outlier","0.0","False","6.0","3.0","3.0","4.0","4.0","BND","0.8165","high","0.0","1.0","0.333333","a3wa_changed_score_materially|unstable_model_judgements","","","","解: J₁=X  K₁=X  J₂=y,X  K₂=y,X  Z = y₂y,X","data/csbench/student_images/ML_3/ANS_ML_135.jpg"
"ML_3","ANS_ML_138","P2","possible_teacher_over_score","6.0","model_avg_score","5.0","1.0","1.0","1.0","1.0","1.0","absolute_disagreement|within_question_outlier","0.0","False","6.0","5.0","5.0","5.0","5.0","BND","1.4142","high","0.0","1.0","0.222222","unstable_model_judgements","","","","解 J₁=★k₁=x  y₂ⁿ⁺¹=J₂ȳ₂+Ē₂y₂=★y₁⊕y₂  J₂=◆k₂=☒xy₁  y₁ⁿ⁺¹=J₁ȳ₁+Ē₁y₁=xȳ₁+☒y₁=x⊕y₁  z=xy₁y₂","data/csbench/student_images/ML_3/ANS_ML_138.jpg"
"ML_3","ANS_ML_139","P2","possible_teacher_over_score","6.0","model_avg_score","4.3","1.7","1.7","1.0","1.7","1.0","absolute_disagreement|within_question_outlier","0.0","False","6.0","4.3","4.3","3.3","3.3","BND","1.2472","high","0.0","1.0","0.444444","rubric_mapping_risk|a3wa_changed_score_materially|unstable_model_judgements","","","","J₁=k₁=x
h·k₂=x·y₁ⁿ⁺¹
y₁ⁿ⁺¹=J₁·ȳ₁ⁿ+Ī₁·y₁ⁿ
y₂ⁿ⁺¹=J₂·ȳ₂ⁿ+Ī₂·y₂ⁿ
=> y₁ⁿ⁺¹=x·ȳ₁ⁿ+Ī₁·y₁ⁿ
y₂ⁿ⁺¹=x·y₁ⁿ⁺¹·ȳ₁ⁿ+Ī₁·y₁ⁿ⁺¹·y₂ⁿ
z=x·y₁·y₂ⁿ⁺¹
=x·(x·ȳ₁ⁿ+Ī₁·y₁ⁿ⁺¹)(x·y₁ⁿ⁺¹·ȳ₁ⁿ+Ī₁·y₁ⁿ⁺¹·y₂ⁿ","data/csbench/student_images/ML_3/ANS_ML_139.jpg"
"ML_3","ANS_ML_140","P1","possible_teacher_over_score","6.0","model_avg_score","2.0","4.0","4.0","1.0","4.0","1.0","absolute_disagreement|within_question_outlier","0.0","False","6.0","2.0","2.0","2.0","2.0","POS","0.0","high","0.0","0.0","0.0","","","","","J₁=x, K₁=x, J₂=K₂=3y, Z=3y₁y₂","data/csbench/student_images/ML_3/ANS_ML_140.jpg"
"ML_3","ANS_ML_141","P2","possible_teacher_over_score","6.0","model_avg_score","2.7","3.3","3.3","1.0","3.3","1.0","absolute_disagreement|within_question_outlier","0.0","False","6.0","2.7","2.7","1.5","1.5","BND","0.9428","high","0.333333","1.0","0.444444","rubric_mapping_risk|a3wa_changed_score_materially|unstable_model_judgements","","","","K₁=X. J₁=X. K₁=xy₁. J₁=xy₁. Z=xy₁y₂. y₁ⁿ⁺¹=\overline{x}y₁ + x\overline{y₁}. y₂ⁿ⁺¹=xy₁\overline{y₂} + xy₁\overline{y₂}.","data/csbench/student_images/ML_3/ANS_ML_141.jpg"
"ML_3","ANS_ML_142","P2","possible_teacher_over_score","6.0","model_avg_score","4.7","1.3","1.3","1.0","1.3","1.0","absolute_disagreement|within_question_outlier","0.0","False","6.0","4.7","4.7","4.7","4.7","BND","1.2472","high","0.0","1.0","0.333333","unstable_model_judgements","","","","J₁=X K₁=X J₂=xy, K₂=xy, z=xy,y₂","data/csbench/student_images/ML_3/ANS_ML_142.jpg"
"ML_3","ANS_ML_146","P2","possible_teacher_over_score","6.0","model_avg_score","5.0","1.0","1.0","1.0","1.0","1.0","absolute_disagreement|within_question_outlier","0.0","False","6.0","5.0","5.0","3.8","3.8","BND","0.8165","high","0.0","1.0","0.444444","rubric_mapping_risk|a3wa_changed_score_materially|unstable_model_judgements","","","","解: k₁=X J₁=X J₂=Y₁X K₂=Y₁X Z=XY₁Z","data/csbench/student_images/ML_3/ANS_ML_146.jpg"
"ML_3","ANS_ML_149","P2","possible_teacher_over_score","6.0","model_avg_score","3.7","2.3","2.3","1.0","2.3","1.0","absolute_disagreement|within_question_outlier","0.0","False","6.0","3.7","3.7","3.7","3.7","BND","1.6997","high","0.0","1.0","0.444444","rubric_mapping_risk|unstable_model_judgements","","","","解 J₁=χ K₁=χ J₂=xy, k₂=xy. Z=xy:y","data/csbench/student_images/ML_3/ANS_ML_149.jpg"
"ML_3","ANS_ML_152","P2","possible_teacher_over_score","5.0","model_avg_score","3.7","1.3","1.3","1.0","1.3","1.0","absolute_disagreement|within_question_outlier","0.0","False","6.0","3.7","3.7","3.7","3.7","BND","1.2472","high","0.0","1.0","0.222222","unstable_model_judgements","","","","k₁=X，k₁=X，J₂=X·y，9k₂=X·y₁，输出土诸X: Z=X·y·y₂","data/csbench/student_images/ML_3/ANS_ML_152.jpg"
"ML_3","ANS_ML_154","P2","possible_teacher_over_score","6.0","model_avg_score","3.7","2.3","2.3","1.0","2.3","1.0","absolute_disagreement|within_question_outlier","0.0","False","6.0","3.7","3.7","3.7","3.7","BND","1.2472","high","0.0","1.0","0.444444","rubric_mapping_risk|unstable_model_judgements","","","","J₁ = x  K₁ = 反x  J₂ = x y₁  K₂ = x y₁  ∴ y₁ⁿ⁺¹ = x ȳ₁ + x̄ y₁  y₂ⁿ⁺¹ = x y₁ ȳ₂ + x̄ y₁ y₂  ∴ Z = y₁ x y₁ y₂","data/csbench/student_images/ML_3/ANS_ML_154.jpg"
"ML_3","ANS_ML_158","P2","possible_teacher_over_score","6.0","model_avg_score","3.3","2.7","2.7","1.0","2.7","1.0","absolute_disagreement|within_question_outlier","0.0","False","6.0","3.3","3.3","3.3","3.3","BND","0.9428","high","0.0","1.0","0.444444","rubric_mapping_risk|unstable_model_judgements","","","","J₁=X, k₁=kX. J₂=Y/X, k₂=1⊗Y/X. Z=Y₁Y₂X.","data/csbench/student_images/ML_3/ANS_ML_158.jpg"
"ML_3","ANS_ML_160","P2","possible_teacher_over_score","6.0","model_avg_score","4.7","1.3","1.3","1.0","1.3","1.0","absolute_disagreement|within_question_outlier","0.0","False","6.0","4.7","4.7","3.5","3.5","BND","0.9428","high","0.0","1.0","0.333333","a3wa_changed_score_materially|unstable_model_judgements","","","","激励函数，K₁=X J₁=X K₂=Xyⁿ J₂=Xyⁿ 输出函数，Z=yⁿy₂ⁿX.","data/csbench/student_images/ML_3/ANS_ML_160.jpg"
"ML_4","ANS_ML_169","P2","possible_teacher_under_score","0.0","model_avg_score","0.0","0.0","0.0","2.0","-2.0","2.0","within_question_outlier","2.0","True","6.0","0.0","0.0","0.0","0.0","NEG","0.0","low","1.0","0.0","1.0","extraction_risk|rubric_mapping_risk","","","","","data/csbench/student_images/ML_4/ANS_ML_169.jpg"
"ML_4","ANS_ML_170","P2","possible_teacher_over_score","5.0","model_avg_score","0.3","4.7","4.7","2.0","2.7","2.0","absolute_disagreement|within_question_outlier","2.0","True","6.0","0.3","0.3","0.3","0.3","BND","0.4714","high","0.0","0.833333","0.666667","rubric_mapping_risk","","","","P₁=0
P₂=0|
P₃=0|0
P₄=0|0|
P₅=0|0|0.
P₆=1","data/csbench/student_images/ML_4/ANS_ML_170.jpg"
"ML_4","ANS_ML_171","P1","possible_teacher_over_score","6.0","model_avg_score","1.3","4.7","4.7","2.0","2.7","2.0","absolute_disagreement|within_question_outlier","2.0","True","6.0","1.3","1.3","1.3","1.3","POS","0.2357","high","0.0","0.416667","0.0","","","","","解: S0:未检测到有效输入 S1:检测到有效‘0’ S2:检测到有效‘0’1’ S3:检测到有效‘010’ S4:检测到有效‘0101’ S5:检测到有效‘01010’","data/csbench/student_images/ML_4/ANS_ML_171.jpg"
"ML_4","ANS_ML_172","P2","possible_teacher_over_score","4.0","model_avg_score","2.0","2.0","2.0","2.0","0.0","2.0","absolute_disagreement","2.0","True","6.0","2.0","2.0","2.0","2.0","BND","0.7071","high","0.0","1.0","0.0","unstable_model_judgements","","","","状态表：
a    a' / z
      x=0    x=1
A    B/0    B/0
B          C/0
C    D/0    
D          E/0
E    F/1    
F          A/0","data/csbench/student_images/ML_4/ANS_ML_172.jpg"
"ML_4","ANS_ML_173","P1","possible_teacher_over_score","6.0","model_avg_score","0.5","5.5","5.5","2.0","3.5","2.0","absolute_disagreement|within_question_outlier","2.0","True","6.0","0.5","0.5","0.5","0.5","BND","0.411","high","0.0","0.833333","0.333333","","","","","S₀:接收110，S₆:未接收有效的0 S₂:接收01 S₃:接收010 S₃₄:接收0101 S₄₅:接收01010","data/csbench/student_images/ML_4/ANS_ML_173.jpg"
"ML_4","ANS_ML_174","P1","possible_teacher_over_score","6.0","model_avg_score","1.7","4.3","4.3","2.0","2.3","2.0","absolute_disagreement|within_question_outlier","2.0","True","6.0","1.7","1.7","1.7","1.7","POS","0.2357","high","0.0","0.416667","0.0","","","","","1. 设s₀:未输入有效“0” s₁:出现“0”序列 s₂:出现“01”序列 s₃:出现“010”序列 s₄:出现“0101”序列 s₅:出现“01010”序列","data/csbench/student_images/ML_4/ANS_ML_174.jpg"
"ML_4","ANS_ML_175","P2","possible_teacher_over_score","6.0","model_avg_score","3.8","2.2","2.2","2.0","0.2","2.0","absolute_disagreement","2.0","True","6.0","3.8","3.8","2.6","2.6","BND","0.6236","high","0.0","1.0","0.0","a3wa_changed_score_materially|unstable_model_judgements","","","","原始状态： 次态/输出 视态 X=0 X=1 A B/0 A/0 B B/0 C/0 C D/0 A/0 D B/0 E/0 E F/1 A/0 F B/0 E/0","data/csbench/student_images/ML_4/ANS_ML_175.jpg"
"ML_4","ANS_ML_176","P2","possible_teacher_over_score","3.0","model_avg_score","0.8","2.2","2.2","2.0","0.2","2.0","absolute_disagreement","2.0","True","6.0","0.8","0.8","0.8","0.8","BND","0.6236","high","0.0","1.0","0.333333","unstable_model_judgements","","","","解：设A：收到0 B：收到01 C：收到010 D：收到0101 E：收到01010","data/csbench/student_images/ML_4/ANS_ML_176.jpg"
"ML_4","ANS_ML_177","P2","possible_teacher_under_score","6.0","model_avg_score","6.0","0.0","0.0","2.0","-2.0","2.0","within_question_outlier","2.0","True","6.0","6.0","6.0","6.0","6.0","POS","0.0","high","0.0","0.0","0.0","","","","","状态A在x=0时B/0，x=1时A/0；状态B在x=0时B/0，x=1时C/0；状态C在x=0时D/0，x=1时A/0；状态D在x=0时B/0，x=1时E/0；状态E在x=0时F/1，x=1时A/0；状态F在x=0时B/0，x=1时E/0","data/csbench/student_images/ML_4/ANS_ML_177.jpg"
"ML_4","ANS_ML_178","P1","possible_teacher_over_score","6.0","model_avg_score","1.5","4.5","4.5","2.0","2.5","2.0","absolute_disagreement|within_question_outlier","2.0","True","6.0","1.5","1.5","1.5","1.5","POS","0.0","high","0.0","0.0","0.0","","","","","原始状态图 原始状态表","data/csbench/student_images/ML_4/ANS_ML_178.jpg"
"ML_4","ANS_ML_179","P1","possible_teacher_over_score","6.0","model_avg_score","3.0","3.0","3.0","2.0","1.0","2.0","absolute_disagreement","2.0","True","6.0","3.0","3.0","3.0","3.0","POS","0.0","high","0.0","0.0","0.0","","","","","A:未识别有效“0” B:识别到一个有效“0” C:识别到连续有效的“01” D:识别到连续有效的“010” E:识别到连续有效的“0101” F:识别到连续有效的“01010” 原始状态表：现态,次态/输出Z X=0 X=1 A B/0 A/1 B B/0 C/0 C D/0 A/0 D B/0 E/0 E F/1 A/0 F B/0 E/0","data/csbench/student_images/ML_4/ANS_ML_179.jpg"
"ML_4","ANS_ML_181","P1","possible_teacher_over_score","6.0","model_avg_score","0.0","6.0","6.0","2.0","4.0","2.0","absolute_disagreement|within_question_outlier","2.0","True","6.0","0.0","0.0","0.0","0.0","POS","0.0","high","0.0","0.0","0.333333","","","","","a:0 1
b:0
c:01
d:010
e:0/0/1
f:0/0/0","data/csbench/student_images/ML_4/ANS_ML_181.jpg"
"ML_4","ANS_ML_184","P2","possible_teacher_over_score","6.0","model_avg_score","3.3","2.7","2.7","2.0","0.7","2.0","absolute_disagreement","2.0","True","6.0","3.3","3.3","2.1","2.1","BND","0.4714","high","0.0","0.833333","0.0","a3wa_changed_score_materially","","","","1.解: S0:未收到有效数δ S1:收到有效‘0’ S2:收到有效‘01’ S3:收到有效‘010’ S4:收到有效‘0101’ S5:收到有效‘01010’ 状态表: 现态 次态/输出 X=0 X=1 S0 S1,0 S0,0 S1 S1,0 S2,0 S2 S3,0 S0,0 S3 S4,0 S0,0 S4 S5,0 S0,0 S5 S5,1 S0,0 状态图: 110 010 010 110 110 110 010 010 110 011 110","data/csbench/student_images/ML_4/ANS_ML_184.jpg"
"ML_4","ANS_ML_185","P1","possible_teacher_over_score","4.0","model_avg_score","0.0","4.0","4.0","2.0","2.0","2.0","absolute_disagreement|within_question_outlier","2.0","True","6.0","0.0","0.0","0.0","0.0","POS","0.0","high","0.0","0.0","0.0","","","","","原始状态表 状态 次态/输出 x=0 x=1 A B/0 A/0 B A/0 C/0 C D/0 A/0 D A/0 E/0 E A/1 A/0","data/csbench/student_images/ML_4/ANS_ML_185.jpg"
"ML_4","ANS_ML_186","P2","possible_teacher_over_score","3.0","model_avg_score","1.0","2.0","2.0","2.0","0.0","2.0","absolute_disagreement","2.0","True","6.0","1.0","1.0","1.0","1.0","BND","1.4142","high","0.0","1.0","0.333333","unstable_model_judgements","","","","解:由题意可知:原始状态图: 原始状态图. 现态 次态/输出 X=0 X=1 A B/0 A/0 B A/0 C/0 C D/0 A/0 D A/0 E/0 E A/1 A/0","data/csbench/student_images/ML_4/ANS_ML_186.jpg"
"ML_4","ANS_ML_187","P1","possible_teacher_over_score","2.0","model_avg_score","0.0","2.0","2.0","2.0","0.0","2.0","absolute_disagreement","2.0","True","6.0","0.0","0.0","0.0","0.0","POS","0.0","high","0.0","0.0","0.0","","","","","01010→10100→01001 ↑ ↙ 00101 ←10010","data/csbench/student_images/ML_4/ANS_ML_187.jpg"
"ML_4","ANS_ML_188","P2","possible_teacher_over_score","3.0","model_avg_score","1.0","2.0","2.0","2.0","0.0","2.0","absolute_disagreement","2.0","True","6.0","1.0","1.0","1.0","1.0","BND","0.7071","high","0.0","1.0","0.333333","unstable_model_judgements","","","","状态、输入/2
x=0  x=1
A    B/1  A/0
B    B/0  C/1
C    D/1  C/0
D    D/0  E/1
E    A/1  E/0","data/csbench/student_images/ML_4/ANS_ML_188.jpg"
"ML_4","ANS_ML_189","P2","possible_teacher_over_score","4.0","model_avg_score","1.7","2.3","2.3","2.0","0.3","2.0","absolute_disagreement","2.0","True","6.0","1.7","1.7","1.7","1.7","BND","1.2472","high","0.0","1.0","0.333333","unstable_model_judgements","","","","作出状态表：A B/0 x=1. B A/0 A/0 C/0 D/0 E/0 D A/0 E/0 E A/1 A/0. 作出状态图为：","data/csbench/student_images/ML_4/ANS_ML_189.jpg"
"ML_4","ANS_ML_190","P2","possible_teacher_over_score","4.0","model_avg_score","0.5","3.5","3.5","2.0","1.5","2.0","absolute_disagreement","2.0","True","6.0","0.5","0.5","0.5","0.5","BND","0.7071","high","0.0","1.0","0.666667","rubric_mapping_risk|unstable_model_judgements","","","","A:初始状态为0 B:初始状态为1 C:A状态下输入一个1 D:C状态下输入一个0 E:D状态下输入一个1 F:E状态下输入一个0,同时Z输出1","data/csbench/student_images/ML_4/ANS_ML_190.jpg"
"ML_4","ANS_ML_191","P2","possible_teacher_over_score","6.0","model_avg_score","4.0","2.0","2.0","2.0","0.0","2.0","absolute_disagreement","2.0","True","6.0","4.0","4.0","4.0","4.0","BND","0.8165","high","0.0","1.0","0.0","unstable_model_judgements","","","","A为010状态，B为010状态，C为010状态，D为010状态，E为0101状态，F为01010状态
状态表
状态/输出
状态	X=0	X>1
A	B/0	A/0
B	B/0	C/0
C	D/0	A/0
D	B/0	E/0
E	F/1	A/0
F	B/0	E/0","data/csbench/student_images/ML_4/ANS_ML_191.jpg"
"ML_4","ANS_ML_194","P1","possible_teacher_over_score","6.0","model_avg_score","3.0","3.0","3.0","2.0","1.0","2.0","absolute_disagreement","2.0","True","6.0","3.0","3.0","3.0","3.0","POS","0.0","high","0.0","0.0","0.0","","","","","解 设 A为初始状态 B: 0","data/csbench/student_images/ML_4/ANS_ML_194.jpg"
"ML_4","ANS_ML_195","P2","possible_teacher_under_score","0.0","model_avg_score","0.0","0.0","0.0","2.0","-2.0","2.0","within_question_outlier","2.0","True","6.0","0.0","0.0","0.0","0.0","NEG","0.0","low","1.0","0.0","1.0","extraction_risk|rubric_mapping_risk","","","","","data/csbench/student_images/ML_4/ANS_ML_195.jpg"
"ML_4","ANS_ML_197","P2","possible_teacher_under_score","1.0","model_avg_score","1.0","0.0","0.0","2.0","-2.0","2.0","within_question_outlier","2.0","True","6.0","1.0","1.0","2.0","2.0","BND","0.8165","high","0.0","1.0","0.333333","a3wa_changed_score_materially|unstable_model_judgements","","","","y1 y2 y1^n+1 y2^n+1 x z
0 0 0 0 0 0
0 1 0 1 0 1
1 0 1 0 1 0
1 1 1 0 1 0
y1^n+1 y2^n+1 / z
y1 y2 x=0 x=1
00 00/0 01/0
01 01/1 10/0
10 10/0 11/0
11 11/0 00/0
0 0 0 1 1 0
0 1 1 0 1 0
1 0 1 1 1 0
1 1 0 0 1 0","data/csbench/student_images/ML_4/ANS_ML_197.jpg"
"ML_4","ANS_ML_199","P2","possible_teacher_over_score","6.0","model_avg_score","3.5","2.5","2.5","2.0","0.5","2.0","absolute_disagreement","2.0","True","6.0","3.5","3.5","3.5","3.5","BND","0.7071","high","0.0","1.0","0.0","unstable_model_judgements","","","","状态表： 状态 次态/输出 x=0 x=1 S0 S1/0 S0/0 S1 S1/0 S2/0 S2 S3/0 S0/0 S3 S1/0 S4/0 S4 S5/1 S0/0 S5 S1/0 S4/0","data/csbench/student_images/ML_4/ANS_ML_199.jpg"
"ML_4","ANS_ML_201","P2","possible_teacher_under_score","3.0","model_avg_score","3.0","0.0","0.0","2.0","-2.0","2.0","within_question_outlier","2.0","True","6.0","3.0","3.0","3.0","3.0","POS","0.0","high","0.0","0.0","0.0","","","","","原始状态表 现态 次态/输出 X=0 X=1 A B/0 A/0 B A/0 C/0 C D/0 A/0 D A/0 E/0 E D/1 A/0","data/csbench/student_images/ML_4/ANS_ML_201.jpg"
"ML_4","ANS_ML_205","P2","possible_teacher_over_score","6.0","model_avg_score","0.8","5.2","5.2","2.0","3.2","2.0","absolute_disagreement|within_question_outlier","2.0","True","6.0","0.8","0.8","1.3","1.3","BND","0.6236","high","0.0","1.0","0.333333","unstable_model_judgements","","","","设A:无有效输入 B:输入有效0 C:输入有效01 D:输入有效010 E:输入有效0101 F:输入有效01010","data/csbench/student_images/ML_4/ANS_ML_205.jpg"
"ML_4","ANS_ML_207","P2","possible_teacher_under_score","6.0","model_avg_score","6.0","0.0","0.0","2.0","-2.0","2.0","within_question_outlier","2.0","True","6.0","6.0","6.0","6.0","6.0","POS","0.0","high","0.0","0.0","0.0","","","","","令S₀:初态，输入。S₁:输入0. S₂:输入01 S₃:输入010. S₄:输入0101. S₅:输入01010. 状态/输出 x=0 x=1 S₀ S₁/0 S₀/0 S₁ S₁/0 S₂/0 S₂ S₃/0 S₀/0 S₃ S₁/0 S₄/0 S₄ S₅/1 S₀/0 S₅ S₁/0 S₄/0.","data/csbench/student_images/ML_4/ANS_ML_207.jpg"
"ML_4","ANS_ML_208","P1","possible_teacher_over_score","6.0","model_avg_score","1.8","4.2","4.2","2.0","2.2","2.0","absolute_disagreement|within_question_outlier","2.0","True","6.0","1.8","1.8","1.8","1.8","POS","0.2357","high","0.0","0.416667","0.0","","","","","S0:无输入
S1:0
S2:01
S3:010
S4:-0101
状态
x=0 x=1
S0 S1/0 S0/0
S1 S2/0 S0/0
S2 S1/0 S4/0
S3 S3/1 S0/0","data/csbench/student_images/ML_4/ANS_ML_208.jpg"
"ML_4","ANS_ML_209","P1","possible_teacher_over_score","6.0","model_avg_score","1.5","4.5","4.5","2.0","2.5","2.0","absolute_disagreement|within_question_outlier","2.0","True","6.0","1.5","1.5","1.5","1.5","BND","0.4082","high","0.0","0.833333","0.0","","","","","设S₀为未接收到第一个有效“0”的状态。S₁为接收到第一个有效“0”状态 S₂为接收到“01”状态 S₃为接收到“010”状态 S₄为接收到“0101”状态 S₅为接收到“01010”状态。","data/csbench/student_images/ML_4/ANS_ML_209.jpg"
"ML_4","ANS_ML_210","P2","possible_teacher_over_score","2.0","model_avg_score","0.0","2.0","2.0","2.0","0.0","2.0","absolute_disagreement","2.0","True","6.0","0.0","0.0","0.0","0.0","BND","0.0","high","0.0","0.0","0.666667","rubric_mapping_risk","","","","1.解：∴状态表为","data/csbench/student_images/ML_4/ANS_ML_210.jpg"
"ML_4","ANS_ML_211","P1","possible_teacher_over_score","6.0","model_avg_score","0.0","6.0","6.0","2.0","4.0","2.0","absolute_disagreement|within_question_outlier","2.0","True","6.0","0.0","0.0","0.0","0.0","POS","0.0","high","0.0","0.0","0.0","","","","","设初始状态为A，B有0，C:01 D:010 次初始状态，A重为1 B:01 C:010 D:0101 E:D10/0 F:01/010","data/csbench/student_images/ML_4/ANS_ML_211.jpg"
"ML_4","ANS_ML_212","P1","possible_teacher_over_score","6.0","model_avg_score","0.7","5.3","5.3","2.0","3.3","2.0","absolute_disagreement|within_question_outlier","2.0","True","6.0","0.7","0.7","0.7","0.7","BND","0.4714","high","0.0","0.833333","0.0","","","","","A:序列为1 B:序列为0 C:序列为01 D:序列为010 E:序列为0101 F:序列为01010","data/csbench/student_images/ML_4/ANS_ML_212.jpg"
"ML_4","ANS_ML_213","P1","possible_teacher_over_score","6.0","model_avg_score","1.3","4.7","4.7","2.0","2.7","2.0","absolute_disagreement|within_question_outlier","2.0","True","6.0","1.3","1.3","1.3","1.3","BND","0.4714","high","0.0","0.833333","0.0","","","","","没S0是未输入 S1是0. S2是01 S3是010. S4是0101","data/csbench/student_images/ML_4/ANS_ML_213.jpg"
"ML_4","ANS_ML_216","P2","possible_teacher_over_score","4.0","model_avg_score","1.8","2.2","2.2","2.0","0.2","2.0","absolute_disagreement","2.0","True","6.0","1.8","1.8","1.8","1.8","BND","0.8498","high","0.0","1.0","0.0","unstable_model_judgements","","","","A:0 B:1 C:0 D:0/0 E:0/0 F:0/0 状态图： 状态表： 状态 状态/输出 X=0 X=1 A A/0 C/0 B A/0 B/0 C D/0 B/0 D A/0 F/0 E E/1 B/0 F A/0 E/0","data/csbench/student_images/ML_4/ANS_ML_216.jpg"
"ML_4","ANS_ML_217","P2","possible_teacher_over_score","5.0","model_avg_score","0.0","5.0","5.0","2.0","3.0","2.0","absolute_disagreement|within_question_outlier","2.0","True","6.0","0.0","0.0","0.0","0.0","BND","0.0","high","0.0","0.0","0.5","rubric_mapping_risk","","","","1. 解：设 S₀ S₁=0 S₂=01 S₃=0/0 S₄=0/0/ S₅=0/0/0","data/csbench/student_images/ML_4/ANS_ML_217.jpg"
"ML_4","ANS_ML_218","P1","possible_teacher_over_score","6.0","model_avg_score","1.7","4.3","4.3","2.0","2.3","2.0","absolute_disagreement|within_question_outlier","2.0","True","6.0","1.7","1.7","1.7","1.7","BND","0.4714","high","0.0","0.833333","0.0","","","","","前：Â为0，B为01，C=010，D为0101，E为01010，F为011，G为0","data/csbench/student_images/ML_4/ANS_ML_218.jpg"
"ML_4","ANS_ML_219","P2","possible_teacher_over_score","6.0","model_avg_score","0.8","5.2","5.2","2.0","3.2","2.0","absolute_disagreement|within_question_outlier","2.0","True","6.0","0.8","0.8","0.8","0.8","BND","0.6236","high","0.0","1.0","0.0","unstable_model_judgements","","","","1.解：S0:初始状态 S1:接收到0 S2:接收到01 S3:接收到010 S4:接收到0101 S5:接收到01010","data/csbench/student_images/ML_4/ANS_ML_219.jpg"
"ML_4","ANS_ML_220","P1","possible_teacher_over_score","5.0","model_avg_score","0.3","4.7","4.7","2.0","2.7","2.0","absolute_disagreement|within_question_outlier","2.0","True","6.0","0.3","0.3","0.8","0.8","BND","0.4714","high","0.0","0.833333","0.333333","","","","","状态图 原始状态表","data/csbench/student_images/ML_4/ANS_ML_220.jpg"
"ML_4","ANS_ML_221","P1","possible_teacher_over_score","5.0","model_avg_score","1.0","4.0","4.0","2.0","2.0","2.0","absolute_disagreement|within_question_outlier","2.0","True","6.0","1.0","1.0","1.0","1.0","BND","0.4082","high","0.0","0.833333","0.0","","","","","令S0:输入为0 S1:S0后输出1 S2:S1后输出0 S3:S2后输出1 S4:S3后输入为0","data/csbench/student_images/ML_4/ANS_ML_221.jpg"
"ML_4","ANS_ML_222","P2","possible_teacher_under_score","2.0","model_avg_score","2.0","0.0","0.0","2.0","-2.0","2.0","within_question_outlier","2.0","True","6.0","2.0","2.0","0.8","0.8","BND","1.633","high","0.0","1.0","0.333333","a3wa_changed_score_materially|unstable_model_judgements","","","","状态表 现态 输入/输出 x=0 x=1 0: A A|0 B|0 01: B C|0 A|0 010: C A|0 D|0 σ101: D E|1 A|0 01010: E A|0 D|0","data/csbench/student_images/ML_4/ANS_ML_222.jpg"
"ML_4","ANS_ML_223","P2","possible_teacher_under_score","0.0","model_avg_score","0.0","0.0","0.0","2.0","-2.0","2.0","within_question_outlier","2.0","True","6.0","0.0","0.0","0.0","0.0","NEG","0.0","low","1.0","0.0","1.0","extraction_risk|rubric_mapping_risk","","","","答：","data/csbench/student_images/ML_4/ANS_ML_223.jpg"
"POC_1","ANS_POC_295","P1","possible_teacher_over_score","4.0","model_avg_score","0.0","4.0","4.0","2.0","3.0","2.0","absolute_disagreement|within_question_outlier","1.0","True","5.0","0.0","0.0","0.0","0.0","POS","0.0","high","0.0","0.0","0.0","","","","","4. a*(b|c)*","data/csbench/student_images/POC_1/ANS_POC_295.jpg"
"POC_1","ANS_POC_299","P2","possible_teacher_over_score","5.0","model_avg_score","0.8","4.2","4.2","2.0","3.2","2.0","absolute_disagreement|within_question_outlier","1.0","True","5.0","0.8","0.8","0.0","0.0","BND","1.1785","high","0.0","1.0","0.333333","a3wa_changed_score_materially|unstable_model_judgements","","","","4. L(GIS)=a(bic)^n{a^m(bic)^n | m≥0,n≥0}","data/csbench/student_images/POC_1/ANS_POC_299.jpg"
"POC_1","ANS_POC_300","P1","possible_teacher_over_score","4.0","model_avg_score","0.0","4.0","4.0","2.0","3.0","2.0","absolute_disagreement|within_question_outlier","1.0","True","5.0","0.0","0.0","0.0","0.0","POS","0.0","high","0.0","0.0","0.0","","","","","L(G)={ a^n x^m | n≥0, m≥0, x=b或c }","data/csbench/student_images/POC_1/ANS_POC_300.jpg"
"POC_1","ANS_POC_306","P1","possible_teacher_over_score","4.0","model_avg_score","0.0","4.0","4.0","2.0","3.0","2.0","absolute_disagreement|within_question_outlier","1.0","True","5.0","0.0","0.0","0.0","0.0","POS","0.0","high","0.0","0.0","0.0","","","","","a*(b|c)*","data/csbench/student_images/POC_1/ANS_POC_306.jpg"
"POC_1","ANS_POC_309","P1","possible_teacher_over_score","4.0","model_avg_score","0.0","4.0","4.0","2.0","3.0","2.0","absolute_disagreement|within_question_outlier","1.0","True","5.0","0.0","0.0","0.0","0.0","POS","0.0","high","0.0","0.0","0.0","","","","","4. L(G|[S])={a^m(b|c)^n,m≥0,n≥0}.","data/csbench/student_images/POC_1/ANS_POC_309.jpg"
"POC_1","ANS_POC_312","P1","possible_teacher_over_score","4.0","model_avg_score","0.0","4.0","4.0","2.0","3.0","2.0","absolute_disagreement|within_question_outlier","1.0","True","5.0","0.0","0.0","0.0","0.0","POS","0.0","high","0.0","0.0","0.0","","","","","4. (a)*(b|c)*","data/csbench/student_images/POC_1/ANS_POC_312.jpg"
"POC_1","ANS_POC_315","P2","possible_teacher_over_score","5.0","model_avg_score","2.3","2.7","2.7","2.0","1.7","2.0","absolute_disagreement","1.0","True","5.0","2.3","2.3","2.3","2.3","BND","2.0548","high","0.0","1.0","0.666667","rubric_mapping_risk|unstable_model_judgements","","","","4. 描述语言：L={a*(b|c)*，其中含有a的数量=含有b数量+含有c的数量}","data/csbench/student_images/POC_1/ANS_POC_315.jpg"
"POC_1","ANS_POC_323","P1","possible_teacher_over_score","4.0","model_avg_score","0.0","4.0","4.0","2.0","3.0","2.0","absolute_disagreement|within_question_outlier","1.0","True","5.0","0.0","0.0","0.0","0.0","POS","0.0","high","0.0","0.0","0.0","","","","","4. a*(b|c)*","data/csbench/student_images/POC_1/ANS_POC_323.jpg"
"POC_1","ANS_POC_331","P2","possible_teacher_over_score","5.0","model_avg_score","3.0","2.0","2.0","2.0","1.0","2.0","absolute_disagreement","1.0","True","5.0","3.0","3.0","3.0","3.0","BND","0.7071","high","0.0","1.0","0.0","unstable_model_judgements","","","","4. G1是一个形如 a*(b|c)*，其中a的数量等于b和c的数量之和","data/csbench/student_images/POC_1/ANS_POC_331.jpg"
"POC_1","ANS_POC_332","P1","possible_teacher_under_score","1.0","model_avg_score","5.0","-4.0","4.0","2.0","-5.0","2.0","absolute_disagreement|within_question_outlier","1.0","True","5.0","5.0","5.0","5.0","5.0","POS","0.0","high","0.0","0.0","0.0","","","","","4. 描述的语言 {a^n b^m c^k|n≥0，m+k=n}","data/csbench/student_images/POC_1/ANS_POC_332.jpg"
"POC_1","ANS_POC_336","P1","possible_teacher_over_score","5.0","model_avg_score","0.0","5.0","5.0","2.0","4.0","2.0","absolute_disagreement|within_question_outlier","1.0","True","5.0","0.0","0.0","0.0","0.0","POS","0.0","high","0.0","0.0","0.0","","","","","4. L(G[S]})={a^t c, b^m|c^n} | t = m + n, m≥0, n≥0}","data/csbench/student_images/POC_1/ANS_POC_336.jpg"
"POC_1","ANS_POC_337","P1","possible_teacher_over_score","4.0","model_avg_score","0.0","4.0","4.0","2.0","3.0","2.0","absolute_disagreement|within_question_outlier","1.0","True","5.0","0.0","0.0","0.0","0.0","POS","0.0","high","0.0","0.0","0.0","","","","","a*(b|c)*","data/csbench/student_images/POC_1/ANS_POC_337.jpg"
"POC_1","ANS_POC_338","P1","possible_teacher_over_score","4.0","model_avg_score","0.0","4.0","4.0","2.0","3.0","2.0","absolute_disagreement|within_question_outlier","1.0","True","5.0","0.0","0.0","0.0","0.0","POS","0.0","high","0.0","0.0","0.0","","","","","a*(b|c)*","data/csbench/student_images/POC_1/ANS_POC_338.jpg"
"POC_1","ANS_POC_340","P1","possible_teacher_over_score","5.0","model_avg_score","2.5","2.5","2.5","2.0","1.5","2.0","absolute_disagreement","1.0","True","5.0","2.5","2.5","2.5","2.5","POS","0.0","high","0.0","0.0","0.0","","","","","4. 答：G描述了一个一半为a，一半为c与b混合而成的符号串","data/csbench/student_images/POC_1/ANS_POC_340.jpg"
"POC_1","ANS_POC_342","P2","possible_teacher_over_score","4.0","model_avg_score","0.8","3.2","3.2","2.0","2.2","2.0","absolute_disagreement|within_question_outlier","1.0","True","5.0","0.8","0.8","0.0","0.0","BND","1.1785","high","0.0","1.0","0.333333","a3wa_changed_score_materially|unstable_model_judgements","","","","4. 开头为a*，结尾为(b,c)*的串或直接为空串","data/csbench/student_images/POC_1/ANS_POC_342.jpg"
"POC_1","ANS_POC_344","P1","possible_teacher_over_score","5.0","model_avg_score","0.0","5.0","5.0","2.0","4.0","2.0","absolute_disagreement|within_question_outlier","1.0","True","5.0","0.0","0.0","0.0","0.0","POS","0.0","high","0.0","0.0","0.0","","","","","4. {a^m b^n c^k |其中 m = n + k}","data/csbench/student_images/POC_1/ANS_POC_344.jpg"
"POC_1","ANS_POC_345","P1","possible_teacher_over_score","5.0","model_avg_score","0.0","5.0","5.0","2.0","4.0","2.0","absolute_disagreement|within_question_outlier","1.0","True","5.0","0.0","0.0","0.0","0.0","POS","0.0","high","0.0","0.0","0.0","","","","","a*(b|c)*, a、b、c的个数大于等于0且a的个数是b和c的个数之和","data/csbench/student_images/POC_1/ANS_POC_345.jpg"
"POC_2","ANS_POC_18","P2","possible_teacher_over_score","2.0","model_avg_score","1.0","1.0","1.0","1.0","1.0","1.0","absolute_disagreement|within_question_outlier","0.0","False","5.0","1.0","1.0","1.0","1.0","BND","0.0","high","0.4","0.0","0.466667","rubric_mapping_risk","","","","2. 短语：A，（，（SaA），(b)，）.|直接短语：（，A，）|句柄：（SaA）","data/csbench/student_images/POC_2/ANS_POC_18.jpg"
"POC_2","ANS_POC_21","P2","possible_teacher_under_score","4.0","model_avg_score","5.0","-1.0","1.0","1.0","-1.0","1.0","absolute_disagreement|within_question_outlier","0.0","False","5.0","5.0","5.0","5.0","5.0","POS","0.0","high","0.0","0.0","0.266667","","","","","2. 短语：(A((SaA)(b)))，((SaA)(b)) (SaA) (b) | 直接短语：(SaA).(b). | 句柄：(SaA).(b).","data/csbench/student_images/POC_2/ANS_POC_21.jpg"
"POC_2","ANS_POC_32","P2","possible_teacher_over_score","5.0","model_avg_score","2.7","2.3","2.3","1.0","2.3","1.0","absolute_disagreement|within_question_outlier","0.0","False","5.0","2.7","2.7","2.7","2.7","BND","0.8498","high","0.1","1.0","0.333333","unstable_model_judgements","","","","解：短语：(a)，(SaA)，((SaA)(a) (A((SaA)(b))) | 直接短语：(a)，(SaA) | 句柄：(SaA)","data/csbench/student_images/POC_2/ANS_POC_32.jpg"
"POC_2","ANS_POC_37","P2","possible_teacher_over_score","5.0","model_avg_score","3.0","2.0","2.0","1.0","2.0","1.0","absolute_disagreement|within_question_outlier","0.0","False","5.0","3.0","3.0","2.0","2.0","BND","1.0801","high","0.0","1.0","0.266667","a3wa_changed_score_materially|unstable_model_judgements","","","","2. (A((SaA)(b)))是句型(A((SaA)(b)))关于s的短语；(SaA)是关于A的短语；(SaA)(b)是关于S的短语；(b)是关于S的短语。(SaA)是关于A的直接短语；(b)是关于S的直接短语。(b)是句柄；","data/csbench/student_images/POC_2/ANS_POC_37.jpg"
"POC_2","ANS_POC_41","P2","possible_teacher_over_score","4.0","model_avg_score","2.7","1.3","1.3","1.0","1.3","1.0","absolute_disagreement|within_question_outlier","0.0","False","5.0","2.7","2.7","3.2","3.2","BND","0.2357","high","0.2","0.5","0.333333","","","","","2. 直接短语：(b), 句柄：(b) 短语：(SaA),((saA)(b)),(A((SaA)(b))),(b)","data/csbench/student_images/POC_2/ANS_POC_41.jpg"
"POC_2","ANS_POC_52","P2","possible_teacher_under_score","2.0","model_avg_score","3.3","-1.3","1.3","1.0","-1.3","1.0","absolute_disagreement|within_question_outlier","0.0","False","5.0","3.3","3.3","3.3","3.3","BND","1.4337","high","0.2","1.0","0.533333","rubric_mapping_risk|unstable_model_judgements","","","","2. 短语：(SaA)，(b)，((SaA)(b))，(A((SaA)(b))) | 直接短语：无 | 句柄：无","data/csbench/student_images/POC_2/ANS_POC_52.jpg"
"POC_3","ANS_POC_236","P2","possible_teacher_under_score","1.0","model_avg_score","3.0","-2.0","2.0","2.0","-2.3","2.0","absolute_disagreement|within_question_outlier","0.3","False","5.0","3.0","3.0","2.0","2.0","BND","1.4142","high","0.0","1.0","0.2","a3wa_changed_score_materially|unstable_model_judgements","","","","短语：ac,aacb | 直接短语：ac | 句柄：ac","data/csbench/student_images/POC_3/ANS_POC_236.jpg"
"POC_3","ANS_POC_238","P2","possible_teacher_over_score","5.0","model_avg_score","2.3","2.7","2.7","2.0","2.4","2.0","absolute_disagreement|within_question_outlier","0.3","False","5.0","2.3","2.3","3.3","3.3","BND","1.6997","high","0.0","1.0","0.333333","a3wa_changed_score_materially|unstable_model_judgements","","","","短语：a a c b . a c . ε | 直接短语：ε | 句柄：ε","data/csbench/student_images/POC_3/ANS_POC_238.jpg"
"POC_3","ANS_POC_242","P1","possible_teacher_over_score","5.0","model_avg_score","3.0","2.0","2.0","2.0","1.7","2.0","absolute_disagreement","0.3","False","5.0","3.0","3.0","3.0","3.0","POS","0.0","high","0.0","0.0","0.0","","","","","3. 短语：aaεcd,aεc,ε | 直接短语：ε | 句柄：ε","data/csbench/student_images/POC_3/ANS_POC_242.jpg"
"POC_3","ANS_POC_249","P2","possible_teacher_under_score","1.0","model_avg_score","2.7","-1.7","1.7","2.0","-2.0","2.0","within_question_outlier","0.3","False","5.0","2.7","2.7","1.7","1.7","BND","1.6997","high","0.0","1.0","0.333333","a3wa_changed_score_materially|unstable_model_judgements","","","","3.短语：aacb 、ac | 直接短语：ac | 句柄：ac","data/csbench/student_images/POC_3/ANS_POC_249.jpg"
"POC_3","ANS_POC_250","P1","possible_teacher_over_score","2.0","model_avg_score","0.0","2.0","2.0","2.0","1.7","2.0","absolute_disagreement","0.3","False","5.0","0.0","0.0","0.0","0.0","POS","0.0","high","0.0","0.0","0.0","","","","","3. 短语：ε，aεc，aaεbc | 直接短语：ε，aεc，aaεcb | 句柄：ε，aSc，aSb","data/csbench/student_images/POC_3/ANS_POC_250.jpg"
"POC_3","ANS_POC_253","P1","possible_teacher_over_score","5.0","model_avg_score","3.0","2.0","2.0","2.0","1.7","2.0","absolute_disagreement","0.3","False","5.0","3.0","3.0","3.0","3.0","POS","0.0","high","0.0","0.0","0.0","","","","","短语：aaεcb
直接短语:ε 
句柄：ε","data/csbench/student_images/POC_3/ANS_POC_253.jpg"
"POC_3","ANS_POC_263","P2","possible_teacher_over_score","5.0","model_avg_score","1.6","3.4","3.4","2.0","3.1","2.0","absolute_disagreement|within_question_outlier","0.3","False","5.0","1.6","1.6","0.6","0.6","BND","1.5491","high","0.0","1.0","0.466667","rubric_mapping_risk|a3wa_changed_score_materially|unstable_model_judgements","","","","ε是S的短语，aεc是S的短语，aaεcb是S的短语，ε是S的直接短语及句柄","data/csbench/student_images/POC_3/ANS_POC_263.jpg"
"POC_3","ANS_POC_267","P2","possible_teacher_over_score","4.0","model_avg_score","1.0","3.0","3.0","2.0","2.7","2.0","absolute_disagreement|within_question_outlier","0.3","False","5.0","1.0","1.0","2.0","2.0","BND","1.4142","high","0.0","1.0","0.433333","rubric_mapping_risk|a3wa_changed_score_materially|unstable_model_judgements","","","","3. 短语：S->aacb S->aC S->ε 直接短语：S->ε 句柄：S->ε ","data/csbench/student_images/POC_3/ANS_POC_267.jpg"
"POC_3","ANS_POC_270","P2","possible_teacher_under_score","1.0","model_avg_score","2.7","-1.7","1.7","2.0","-2.0","2.0","within_question_outlier","0.3","False","5.0","2.7","2.7","2.7","2.7","BND","1.6997","high","0.0","1.0","0.466667","rubric_mapping_risk|unstable_model_judgements","","","","3. 短语：aacb，ac | 直接短语：ac |句柄：ac","data/csbench/student_images/POC_3/ANS_POC_270.jpg"
"POC_3","ANS_POC_278","P1","possible_teacher_over_score","5.0","model_avg_score","3.0","2.0","2.0","2.0","1.7","2.0","absolute_disagreement","0.3","False","5.0","3.0","3.0","3.0","3.0","POS","0.0","high","0.0","0.0","0.0","","","","","短语： a a c b , a c , ε 
直接短语 : ε 
句柄：ε ","data/csbench/student_images/POC_3/ANS_POC_278.jpg"
"POC_4","ANS_POC_101","P2","possible_teacher_over_score","5.0","model_avg_score","1.7","3.3","3.3","2.0","2.5","2.0","absolute_disagreement|within_question_outlier","0.8","False","5.0","1.7","1.7","0.7","0.7","BND","2.357","high","0.0","1.0","0.333333","a3wa_changed_score_materially|unstable_model_judgements","","","","G[S]：S→+ABC|+D | A→1|2|3|4|5|6|7|8|9 | B→BB'|ε | B'→0|1|2|3|4|5|6|7|8|9|ε | C→0|2|4|6|8 | D→2|4|6|8","data/csbench/student_images/POC_4/ANS_POC_101.jpg"
"POC_4","ANS_POC_107","P2","possible_teacher_over_score","5.0","model_avg_score","2.7","2.3","2.3","2.0","1.5","2.0","absolute_disagreement","0.8","False","5.0","2.7","2.7","1.7","1.7","BND","2.0548","high","0.0","1.0","0.666667","rubric_mapping_risk|a3wa_changed_score_materially|unstable_model_judgements","","","","4. 解: E=AB/C. | A=1/2/3/4/5/6/7/8/9 | B=0B'/1B'/...9B' | B'=0/2/4/6/8 | C=2/4/6/8 |
{x|x∈E}","data/csbench/student_images/POC_4/ANS_POC_107.jpg"
"POC_4","ANS_POC_109","P2","possible_teacher_over_score","5.0","model_avg_score","1.7","3.3","3.3","2.0","2.5","2.0","absolute_disagreement|within_question_outlier","0.8","False","5.0","1.7","1.7","0.7","0.7","BND","1.1785","high","0.0","1.0","0.333333","a3wa_changed_score_materially|unstable_model_judgements","","","","S→AB|E 
B→CB 
A→1|2|3|4|5|6|7|8|9 
C→0|1|2|3|4|5|6|7|8|9 
B→0|2|4|6|8 
E→2|4|6|8","data/csbench/student_images/POC_4/ANS_POC_109.jpg"
"POC_4","ANS_POC_111","P2","possible_teacher_under_score","2.0","model_avg_score","4.0","-2.0","2.0","2.0","-2.8","2.0","absolute_disagreement|within_question_outlier","0.8","False","5.0","4.0","4.0","3.0","3.0","BND","0.8165","high","0.0","1.0","0.333333","a3wa_changed_score_materially|unstable_model_judgements","","","","4. A→2|4|6|8 
B→A|1|3|5|7|9 C→A|0 D→DB 
S→A|DC
思想：1位：2、4、6、8 | 2位及以上：个位为0、2、4、6、8 | 十位及以上为1、2、3、4、5、6、7、8、9","data/csbench/student_images/POC_4/ANS_POC_111.jpg"
"POC_4","ANS_POC_115","P2","possible_teacher_over_score","4.0","model_avg_score","1.7","2.3","2.3","2.0","1.5","2.0","absolute_disagreement","0.8","False","5.0","1.7","1.7","0.7","0.7","BND","2.357","high","0.0","1.0","0.333333","a3wa_changed_score_materially|unstable_model_judgements","","","","S→ACB | A→1|2|3|4|5|6|7|8|9 | B→0|2|4|6|8 | C→0C|AC","data/csbench/student_images/POC_4/ANS_POC_115.jpg"
"POC_4","ANS_POC_118","P2","possible_teacher_over_score","4.0","model_avg_score","0.7","3.3","3.3","2.0","2.5","2.0","absolute_disagreement|within_question_outlier","0.8","False","5.0","0.7","0.7","0.7","0.7","BND","0.9428","high","0.0","1.0","0.333333","unstable_model_judgements","","","","4. G[S]：S→TED | T→1|2|…|9 | E→EE|0|1|2|3|…|9 | D→0|2|4|6|8","data/csbench/student_images/POC_4/ANS_POC_118.jpg"
"POC_4","ANS_POC_66","P2","possible_teacher_over_score","3.0","model_avg_score","0.8","2.2","2.2","2.0","1.4","2.0","absolute_disagreement","0.8","False","5.0","0.8","0.8","0.8","0.8","BND","1.1785","high","0.0","1.0","0.333333","unstable_model_judgements","","","","4.解：S→AB|B 
A→AB|1|2|3|4|5|6|7|8|9 
B→2|4|6|8","data/csbench/student_images/POC_4/ANS_POC_66.jpg"
"POC_4","ANS_POC_68","P2","possible_teacher_over_score","4.0","model_avg_score","1.3","2.7","2.7","2.0","1.9","2.0","absolute_disagreement","0.8","False","5.0","1.3","1.3","2.3","2.3","BND","1.0274","high","0.0","1.0","0.333333","a3wa_changed_score_materially|unstable_model_judgements","","","","答：C[S]:A→2|4|6|8|0 |  B→1|2|3|4|5|6|7|8|9 
 C→0|B|CC|Σ
 S→ B C A|A","data/csbench/student_images/POC_4/ANS_POC_68.jpg"
"POC_4","ANS_POC_71","P2","possible_teacher_over_score","5.0","model_avg_score","2.7","2.3","2.3","2.0","1.5","2.0","absolute_disagreement","0.8","False","5.0","2.7","2.7","2.7","2.7","BND","2.0548","high","0.0","1.0","0.666667","rubric_mapping_risk|unstable_model_judgements","","","","4. G[S]：S→S₁|S₂  //S₁为奇数，S₂为多位数。
S₁→2|4|6|8 
S₂→ABC //A为首位，C为末位 
A→1|2|3|4|5|6|7|8|9
B→DB|ε
C→2|4|6|8|0 
D→0|1|2|3|4|5|6|7|8|9 ","data/csbench/student_images/POC_4/ANS_POC_71.jpg"
"POC_4","ANS_POC_73","P2","possible_teacher_over_score","5.0","model_avg_score","2.3","2.7","2.7","2.0","1.9","2.0","absolute_disagreement","0.8","False","5.0","2.3","2.3","2.3","2.3","BND","1.8409","high","0.0","1.0","0.333333","unstable_model_judgements","","","","4. G[s]：S→A | S→BMD | M→MC|C|ε | A→2|4|6|8（正偶数） | B→1|2|3|4|5|6|7|8|9（非0数） | C→0|1|2|3|4|5|6|7|8|9（任意数） | D→0|2|4|6|8（偶数） | S可以是个任意正偶数，或是非0数+任意个任意数+偶数","data/csbench/student_images/POC_4/ANS_POC_73.jpg"
"POC_4","ANS_POC_80","P2","possible_teacher_under_score","2.0","model_avg_score","3.2","-1.2","1.2","2.0","-2.0","2.0","within_question_outlier","0.8","False","5.0","3.2","3.2","2.6","2.6","BND","0.6236","high","0.0","1.0","0.0","a3wa_changed_score_materially|unstable_model_judgements","","","","4. G[S]：S→AB | A→1|2|…||9|ε | B→DB|C | D→0|1|2|…|9| | C→2|4|6|8","data/csbench/student_images/POC_4/ANS_POC_80.jpg"
"POC_4","ANS_POC_82","P1","possible_teacher_over_score","4.0","model_avg_score","0.0","4.0","4.0","2.0","3.2","2.0","absolute_disagreement|within_question_outlier","0.8","False","5.0","0.0","0.0","0.0","0.0","POS","0.0","high","0.0","0.0","0.0","","","","","S→C|BDC | A→0|1|2|3|4|5|6|7|8|9 | B→1|2|3|4|5|4|7|8|9 | D→A|AD|ε | C→2|4|6|8","data/csbench/student_images/POC_4/ANS_POC_82.jpg"
"POC_4","ANS_POC_85","P1","possible_teacher_over_score","4.0","model_avg_score","0.0","4.0","4.0","2.0","3.2","2.0","absolute_disagreement|within_question_outlier","0.8","False","5.0","0.0","0.0","0.0","0.0","POS","0.0","high","0.0","0.0","0.0","","","","","4. 2型文法，即上下无关文法
G[S]:S→B|DA|DCA
A→0|2|4|6|8
B→2|4|6|8|B
C→0|1|2|3|4|5|6|7|8|9|C
D→|2|3|4|5|6|7|8|9|D","data/csbench/student_images/POC_4/ANS_POC_85.jpg"
"POC_4","ANS_POC_87","P2","possible_teacher_under_score","2.0","model_avg_score","3.2","-1.2","1.2","2.0","-2.0","2.0","within_question_outlier","0.8","False","5.0","3.2","3.2","2.2","2.2","BND","1.3123","high","0.0","1.0","0.333333","a3wa_changed_score_materially|unstable_model_judgements","","","","G[s]: S→(2|4|6|8)AB)|C | A→((0|1|2|3|4|5|6|7|8|9|ε)A)|(0|1|2|3|4|5|6|7|8|9) | B→0|2|4|6|8
C→2|4|6|8","data/csbench/student_images/POC_4/ANS_POC_87.jpg"
"POC_4","ANS_POC_90","P1","possible_teacher_under_score","2.0","model_avg_score","5.0","-3.0","3.0","2.0","-3.8","2.0","absolute_disagreement|within_question_outlier","0.8","False","5.0","5.0","5.0","5.0","5.0","POS","0.0","high","0.0","0.0","0.0","","","","","解：定义文法G[S]：S→1A|2A|3A|4A|5A|6A|7A|8A|9A
A→(0,1,2,3,4,5,6,7,8,9)*B
B→0|2|4|6|8","data/csbench/student_images/POC_4/ANS_POC_90.jpg"
"POC_4","ANS_POC_92","P1","possible_teacher_over_score","2.0","model_avg_score","0.0","2.0","2.0","2.0","1.2","2.0","absolute_disagreement","0.8","False","5.0","0.0","0.0","0.0","0.0","POS","0.0","high","0.0","0.0","0.0","","","","","4. 文法为 +( 1 1 2 1 3 1 4 1 5 1 6 1 7 1 8 1 9)(0 1 1 2 1 3 1 4 1 5 1 6 1 7 1 8 1 9)* (2 1 4 1 6 1 8 10) 
GESJ: 
S->DAB*C 
 A -> 1 1 2 1 3 1 4 1 5 1 6 1 7 1 8 1 9 
 B ->0 1 1 1 2 1 3 1 4 1 5 1 6 1 7 1 8 1 9  
 C -> 2 1 4 1 6 1 8 1 0.    D -> +.","data/csbench/student_images/POC_4/ANS_POC_92.jpg"
"POC_4","ANS_POC_93","P1","possible_teacher_over_score","3.0","model_avg_score","0.0","3.0","3.0","2.0","2.2","2.0","absolute_disagreement|within_question_outlier","0.8","False","5.0","0.0","0.0","0.0","0.0","POS","0.0","high","0.0","0.0","0.333333","","","","","4.解： A→BC|B0|C | B → BC| B → 1|2|3|4|5|6|7|8|9 | C → 2|4|6|8","data/csbench/student_images/POC_4/ANS_POC_93.jpg"
"POC_4","ANS_POC_97","P2","possible_teacher_over_score","5.0","model_avg_score","1.7","3.3","3.3","2.0","2.5","2.0","absolute_disagreement|within_question_outlier","0.8","False","5.0","1.7","1.7","0.7","0.7","BND","2.357","high","0.0","1.0","0.333333","a3wa_changed_score_materially|unstable_model_judgements","","","","S→+AC|+B | B→2|4|6|8 | C→0|B | A→1|2|3|4|5|6|7|8|9 | D→0|A","data/csbench/student_images/POC_4/ANS_POC_97.jpg"
"POC_5","ANS_POC_136","P2","possible_teacher_over_score","5.0","model_avg_score","2.7","2.3","2.3","2.0","2.1","2.0","absolute_disagreement|within_question_outlier","0.2","False","5.0","2.7","2.7","3.7","3.7","BND","1.4337","high","0.0","1.0","0.366667","a3wa_changed_score_materially|unstable_model_judgements","","","","如图所示","data/csbench/student_images/POC_5/ANS_POC_136.jpg"
"POC_5","ANS_POC_159","P2","possible_teacher_over_score","4.0","model_avg_score","2.0","2.0","2.0","2.0","1.8","2.0","absolute_disagreement","0.2","False","5.0","2.0","2.0","2.0","2.0","BND","1.4142","high","0.0","1.0","0.333333","unstable_model_judgements","","","","如图所示","data/csbench/student_images/POC_5/ANS_POC_159.jpg"
"POC_6","ANS_POC_183","P2","possible_teacher_over_score","10.0","model_avg_score","1.8","8.2","8.2","2.5","6.3","2.5","absolute_disagreement|within_question_outlier","1.9","True","10.0","1.8","1.8","1.8","1.8","BND","0.8498","high","0.25","1.0","0.533333","rubric_mapping_risk","","","","S-属性文法 | 如图所示","data/csbench/student_images/POC_6/ANS_POC_183.jpg"
"POC_6","ANS_POC_185","P2","possible_teacher_over_score","10.0","model_avg_score","4.9","5.1","5.1","2.5","3.2","2.5","absolute_disagreement|within_question_outlier","1.9","True","10.0","4.9","4.9","5.4","5.4","BND","1.2304","high","0.25","1.0","0.383333","unstable_model_judgements","","","","G5为S属性文法 | 如图所示","data/csbench/student_images/POC_6/ANS_POC_185.jpg"
"POC_6","ANS_POC_188","P2","possible_teacher_over_score","10.0","model_avg_score","5.8","4.2","4.2","2.5","2.3","2.5","absolute_disagreement","1.9","True","10.0","5.8","5.8","6.05","6.05","BND","0.6236","high","0.25","0.75","0.491667","rubric_mapping_risk","","","","1.该文法为S型文法 | 2.如图所示","data/csbench/student_images/POC_6/ANS_POC_188.jpg"
"POC_6","ANS_POC_189","P2","possible_teacher_over_score","5.0","model_avg_score","1.5","3.5","3.5","2.5","1.6","2.5","absolute_disagreement","1.9","True","10.0","1.5","1.5","0.25","0.25","BND","1.0801","high","0.25","1.0","0.25","a3wa_changed_score_materially|unstable_model_judgements","","","","2型文法 | 如图所示","data/csbench/student_images/POC_6/ANS_POC_189.jpg"
"POC_6","ANS_POC_193","P1","possible_teacher_over_score","5.0","model_avg_score","2.0","3.0","3.0","2.5","1.1","2.5","absolute_disagreement","1.9","True","10.0","2.0","2.0","2.0","2.0","BND","1.0","high","0.25","1.0","0.25","","","","","1. 二型文法(上下文无关) | 2. 如图所示","data/csbench/student_images/POC_6/ANS_POC_193.jpg"
"POC_6","ANS_POC_195","P1","possible_teacher_over_score","5.0","model_avg_score","0.3","4.7","4.7","2.5","2.8","2.5","absolute_disagreement|within_question_outlier","1.9","True","10.0","0.3","0.3","0.0","0.0","BND","0.4714","high","0.0","0.5","0.29","","","","","1. 如图所示 | 2.如图所示","data/csbench/student_images/POC_6/ANS_POC_195.jpg"
"POC_6","ANS_POC_197","P2","possible_teacher_under_score","2.0","model_avg_score","3.3","-1.3","1.3","2.5","-3.2","2.5","within_question_outlier","1.9","True","10.0","3.3","3.3","4.8","4.8","BND","0.6236","high","0.125","0.75","0.3","a3wa_changed_score_materially","","","","1.LR(0)型 | 2.如图所示","data/csbench/student_images/POC_6/ANS_POC_197.jpg"
"POC_6","ANS_POC_198","P2","possible_teacher_over_score","10.0","model_avg_score","5.3","4.7","4.7","2.5","2.8","2.5","absolute_disagreement|within_question_outlier","1.9","True","10.0","5.3","5.3","6.3","6.3","BND","3.118","high","0.25","1.0","0.383333","unstable_model_judgements","","","","1.G5只有综合属性S.X.A.X ∴G5是S-属性文法.
2.如图所示","data/csbench/student_images/POC_6/ANS_POC_198.jpg"
"POC_6","ANS_POC_203","P2","possible_teacher_over_score","10.0","model_avg_score","4.5","5.5","5.5","2.5","3.6","2.5","absolute_disagreement|within_question_outlier","1.9","True","10.0","4.5","4.5","5.5","5.5","BND","1.0801","high","0.0","1.0","0.033333","unstable_model_judgements","","","","1.是S属性文法 只有继承属性没有综合属性 | 2.如图所示","data/csbench/student_images/POC_6/ANS_POC_203.jpg"
"POC_6","ANS_POC_206","P2","possible_teacher_under_score","0.0","model_avg_score","6.8","-6.8","6.8","2.5","-8.7","2.5","absolute_disagreement|within_question_outlier","1.9","True","10.0","6.8","6.8","8.3","8.3","BND","1.0274","high","0.0","1.0","0.083333","a3wa_changed_score_materially|unstable_model_judgements","","","","1.继承 | 2.如图所示","data/csbench/student_images/POC_6/ANS_POC_206.jpg"
"POC_6","ANS_POC_207","P2","possible_teacher_over_score","10.0","model_avg_score","2.0","8.0","8.0","2.5","6.1","2.5","absolute_disagreement|within_question_outlier","1.9","True","10.0","2.0","2.0","2.0","2.0","BND","0.7071","high","0.25","0.75","0.408333","rubric_mapping_risk","","","","该属性文法。G5[S]为S-属性文法。 | 如图所示","data/csbench/student_images/POC_6/ANS_POC_207.jpg"
"POC_6","ANS_POC_208","P2","possible_teacher_over_score","10.0","model_avg_score","4.6","5.4","5.4","2.5","3.5","2.5","absolute_disagreement|within_question_outlier","1.9","True","10.0","4.6","4.6","2.6","2.6","BND","0.5893","high","0.0","0.625","0.083333","a3wa_changed_score_materially","","","","G5为S-属性文法，其只含综合属性X | 如图所示","data/csbench/student_images/POC_6/ANS_POC_208.jpg"
"POC_6","ANS_POC_211","P1","possible_teacher_over_score","10.0","model_avg_score","6.0","4.0","4.0","2.5","2.1","2.5","absolute_disagreement","1.9","True","10.0","6.0","6.0","6.0","6.0","BND","0.0","high","0.25","0.0","0.25","","","","","A.x,S,x为符号属性，GS为S属性文法 | 如图所示","data/csbench/student_images/POC_6/ANS_POC_211.jpg"
"POC_6","ANS_POC_215","P2","possible_teacher_over_score","10.0","model_avg_score","6.5","3.5","3.5","2.5","1.6","2.5","absolute_disagreement","1.9","True","10.0","6.5","6.5","7.5","7.5","BND","0.8165","high","0.25","1.0","0.416667","rubric_mapping_risk","","","","S、x，A、λ都为综合属性 G5为S-文法。 | 如图所示","data/csbench/student_images/POC_6/ANS_POC_215.jpg"
"POC_6","ANS_POC_218","P1","possible_teacher_over_score","10.0","model_avg_score","6.2","3.8","3.8","2.5","1.9","2.5","absolute_disagreement","1.9","True","10.0","6.2","6.2","6.2","6.2","BND","0.8498","high","0.25","1.0","0.333333","","","","","1. ∵S.x、A.x均为综合属性. ∴G5是S-属性文法 | 2.如图所示","data/csbench/student_images/POC_6/ANS_POC_218.jpg"
"POC_6","ANS_POC_219","P1","possible_teacher_over_score","5.0","model_avg_score","2.5","2.5","2.5","2.5","0.6","2.5","absolute_disagreement","1.9","True","10.0","2.5","2.5","2.5","2.5","BND","0.0","high","0.25","0.0","0.383333","","","","","S-属性文法. | 如图所示","data/csbench/student_images/POC_6/ANS_POC_219.jpg"
"POC_6","ANS_POC_220","P2","possible_teacher_over_score","10.0","model_avg_score","4.3","5.7","5.7","2.5","3.8","2.5","absolute_disagreement|within_question_outlier","1.9","True","10.0","4.3","4.3","5.3","5.3","BND","0.6236","high","0.25","0.75","0.416667","rubric_mapping_risk","","","","1. S.x和A.x都是综合属性∴G5是S-属性类型 | 2. 如图所示","data/csbench/student_images/POC_6/ANS_POC_220.jpg"
"POC_6","ANS_POC_222","P2","possible_teacher_over_score","10.0","model_avg_score","5.3","4.7","4.7","2.5","2.8","2.5","absolute_disagreement|within_question_outlier","1.9","True","10.0","5.3","5.3","5.8","5.8","BND","1.0274","high","0.25","1.0","0.333333","unstable_model_judgements","","","","计算的属性都是综合属性，故为S-属性文法. | 如图所示","data/csbench/student_images/POC_6/ANS_POC_222.jpg"
"POC_6","ANS_POC_224","P2","possible_teacher_over_score","10.0","model_avg_score","4.8","5.2","5.2","2.5","3.3","2.5","absolute_disagreement|within_question_outlier","1.9","True","10.0","4.8","4.8","6.8","6.8","BND","1.8409","high","0.25","1.0","0.35","a3wa_changed_score_materially|unstable_model_judgements","","","","S-属性文法 | 如图所示","data/csbench/student_images/POC_6/ANS_POC_224.jpg"
"POC_6","ANS_POC_226","P2","possible_teacher_under_score","2.0","model_avg_score","3.5","-1.5","1.5","2.5","-3.4","2.5","within_question_outlier","1.9","True","10.0","3.5","3.5","1.5","1.5","BND","1.2222","high","0.125","1.0","0.3","a3wa_changed_score_materially|unstable_model_judgements","","","","1) 兼容 三型文法 | 2) 弱合 三型 | 3) 强求 三型 | 4) 为综合 =型 |Select(A→S)={a,c},select(A→A')={a,c,follow(A)} ∴select(A→A')∩select(A→S)≠φ ∴不为L(1)文法 
2. 如图所示","data/csbench/student_images/POC_6/ANS_POC_226.jpg"
"POC_6","ANS_POC_227","P1","possible_teacher_over_score","6.0","model_avg_score","2.4","3.6","3.6","2.5","1.7","2.5","absolute_disagreement","1.9","True","10.0","2.4","2.4","2.4","2.4","BND","0.4249","high","0.25","0.5","0.325","","","","","1.S－属性文法 | 2. 如图所示","data/csbench/student_images/POC_6/ANS_POC_227.jpg"
"POC_6","ANS_POC_228","P2","possible_teacher_under_score","2.0","model_avg_score","6.1","-4.1","4.1","2.5","-6.0","2.5","absolute_disagreement|within_question_outlier","1.9","True","10.0","6.1","6.1","6.1","6.1","BND","2.2529","high","0.0","1.0","0.258333","unstable_model_judgements","","","","1.乔姆斯基1型文法 | 2.如图所示","data/csbench/student_images/POC_6/ANS_POC_228.jpg"
"POC_6","ANS_POC_229","P2","possible_teacher_over_score","10.0","model_avg_score","5.9","4.1","4.1","2.5","2.2","2.5","absolute_disagreement","1.9","True","10.0","5.9","5.9","7.15","7.15","BND","0.6562","high","0.25","0.75","0.333333","a3wa_changed_score_materially","","","","1.G5是一个S属性文法，因为S.x，A.x都是对应的综合属性 
| 2.标注语法树：如图所示","data/csbench/student_images/POC_6/ANS_POC_229.jpg"
"POC_6","ANS_POC_230","P2","possible_teacher_over_score","10.0","model_avg_score","3.8","6.2","6.2","2.5","4.3","2.5","absolute_disagreement|within_question_outlier","1.9","True","10.0","3.8","3.8","3.8","3.8","BND","0.8498","high","0.25","1.0","0.433333","rubric_mapping_risk","","","","S-属性文法 | 如图所示","data/csbench/student_images/POC_6/ANS_POC_230.jpg"
"POC_6","ANS_POC_231","P1","possible_teacher_over_score","10.0","model_avg_score","4.5","5.5","5.5","2.5","3.6","2.5","absolute_disagreement|within_question_outlier","1.9","True","10.0","4.5","4.5","4.5","4.5","BND","0.8165","high","0.25","1.0","0.25","","","","","1.属性文法G5[S]为S属性文法，且为2型文法.|2.如图所示","data/csbench/student_images/POC_6/ANS_POC_231.jpg"
"POC_6","ANS_POC_232","P1","possible_teacher_over_score","10.0","model_avg_score","7.5","2.5","2.5","2.5","0.6","2.5","absolute_disagreement","1.9","True","10.0","7.5","7.5","8.5","8.5","BND","0.7071","high","0.0","0.75","0.166667","","","","","1.S.x和A.x都是综合属性且该文法中无继承属性所以G5为S-属性文法 | 2.如图所示","data/csbench/student_images/POC_6/ANS_POC_232.jpg"
"POC_6","ANS_POC_233","P2","possible_teacher_over_score","5.0","model_avg_score","1.5","3.5","3.5","2.5","1.6","2.5","absolute_disagreement","1.9","True","10.0","1.5","1.5","2.5","2.5","BND","1.0801","high","0.4","1.0","0.483333","rubric_mapping_risk|unstable_model_judgements","","","","1.由S→aAb，G5[S]非正规文法，而左侧均为单个非终结符，右侧为V*，故G5[S]为2型文法.|2.如图所示","data/csbench/student_images/POC_6/ANS_POC_233.jpg"
